!SESSION 2025-03-22 17:13:15.024 -----------------------------------------------
eclipse.buildId=4.18.0.202303131455
java.version=17.0.6
java.vendor=Eclipse Adoptium
BootLoader constants: OS=win32, ARCH=x86_64, WS=win32, NL=ko_KR
Framework arguments:  -product org.springframework.boot.ide.branding.sts4
Command-line arguments:  -os win32 -ws win32 -arch x86_64 -product org.springframework.boot.ide.branding.sts4

This is a continuation of log file C:\sist1226\javacoding\.metadata\.bak_0.log
Created Time: 2025-03-31 22:23:25.925

!ENTRY org.eclipse.jdt.ui 4 2 2025-03-31 22:23:25.926
!MESSAGE Problems occurred when invoking code from plug-in: "org.eclipse.jdt.ui".
!STACK 0
java.lang.IllegalArgumentException
	at org.eclipse.jdt.core.dom.InfixExpression.setOperator(InfixExpression.java:383)
	at org.eclipse.jdt.core.dom.ASTConverter.convert(ASTConverter.java:1287)
	at org.eclipse.jdt.core.dom.ASTConverter.convert(ASTConverter.java:2047)
	at org.eclipse.jdt.core.dom.ASTConverter.convertToParenthesizedExpression(ASTConverter.java:3882)
	at org.eclipse.jdt.core.dom.ASTConverter.convert(ASTConverter.java:1953)
	at org.eclipse.jdt.core.dom.ASTConverter.convert(ASTConverter.java:1204)
	at org.eclipse.jdt.core.dom.ASTConverter.convert(ASTConverter.java:1990)
	at org.eclipse.jdt.core.dom.ASTConverter.convert(ASTConverter.java:3124)
	at org.eclipse.jdt.core.dom.ASTConverter.convert(ASTConverter.java:1383)
	at org.eclipse.jdt.core.dom.ASTConverter.convert(ASTConverter.java:3042)
	at org.eclipse.jdt.core.dom.ASTConverter.convert(ASTConverter.java:3533)
	at org.eclipse.jdt.core.dom.ASTConverter.convert(ASTConverter.java:3116)
	at org.eclipse.jdt.core.dom.ASTConverter.convert(ASTConverter.java:1383)
	at org.eclipse.jdt.core.dom.ASTConverter.convert(ASTConverter.java:3042)
	at org.eclipse.jdt.core.dom.ASTConverter.convert(ASTConverter.java:2268)
	at org.eclipse.jdt.core.dom.ASTConverter.convert(ASTConverter.java:3066)
	at org.eclipse.jdt.core.dom.ASTConverter.convert(ASTConverter.java:1383)
	at org.eclipse.jdt.core.dom.ASTConverter.convert(ASTConverter.java:3042)
	at org.eclipse.jdt.core.dom.ASTConverter.convert(ASTConverter.java:2168)
	at org.eclipse.jdt.core.dom.ASTConverter.convert(ASTConverter.java:3032)
	at org.eclipse.jdt.core.dom.ASTConverter.convert(ASTConverter.java:751)
	at org.eclipse.jdt.core.dom.ASTConverter.buildBodyDeclarations(ASTConverter.java:208)
	at org.eclipse.jdt.core.dom.ASTConverter.convert(ASTConverter.java:3419)
	at org.eclipse.jdt.core.dom.ASTConverter.convert(ASTConverter.java:1534)
	at org.eclipse.jdt.core.dom.AST.convertCompilationUnit(AST.java:561)
	at org.eclipse.jdt.internal.core.CompilationUnit.buildStructure(CompilationUnit.java:201)
	at org.eclipse.jdt.internal.core.Openable.generateInfos(Openable.java:266)
	at org.eclipse.jdt.internal.core.JavaElement.openWhenClosed(JavaElement.java:597)
	at org.eclipse.jdt.internal.core.CompilationUnit.makeConsistent(CompilationUnit.java:1148)
	at org.eclipse.jdt.internal.core.ReconcileWorkingCopyOperation.makeConsistent(ReconcileWorkingCopyOperation.java:173)
	at org.eclipse.jdt.internal.core.ReconcileWorkingCopyOperation.executeOperation(ReconcileWorkingCopyOperation.java:94)
	at org.eclipse.jdt.internal.core.JavaModelOperation.run(JavaModelOperation.java:740)
	at org.eclipse.jdt.internal.core.JavaModelOperation.runOperation(JavaModelOperation.java:806)
	at org.eclipse.jdt.internal.core.CompilationUnit.reconcile(CompilationUnit.java:1325)
	at org.eclipse.jdt.internal.ui.text.java.JavaReconcilingStrategy.reconcile(JavaReconcilingStrategy.java:132)
	at org.eclipse.jdt.internal.ui.text.java.JavaReconcilingStrategy$1.run(JavaReconcilingStrategy.java:94)
	at org.eclipse.core.runtime.SafeRunner.run(SafeRunner.java:45)
	at org.eclipse.jdt.internal.ui.text.java.JavaReconcilingStrategy.reconcile(JavaReconcilingStrategy.java:91)
	at org.eclipse.jdt.internal.ui.text.java.JavaReconcilingStrategy.reconcile(JavaReconcilingStrategy.java:158)
	at org.eclipse.jdt.internal.ui.text.CompositeReconcilingStrategy.reconcile(CompositeReconcilingStrategy.java:94)
	at org.eclipse.jdt.internal.ui.text.JavaCompositeReconcilingStrategy.reconcile(JavaCompositeReconcilingStrategy.java:107)
	at org.eclipse.jface.text.reconciler.MonoReconciler.process(MonoReconciler.java:78)
	at org.eclipse.jface.text.reconciler.AbstractReconciler$BackgroundThread.run(AbstractReconciler.java:207)

!ENTRY org.eclipse.jdt.ui 4 0 2025-03-31 22:23:25.927
!MESSAGE Error in JDT Core during reconcile
!STACK 0
java.lang.IllegalArgumentException
	at org.eclipse.jdt.core.dom.InfixExpression.setOperator(InfixExpression.java:383)
	at org.eclipse.jdt.core.dom.ASTConverter.convert(ASTConverter.java:1287)
	at org.eclipse.jdt.core.dom.ASTConverter.convert(ASTConverter.java:2047)
	at org.eclipse.jdt.core.dom.ASTConverter.convertToParenthesizedExpression(ASTConverter.java:3882)
	at org.eclipse.jdt.core.dom.ASTConverter.convert(ASTConverter.java:1953)
	at org.eclipse.jdt.core.dom.ASTConverter.convert(ASTConverter.java:1204)
	at org.eclipse.jdt.core.dom.ASTConverter.convert(ASTConverter.java:1990)
	at org.eclipse.jdt.core.dom.ASTConverter.convert(ASTConverter.java:3124)
	at org.eclipse.jdt.core.dom.ASTConverter.convert(ASTConverter.java:1383)
	at org.eclipse.jdt.core.dom.ASTConverter.convert(ASTConverter.java:3042)
	at org.eclipse.jdt.core.dom.ASTConverter.convert(ASTConverter.java:3533)
	at org.eclipse.jdt.core.dom.ASTConverter.convert(ASTConverter.java:3116)
	at org.eclipse.jdt.core.dom.ASTConverter.convert(ASTConverter.java:1383)
	at org.eclipse.jdt.core.dom.ASTConverter.convert(ASTConverter.java:3042)
	at org.eclipse.jdt.core.dom.ASTConverter.convert(ASTConverter.java:2268)
	at org.eclipse.jdt.core.dom.ASTConverter.convert(ASTConverter.java:3066)
	at org.eclipse.jdt.core.dom.ASTConverter.convert(ASTConverter.java:1383)
	at org.eclipse.jdt.core.dom.ASTConverter.convert(ASTConverter.java:3042)
	at org.eclipse.jdt.core.dom.ASTConverter.convert(ASTConverter.java:2168)
	at org.eclipse.jdt.core.dom.ASTConverter.convert(ASTConverter.java:3032)
	at org.eclipse.jdt.core.dom.ASTConverter.convert(ASTConverter.java:751)
	at org.eclipse.jdt.core.dom.ASTConverter.buildBodyDeclarations(ASTConverter.java:208)
	at org.eclipse.jdt.core.dom.ASTConverter.convert(ASTConverter.java:3419)
	at org.eclipse.jdt.core.dom.ASTConverter.convert(ASTConverter.java:1534)
	at org.eclipse.jdt.core.dom.AST.convertCompilationUnit(AST.java:561)
	at org.eclipse.jdt.internal.core.CompilationUnit.buildStructure(CompilationUnit.java:201)
	at org.eclipse.jdt.internal.core.Openable.generateInfos(Openable.java:266)
	at org.eclipse.jdt.internal.core.JavaElement.openWhenClosed(JavaElement.java:597)
	at org.eclipse.jdt.internal.core.CompilationUnit.makeConsistent(CompilationUnit.java:1148)
	at org.eclipse.jdt.internal.core.ReconcileWorkingCopyOperation.makeConsistent(ReconcileWorkingCopyOperation.java:173)
	at org.eclipse.jdt.internal.core.ReconcileWorkingCopyOperation.executeOperation(ReconcileWorkingCopyOperation.java:94)
	at org.eclipse.jdt.internal.core.JavaModelOperation.run(JavaModelOperation.java:740)
	at org.eclipse.jdt.internal.core.JavaModelOperation.runOperation(JavaModelOperation.java:806)
	at org.eclipse.jdt.internal.core.CompilationUnit.reconcile(CompilationUnit.java:1325)
	at org.eclipse.jdt.internal.ui.text.java.JavaReconcilingStrategy.reconcile(JavaReconcilingStrategy.java:132)
	at org.eclipse.jdt.internal.ui.text.java.JavaReconcilingStrategy$1.run(JavaReconcilingStrategy.java:94)
	at org.eclipse.core.runtime.SafeRunner.run(SafeRunner.java:45)
	at org.eclipse.jdt.internal.ui.text.java.JavaReconcilingStrategy.reconcile(JavaReconcilingStrategy.java:91)
	at org.eclipse.jdt.internal.ui.text.java.JavaReconcilingStrategy.reconcile(JavaReconcilingStrategy.java:158)
	at org.eclipse.jdt.internal.ui.text.CompositeReconcilingStrategy.reconcile(CompositeReconcilingStrategy.java:94)
	at org.eclipse.jdt.internal.ui.text.JavaCompositeReconcilingStrategy.reconcile(JavaCompositeReconcilingStrategy.java:107)
	at org.eclipse.jface.text.reconciler.MonoReconciler.process(MonoReconciler.java:78)
	at org.eclipse.jface.text.reconciler.AbstractReconciler$BackgroundThread.run(AbstractReconciler.java:207)

!ENTRY org.eclipse.jdt.core 4 4 2025-03-31 22:23:26.086
!MESSAGE Exception occurred during compilation unit conversion:
----------------------------------- SOURCE BEGIN -------------------------------------
package _250331;

public class _1로_만들기 {

	public static void main(String[] args) {
		// TODO Auto-generated method stub
		int[] num_list = {12, 4, 15, 1, 14};
		int answer = 0;
		int na =0;
		
		for(int num : num_list) {
			if(num%2 ==0) {
				while(num ==1) {
				na	 num/2 
				}
				
//				num/=2;
//				if(num ==1) {
//					answer++;
//				}
				
			}else {
				
				
			}
		}
		System.out.println(answer);
	}

}

----------------------------------- SOURCE END -------------------------------------
!STACK 0
java.lang.IllegalArgumentException
	at org.eclipse.jdt.core.dom.InfixExpression.setOperator(InfixExpression.java:383)
	at org.eclipse.jdt.core.dom.ASTConverter.convert(ASTConverter.java:1287)
	at org.eclipse.jdt.core.dom.ASTConverter.convert(ASTConverter.java:2047)
	at org.eclipse.jdt.core.dom.ASTConverter.convertToParenthesizedExpression(ASTConverter.java:3882)
	at org.eclipse.jdt.core.dom.ASTConverter.convert(ASTConverter.java:1953)
	at org.eclipse.jdt.core.dom.ASTConverter.convert(ASTConverter.java:1204)
	at org.eclipse.jdt.core.dom.ASTConverter.convert(ASTConverter.java:1990)
	at org.eclipse.jdt.core.dom.ASTConverter.convert(ASTConverter.java:3124)
	at org.eclipse.jdt.core.dom.ASTConverter.convert(ASTConverter.java:1383)
	at org.eclipse.jdt.core.dom.ASTConverter.convert(ASTConverter.java:3042)
	at org.eclipse.jdt.core.dom.ASTConverter.convert(ASTConverter.java:3533)
	at org.eclipse.jdt.core.dom.ASTConverter.convert(ASTConverter.java:3116)
	at org.eclipse.jdt.core.dom.ASTConverter.convert(ASTConverter.java:1383)
	at org.eclipse.jdt.core.dom.ASTConverter.convert(ASTConverter.java:3042)
	at org.eclipse.jdt.core.dom.ASTConverter.convert(ASTConverter.java:2268)
	at org.eclipse.jdt.core.dom.ASTConverter.convert(ASTConverter.java:3066)
	at org.eclipse.jdt.core.dom.ASTConverter.convert(ASTConverter.java:1383)
	at org.eclipse.jdt.core.dom.ASTConverter.convert(ASTConverter.java:3042)
	at org.eclipse.jdt.core.dom.ASTConverter.convert(ASTConverter.java:2168)
	at org.eclipse.jdt.core.dom.ASTConverter.convert(ASTConverter.java:3032)
	at org.eclipse.jdt.core.dom.ASTConverter.convert(ASTConverter.java:751)
	at org.eclipse.jdt.core.dom.ASTConverter.buildBodyDeclarations(ASTConverter.java:208)
	at org.eclipse.jdt.core.dom.ASTConverter.convert(ASTConverter.java:3419)
	at org.eclipse.jdt.core.dom.ASTConverter.convert(ASTConverter.java:1534)
	at org.eclipse.jdt.core.dom.CompilationUnitResolver.convert(CompilationUnitResolver.java:344)
	at org.eclipse.jdt.core.dom.ASTParser.internalCreateAST(ASTParser.java:1272)
	at org.eclipse.jdt.core.dom.ASTParser.createAST(ASTParser.java:868)
	at org.eclipse.jdt.core.manipulation.CoreASTProvider$1.run(CoreASTProvider.java:294)
	at org.eclipse.core.runtime.SafeRunner.run(SafeRunner.java:45)
	at org.eclipse.jdt.core.manipulation.CoreASTProvider.createAST(CoreASTProvider.java:286)
	at org.eclipse.jdt.core.manipulation.CoreASTProvider.getAST(CoreASTProvider.java:199)
	at org.eclipse.jdt.core.manipulation.SharedASTProviderCore.getAST(SharedASTProviderCore.java:138)
	at org.eclipse.jdt.internal.ui.viewsupport.SelectionListenerWithASTManager$PartListenerGroup.calculateASTandInform(SelectionListenerWithASTManager.java:166)
	at org.eclipse.jdt.internal.ui.viewsupport.SelectionListenerWithASTManager$PartListenerGroup$1.run(SelectionListenerWithASTManager.java:151)
	at org.eclipse.core.internal.jobs.Worker.run(Worker.java:63)

!ENTRY org.eclipse.jdt.core.manipulation 4 2 2025-03-31 22:23:26.086
!MESSAGE Problems occurred when invoking code from plug-in: "org.eclipse.jdt.core.manipulation".
!STACK 0
java.lang.IllegalArgumentException
	at org.eclipse.jdt.core.dom.InfixExpression.setOperator(InfixExpression.java:383)
	at org.eclipse.jdt.core.dom.ASTConverter.convert(ASTConverter.java:1287)
	at org.eclipse.jdt.core.dom.ASTConverter.convert(ASTConverter.java:2047)
	at org.eclipse.jdt.core.dom.ASTConverter.convertToParenthesizedExpression(ASTConverter.java:3882)
	at org.eclipse.jdt.core.dom.ASTConverter.convert(ASTConverter.java:1953)
	at org.eclipse.jdt.core.dom.ASTConverter.convert(ASTConverter.java:1204)
	at org.eclipse.jdt.core.dom.ASTConverter.convert(ASTConverter.java:1990)
	at org.eclipse.jdt.core.dom.ASTConverter.convert(ASTConverter.java:3124)
	at org.eclipse.jdt.core.dom.ASTConverter.convert(ASTConverter.java:1383)
	at org.eclipse.jdt.core.dom.ASTConverter.convert(ASTConverter.java:3042)
	at org.eclipse.jdt.core.dom.ASTConverter.convert(ASTConverter.java:3533)
	at org.eclipse.jdt.core.dom.ASTConverter.convert(ASTConverter.java:3116)
	at org.eclipse.jdt.core.dom.ASTConverter.convert(ASTConverter.java:1383)
	at org.eclipse.jdt.core.dom.ASTConverter.convert(ASTConverter.java:3042)
	at org.eclipse.jdt.core.dom.ASTConverter.convert(ASTConverter.java:2268)
	at org.eclipse.jdt.core.dom.ASTConverter.convert(ASTConverter.java:3066)
	at org.eclipse.jdt.core.dom.ASTConverter.convert(ASTConverter.java:1383)
	at org.eclipse.jdt.core.dom.ASTConverter.convert(ASTConverter.java:3042)
	at org.eclipse.jdt.core.dom.ASTConverter.convert(ASTConverter.java:2168)
	at org.eclipse.jdt.core.dom.ASTConverter.convert(ASTConverter.java:3032)
	at org.eclipse.jdt.core.dom.ASTConverter.convert(ASTConverter.java:751)
	at org.eclipse.jdt.core.dom.ASTConverter.buildBodyDeclarations(ASTConverter.java:208)
	at org.eclipse.jdt.core.dom.ASTConverter.convert(ASTConverter.java:3419)
	at org.eclipse.jdt.core.dom.ASTConverter.convert(ASTConverter.java:1534)
	at org.eclipse.jdt.core.dom.CompilationUnitResolver.convert(CompilationUnitResolver.java:344)
	at org.eclipse.jdt.core.dom.ASTParser.internalCreateAST(ASTParser.java:1272)
	at org.eclipse.jdt.core.dom.ASTParser.createAST(ASTParser.java:868)
	at org.eclipse.jdt.core.manipulation.CoreASTProvider$1.run(CoreASTProvider.java:294)
	at org.eclipse.core.runtime.SafeRunner.run(SafeRunner.java:45)
	at org.eclipse.jdt.core.manipulation.CoreASTProvider.createAST(CoreASTProvider.java:286)
	at org.eclipse.jdt.core.manipulation.CoreASTProvider.getAST(CoreASTProvider.java:199)
	at org.eclipse.jdt.core.manipulation.SharedASTProviderCore.getAST(SharedASTProviderCore.java:138)
	at org.eclipse.jdt.internal.ui.viewsupport.SelectionListenerWithASTManager$PartListenerGroup.calculateASTandInform(SelectionListenerWithASTManager.java:166)
	at org.eclipse.jdt.internal.ui.viewsupport.SelectionListenerWithASTManager$PartListenerGroup$1.run(SelectionListenerWithASTManager.java:151)
	at org.eclipse.core.internal.jobs.Worker.run(Worker.java:63)

!ENTRY org.eclipse.jdt.core.manipulation 4 0 2025-03-31 22:23:26.087
!MESSAGE Error in JDT Core during AST creation
!STACK 0
java.lang.IllegalArgumentException
	at org.eclipse.jdt.core.dom.InfixExpression.setOperator(InfixExpression.java:383)
	at org.eclipse.jdt.core.dom.ASTConverter.convert(ASTConverter.java:1287)
	at org.eclipse.jdt.core.dom.ASTConverter.convert(ASTConverter.java:2047)
	at org.eclipse.jdt.core.dom.ASTConverter.convertToParenthesizedExpression(ASTConverter.java:3882)
	at org.eclipse.jdt.core.dom.ASTConverter.convert(ASTConverter.java:1953)
	at org.eclipse.jdt.core.dom.ASTConverter.convert(ASTConverter.java:1204)
	at org.eclipse.jdt.core.dom.ASTConverter.convert(ASTConverter.java:1990)
	at org.eclipse.jdt.core.dom.ASTConverter.convert(ASTConverter.java:3124)
	at org.eclipse.jdt.core.dom.ASTConverter.convert(ASTConverter.java:1383)
	at org.eclipse.jdt.core.dom.ASTConverter.convert(ASTConverter.java:3042)
	at org.eclipse.jdt.core.dom.ASTConverter.convert(ASTConverter.java:3533)
	at org.eclipse.jdt.core.dom.ASTConverter.convert(ASTConverter.java:3116)
	at org.eclipse.jdt.core.dom.ASTConverter.convert(ASTConverter.java:1383)
	at org.eclipse.jdt.core.dom.ASTConverter.convert(ASTConverter.java:3042)
	at org.eclipse.jdt.core.dom.ASTConverter.convert(ASTConverter.java:2268)
	at org.eclipse.jdt.core.dom.ASTConverter.convert(ASTConverter.java:3066)
	at org.eclipse.jdt.core.dom.ASTConverter.convert(ASTConverter.java:1383)
	at org.eclipse.jdt.core.dom.ASTConverter.convert(ASTConverter.java:3042)
	at org.eclipse.jdt.core.dom.ASTConverter.convert(ASTConverter.java:2168)
	at org.eclipse.jdt.core.dom.ASTConverter.convert(ASTConverter.java:3032)
	at org.eclipse.jdt.core.dom.ASTConverter.convert(ASTConverter.java:751)
	at org.eclipse.jdt.core.dom.ASTConverter.buildBodyDeclarations(ASTConverter.java:208)
	at org.eclipse.jdt.core.dom.ASTConverter.convert(ASTConverter.java:3419)
	at org.eclipse.jdt.core.dom.ASTConverter.convert(ASTConverter.java:1534)
	at org.eclipse.jdt.core.dom.CompilationUnitResolver.convert(CompilationUnitResolver.java:344)
	at org.eclipse.jdt.core.dom.ASTParser.internalCreateAST(ASTParser.java:1272)
	at org.eclipse.jdt.core.dom.ASTParser.createAST(ASTParser.java:868)
	at org.eclipse.jdt.core.manipulation.CoreASTProvider$1.run(CoreASTProvider.java:294)
	at org.eclipse.core.runtime.SafeRunner.run(SafeRunner.java:45)
	at org.eclipse.jdt.core.manipulation.CoreASTProvider.createAST(CoreASTProvider.java:286)
	at org.eclipse.jdt.core.manipulation.CoreASTProvider.getAST(CoreASTProvider.java:199)
	at org.eclipse.jdt.core.manipulation.SharedASTProviderCore.getAST(SharedASTProviderCore.java:138)
	at org.eclipse.jdt.internal.ui.viewsupport.SelectionListenerWithASTManager$PartListenerGroup.calculateASTandInform(SelectionListenerWithASTManager.java:166)
	at org.eclipse.jdt.internal.ui.viewsupport.SelectionListenerWithASTManager$PartListenerGroup$1.run(SelectionListenerWithASTManager.java:151)
	at org.eclipse.core.internal.jobs.Worker.run(Worker.java:63)

!ENTRY org.eclipse.lsp4e 2 0 2025-04-01 21:42:59.262
!MESSAGE Javadoc unavailable. Failed to obtain it.
!STACK 0
java.lang.InterruptedException
	at java.base/java.util.concurrent.CompletableFuture.reportGet(CompletableFuture.java:386)
	at java.base/java.util.concurrent.CompletableFuture.get(CompletableFuture.java:2096)
	at org.eclipse.lsp4e.jdt.LSJavaHoverProvider.getHoverInfo2(LSJavaHoverProvider.java:65)
	at org.eclipse.jdt.internal.ui.text.java.hover.BestMatchHover.getHoverInfo2(BestMatchHover.java:163)
	at org.eclipse.jdt.internal.ui.text.java.hover.BestMatchHover.getHoverInfo2(BestMatchHover.java:130)
	at org.eclipse.jdt.internal.ui.text.java.hover.JavaEditorTextHoverProxy.getHoverInfo2(JavaEditorTextHoverProxy.java:89)
	at org.eclipse.jface.text.TextViewerHoverManager$1.run(TextViewerHoverManager.java:155)

!ENTRY org.eclipse.jdt.core 4 4 2025-04-01 21:55:15.455
!MESSAGE Exception occurred during compilation unit conversion:
----------------------------------- SOURCE BEGIN -------------------------------------
package _250401;

public class A_강조하기 {

	public static void main(String[] args) {
		// TODO Auto-generated method stub
		String myString = "abstract algebra";
//		String myString = "PrOgRaMmErS";
		String answer ="";
		
		
		
		for(int i =0; i<myString.length(); i++) {
			
			if(myString.charAt(i)=='a') {
				
				answer+= Character.toUpperCase(myString.charAt(i));
			}else(myString.charAt(i)!='A' &&myString.charAt(i) ) {
				answer+=  Character.toLowerCase(myString.charAt(i));
			}
							
		}
		
		
		
		//char배열로 생성후 풀이
//		char[] arr  = myString.toCharArray(); 
//		
//		for(int i =0; i<myString.length(); i++) {
//			
//			if(arr[i]=='a') {
//				
//				answer+= Character.toUpperCase(arr[i]);
//			}else {
//				answer+=  Character.toLowerCase(arr[i]);
//			}
//							
//		}
		System.out.println(answer);
	}

}

----------------------------------- SOURCE END -------------------------------------
!STACK 0
java.lang.IllegalArgumentException
	at org.eclipse.jdt.core.dom.InfixExpression.setOperator(InfixExpression.java:383)
	at org.eclipse.jdt.core.dom.ASTConverter.convert(ASTConverter.java:880)
	at org.eclipse.jdt.core.dom.ASTConverter.convert(ASTConverter.java:2038)
	at org.eclipse.jdt.core.dom.ASTConverter.convertToParenthesizedExpression(ASTConverter.java:3882)
	at org.eclipse.jdt.core.dom.ASTConverter.convert(ASTConverter.java:1953)
	at org.eclipse.jdt.core.dom.ASTConverter.convert(ASTConverter.java:1204)
	at org.eclipse.jdt.core.dom.ASTConverter.convert(ASTConverter.java:1990)
	at org.eclipse.jdt.core.dom.ASTConverter.convert(ASTConverter.java:3124)
	at org.eclipse.jdt.core.dom.ASTConverter.convert(ASTConverter.java:2273)
	at org.eclipse.jdt.core.dom.ASTConverter.convert(ASTConverter.java:3066)
	at org.eclipse.jdt.core.dom.ASTConverter.convert(ASTConverter.java:1383)
	at org.eclipse.jdt.core.dom.ASTConverter.convert(ASTConverter.java:3042)
	at org.eclipse.jdt.core.dom.ASTConverter.convert(ASTConverter.java:2220)
	at org.eclipse.jdt.core.dom.ASTConverter.convert(ASTConverter.java:3063)
	at org.eclipse.jdt.core.dom.ASTConverter.convert(ASTConverter.java:751)
	at org.eclipse.jdt.core.dom.ASTConverter.buildBodyDeclarations(ASTConverter.java:208)
	at org.eclipse.jdt.core.dom.ASTConverter.convert(ASTConverter.java:3419)
	at org.eclipse.jdt.core.dom.ASTConverter.convert(ASTConverter.java:1534)
	at org.eclipse.jdt.core.dom.AST.convertCompilationUnit(AST.java:561)
	at org.eclipse.jdt.internal.core.CompilationUnit.buildStructure(CompilationUnit.java:201)
	at org.eclipse.jdt.internal.core.Openable.generateInfos(Openable.java:266)
	at org.eclipse.jdt.internal.core.JavaElement.openWhenClosed(JavaElement.java:597)
	at org.eclipse.jdt.internal.core.CompilationUnit.makeConsistent(CompilationUnit.java:1148)
	at org.eclipse.jdt.internal.core.ReconcileWorkingCopyOperation.makeConsistent(ReconcileWorkingCopyOperation.java:173)
	at org.eclipse.jdt.internal.core.ReconcileWorkingCopyOperation.executeOperation(ReconcileWorkingCopyOperation.java:94)
	at org.eclipse.jdt.internal.core.JavaModelOperation.run(JavaModelOperation.java:740)
	at org.eclipse.jdt.internal.core.JavaModelOperation.runOperation(JavaModelOperation.java:806)
	at org.eclipse.jdt.internal.core.CompilationUnit.reconcile(CompilationUnit.java:1325)
	at org.eclipse.jdt.internal.ui.text.java.JavaReconcilingStrategy.reconcile(JavaReconcilingStrategy.java:132)
	at org.eclipse.jdt.internal.ui.text.java.JavaReconcilingStrategy$1.run(JavaReconcilingStrategy.java:94)
	at org.eclipse.core.runtime.SafeRunner.run(SafeRunner.java:45)
	at org.eclipse.jdt.internal.ui.text.java.JavaReconcilingStrategy.reconcile(JavaReconcilingStrategy.java:91)
	at org.eclipse.jdt.internal.ui.text.java.JavaReconcilingStrategy.reconcile(JavaReconcilingStrategy.java:158)
	at org.eclipse.jdt.internal.ui.text.CompositeReconcilingStrategy.reconcile(CompositeReconcilingStrategy.java:94)
	at org.eclipse.jdt.internal.ui.text.JavaCompositeReconcilingStrategy.reconcile(JavaCompositeReconcilingStrategy.java:107)
	at org.eclipse.jface.text.reconciler.MonoReconciler.process(MonoReconciler.java:78)
	at org.eclipse.jface.text.reconciler.AbstractReconciler$BackgroundThread.run(AbstractReconciler.java:207)

!ENTRY org.eclipse.jdt.ui 4 2 2025-04-01 21:55:15.471
!MESSAGE Problems occurred when invoking code from plug-in: "org.eclipse.jdt.ui".
!STACK 0
java.lang.IllegalArgumentException
	at org.eclipse.jdt.core.dom.InfixExpression.setOperator(InfixExpression.java:383)
	at org.eclipse.jdt.core.dom.ASTConverter.convert(ASTConverter.java:880)
	at org.eclipse.jdt.core.dom.ASTConverter.convert(ASTConverter.java:2038)
	at org.eclipse.jdt.core.dom.ASTConverter.convertToParenthesizedExpression(ASTConverter.java:3882)
	at org.eclipse.jdt.core.dom.ASTConverter.convert(ASTConverter.java:1953)
	at org.eclipse.jdt.core.dom.ASTConverter.convert(ASTConverter.java:1204)
	at org.eclipse.jdt.core.dom.ASTConverter.convert(ASTConverter.java:1990)
	at org.eclipse.jdt.core.dom.ASTConverter.convert(ASTConverter.java:3124)
	at org.eclipse.jdt.core.dom.ASTConverter.convert(ASTConverter.java:2273)
	at org.eclipse.jdt.core.dom.ASTConverter.convert(ASTConverter.java:3066)
	at org.eclipse.jdt.core.dom.ASTConverter.convert(ASTConverter.java:1383)
	at org.eclipse.jdt.core.dom.ASTConverter.convert(ASTConverter.java:3042)
	at org.eclipse.jdt.core.dom.ASTConverter.convert(ASTConverter.java:2220)
	at org.eclipse.jdt.core.dom.ASTConverter.convert(ASTConverter.java:3063)
	at org.eclipse.jdt.core.dom.ASTConverter.convert(ASTConverter.java:751)
	at org.eclipse.jdt.core.dom.ASTConverter.buildBodyDeclarations(ASTConverter.java:208)
	at org.eclipse.jdt.core.dom.ASTConverter.convert(ASTConverter.java:3419)
	at org.eclipse.jdt.core.dom.ASTConverter.convert(ASTConverter.java:1534)
	at org.eclipse.jdt.core.dom.AST.convertCompilationUnit(AST.java:561)
	at org.eclipse.jdt.internal.core.CompilationUnit.buildStructure(CompilationUnit.java:201)
	at org.eclipse.jdt.internal.core.Openable.generateInfos(Openable.java:266)
	at org.eclipse.jdt.internal.core.JavaElement.openWhenClosed(JavaElement.java:597)
	at org.eclipse.jdt.internal.core.CompilationUnit.makeConsistent(CompilationUnit.java:1148)
	at org.eclipse.jdt.internal.core.ReconcileWorkingCopyOperation.makeConsistent(ReconcileWorkingCopyOperation.java:173)
	at org.eclipse.jdt.internal.core.ReconcileWorkingCopyOperation.executeOperation(ReconcileWorkingCopyOperation.java:94)
	at org.eclipse.jdt.internal.core.JavaModelOperation.run(JavaModelOperation.java:740)
	at org.eclipse.jdt.internal.core.JavaModelOperation.runOperation(JavaModelOperation.java:806)
	at org.eclipse.jdt.internal.core.CompilationUnit.reconcile(CompilationUnit.java:1325)
	at org.eclipse.jdt.internal.ui.text.java.JavaReconcilingStrategy.reconcile(JavaReconcilingStrategy.java:132)
	at org.eclipse.jdt.internal.ui.text.java.JavaReconcilingStrategy$1.run(JavaReconcilingStrategy.java:94)
	at org.eclipse.core.runtime.SafeRunner.run(SafeRunner.java:45)
	at org.eclipse.jdt.internal.ui.text.java.JavaReconcilingStrategy.reconcile(JavaReconcilingStrategy.java:91)
	at org.eclipse.jdt.internal.ui.text.java.JavaReconcilingStrategy.reconcile(JavaReconcilingStrategy.java:158)
	at org.eclipse.jdt.internal.ui.text.CompositeReconcilingStrategy.reconcile(CompositeReconcilingStrategy.java:94)
	at org.eclipse.jdt.internal.ui.text.JavaCompositeReconcilingStrategy.reconcile(JavaCompositeReconcilingStrategy.java:107)
	at org.eclipse.jface.text.reconciler.MonoReconciler.process(MonoReconciler.java:78)
	at org.eclipse.jface.text.reconciler.AbstractReconciler$BackgroundThread.run(AbstractReconciler.java:207)

!ENTRY org.eclipse.jdt.ui 4 0 2025-04-01 21:55:15.471
!MESSAGE Error in JDT Core during reconcile
!STACK 0
java.lang.IllegalArgumentException
	at org.eclipse.jdt.core.dom.InfixExpression.setOperator(InfixExpression.java:383)
	at org.eclipse.jdt.core.dom.ASTConverter.convert(ASTConverter.java:880)
	at org.eclipse.jdt.core.dom.ASTConverter.convert(ASTConverter.java:2038)
	at org.eclipse.jdt.core.dom.ASTConverter.convertToParenthesizedExpression(ASTConverter.java:3882)
	at org.eclipse.jdt.core.dom.ASTConverter.convert(ASTConverter.java:1953)
	at org.eclipse.jdt.core.dom.ASTConverter.convert(ASTConverter.java:1204)
	at org.eclipse.jdt.core.dom.ASTConverter.convert(ASTConverter.java:1990)
	at org.eclipse.jdt.core.dom.ASTConverter.convert(ASTConverter.java:3124)
	at org.eclipse.jdt.core.dom.ASTConverter.convert(ASTConverter.java:2273)
	at org.eclipse.jdt.core.dom.ASTConverter.convert(ASTConverter.java:3066)
	at org.eclipse.jdt.core.dom.ASTConverter.convert(ASTConverter.java:1383)
	at org.eclipse.jdt.core.dom.ASTConverter.convert(ASTConverter.java:3042)
	at org.eclipse.jdt.core.dom.ASTConverter.convert(ASTConverter.java:2220)
	at org.eclipse.jdt.core.dom.ASTConverter.convert(ASTConverter.java:3063)
	at org.eclipse.jdt.core.dom.ASTConverter.convert(ASTConverter.java:751)
	at org.eclipse.jdt.core.dom.ASTConverter.buildBodyDeclarations(ASTConverter.java:208)
	at org.eclipse.jdt.core.dom.ASTConverter.convert(ASTConverter.java:3419)
	at org.eclipse.jdt.core.dom.ASTConverter.convert(ASTConverter.java:1534)
	at org.eclipse.jdt.core.dom.AST.convertCompilationUnit(AST.java:561)
	at org.eclipse.jdt.internal.core.CompilationUnit.buildStructure(CompilationUnit.java:201)
	at org.eclipse.jdt.internal.core.Openable.generateInfos(Openable.java:266)
	at org.eclipse.jdt.internal.core.JavaElement.openWhenClosed(JavaElement.java:597)
	at org.eclipse.jdt.internal.core.CompilationUnit.makeConsistent(CompilationUnit.java:1148)
	at org.eclipse.jdt.internal.core.ReconcileWorkingCopyOperation.makeConsistent(ReconcileWorkingCopyOperation.java:173)
	at org.eclipse.jdt.internal.core.ReconcileWorkingCopyOperation.executeOperation(ReconcileWorkingCopyOperation.java:94)
	at org.eclipse.jdt.internal.core.JavaModelOperation.run(JavaModelOperation.java:740)
	at org.eclipse.jdt.internal.core.JavaModelOperation.runOperation(JavaModelOperation.java:806)
	at org.eclipse.jdt.internal.core.CompilationUnit.reconcile(CompilationUnit.java:1325)
	at org.eclipse.jdt.internal.ui.text.java.JavaReconcilingStrategy.reconcile(JavaReconcilingStrategy.java:132)
	at org.eclipse.jdt.internal.ui.text.java.JavaReconcilingStrategy$1.run(JavaReconcilingStrategy.java:94)
	at org.eclipse.core.runtime.SafeRunner.run(SafeRunner.java:45)
	at org.eclipse.jdt.internal.ui.text.java.JavaReconcilingStrategy.reconcile(JavaReconcilingStrategy.java:91)
	at org.eclipse.jdt.internal.ui.text.java.JavaReconcilingStrategy.reconcile(JavaReconcilingStrategy.java:158)
	at org.eclipse.jdt.internal.ui.text.CompositeReconcilingStrategy.reconcile(CompositeReconcilingStrategy.java:94)
	at org.eclipse.jdt.internal.ui.text.JavaCompositeReconcilingStrategy.reconcile(JavaCompositeReconcilingStrategy.java:107)
	at org.eclipse.jface.text.reconciler.MonoReconciler.process(MonoReconciler.java:78)
	at org.eclipse.jface.text.reconciler.AbstractReconciler$BackgroundThread.run(AbstractReconciler.java:207)

!ENTRY org.eclipse.jdt.core 4 4 2025-04-01 21:55:15.624
!MESSAGE Exception occurred during compilation unit conversion:
----------------------------------- SOURCE BEGIN -------------------------------------
package _250401;

public class A_강조하기 {

	public static void main(String[] args) {
		// TODO Auto-generated method stub
		String myString = "abstract algebra";
//		String myString = "PrOgRaMmErS";
		String answer ="";
		
		
		
		for(int i =0; i<myString.length(); i++) {
			
			if(myString.charAt(i)=='a') {
				
				answer+= Character.toUpperCase(myString.charAt(i));
			}else(myString.charAt(i)!='A' &&myString.charAt(i) ) {
				answer+=  Character.toLowerCase(myString.charAt(i));
			}
							
		}
		
		
		
		//char배열로 생성후 풀이
//		char[] arr  = myString.toCharArray(); 
//		
//		for(int i =0; i<myString.length(); i++) {
//			
//			if(arr[i]=='a') {
//				
//				answer+= Character.toUpperCase(arr[i]);
//			}else {
//				answer+=  Character.toLowerCase(arr[i]);
//			}
//							
//		}
		System.out.println(answer);
	}

}

----------------------------------- SOURCE END -------------------------------------
!STACK 0
java.lang.IllegalArgumentException
	at org.eclipse.jdt.core.dom.InfixExpression.setOperator(InfixExpression.java:383)
	at org.eclipse.jdt.core.dom.ASTConverter.convert(ASTConverter.java:880)
	at org.eclipse.jdt.core.dom.ASTConverter.convert(ASTConverter.java:2038)
	at org.eclipse.jdt.core.dom.ASTConverter.convertToParenthesizedExpression(ASTConverter.java:3882)
	at org.eclipse.jdt.core.dom.ASTConverter.convert(ASTConverter.java:1953)
	at org.eclipse.jdt.core.dom.ASTConverter.convert(ASTConverter.java:1204)
	at org.eclipse.jdt.core.dom.ASTConverter.convert(ASTConverter.java:1990)
	at org.eclipse.jdt.core.dom.ASTConverter.convert(ASTConverter.java:3124)
	at org.eclipse.jdt.core.dom.ASTConverter.convert(ASTConverter.java:2273)
	at org.eclipse.jdt.core.dom.ASTConverter.convert(ASTConverter.java:3066)
	at org.eclipse.jdt.core.dom.ASTConverter.convert(ASTConverter.java:1383)
	at org.eclipse.jdt.core.dom.ASTConverter.convert(ASTConverter.java:3042)
	at org.eclipse.jdt.core.dom.ASTConverter.convert(ASTConverter.java:2220)
	at org.eclipse.jdt.core.dom.ASTConverter.convert(ASTConverter.java:3063)
	at org.eclipse.jdt.core.dom.ASTConverter.convert(ASTConverter.java:751)
	at org.eclipse.jdt.core.dom.ASTConverter.buildBodyDeclarations(ASTConverter.java:208)
	at org.eclipse.jdt.core.dom.ASTConverter.convert(ASTConverter.java:3419)
	at org.eclipse.jdt.core.dom.ASTConverter.convert(ASTConverter.java:1534)
	at org.eclipse.jdt.core.dom.CompilationUnitResolver.convert(CompilationUnitResolver.java:344)
	at org.eclipse.jdt.core.dom.ASTParser.internalCreateAST(ASTParser.java:1272)
	at org.eclipse.jdt.core.dom.ASTParser.createAST(ASTParser.java:868)
	at org.eclipse.jdt.core.manipulation.CoreASTProvider$1.run(CoreASTProvider.java:294)
	at org.eclipse.core.runtime.SafeRunner.run(SafeRunner.java:45)
	at org.eclipse.jdt.core.manipulation.CoreASTProvider.createAST(CoreASTProvider.java:286)
	at org.eclipse.jdt.core.manipulation.CoreASTProvider.getAST(CoreASTProvider.java:199)
	at org.eclipse.jdt.core.manipulation.SharedASTProviderCore.getAST(SharedASTProviderCore.java:138)
	at org.eclipse.jdt.internal.ui.viewsupport.SelectionListenerWithASTManager$PartListenerGroup.calculateASTandInform(SelectionListenerWithASTManager.java:166)
	at org.eclipse.jdt.internal.ui.viewsupport.SelectionListenerWithASTManager$PartListenerGroup$1.run(SelectionListenerWithASTManager.java:151)
	at org.eclipse.core.internal.jobs.Worker.run(Worker.java:63)

!ENTRY org.eclipse.jdt.core.manipulation 4 2 2025-04-01 21:55:15.626
!MESSAGE Problems occurred when invoking code from plug-in: "org.eclipse.jdt.core.manipulation".
!STACK 0
java.lang.IllegalArgumentException
	at org.eclipse.jdt.core.dom.InfixExpression.setOperator(InfixExpression.java:383)
	at org.eclipse.jdt.core.dom.ASTConverter.convert(ASTConverter.java:880)
	at org.eclipse.jdt.core.dom.ASTConverter.convert(ASTConverter.java:2038)
	at org.eclipse.jdt.core.dom.ASTConverter.convertToParenthesizedExpression(ASTConverter.java:3882)
	at org.eclipse.jdt.core.dom.ASTConverter.convert(ASTConverter.java:1953)
	at org.eclipse.jdt.core.dom.ASTConverter.convert(ASTConverter.java:1204)
	at org.eclipse.jdt.core.dom.ASTConverter.convert(ASTConverter.java:1990)
	at org.eclipse.jdt.core.dom.ASTConverter.convert(ASTConverter.java:3124)
	at org.eclipse.jdt.core.dom.ASTConverter.convert(ASTConverter.java:2273)
	at org.eclipse.jdt.core.dom.ASTConverter.convert(ASTConverter.java:3066)
	at org.eclipse.jdt.core.dom.ASTConverter.convert(ASTConverter.java:1383)
	at org.eclipse.jdt.core.dom.ASTConverter.convert(ASTConverter.java:3042)
	at org.eclipse.jdt.core.dom.ASTConverter.convert(ASTConverter.java:2220)
	at org.eclipse.jdt.core.dom.ASTConverter.convert(ASTConverter.java:3063)
	at org.eclipse.jdt.core.dom.ASTConverter.convert(ASTConverter.java:751)
	at org.eclipse.jdt.core.dom.ASTConverter.buildBodyDeclarations(ASTConverter.java:208)
	at org.eclipse.jdt.core.dom.ASTConverter.convert(ASTConverter.java:3419)
	at org.eclipse.jdt.core.dom.ASTConverter.convert(ASTConverter.java:1534)
	at org.eclipse.jdt.core.dom.CompilationUnitResolver.convert(CompilationUnitResolver.java:344)
	at org.eclipse.jdt.core.dom.ASTParser.internalCreateAST(ASTParser.java:1272)
	at org.eclipse.jdt.core.dom.ASTParser.createAST(ASTParser.java:868)
	at org.eclipse.jdt.core.manipulation.CoreASTProvider$1.run(CoreASTProvider.java:294)
	at org.eclipse.core.runtime.SafeRunner.run(SafeRunner.java:45)
	at org.eclipse.jdt.core.manipulation.CoreASTProvider.createAST(CoreASTProvider.java:286)
	at org.eclipse.jdt.core.manipulation.CoreASTProvider.getAST(CoreASTProvider.java:199)
	at org.eclipse.jdt.core.manipulation.SharedASTProviderCore.getAST(SharedASTProviderCore.java:138)
	at org.eclipse.jdt.internal.ui.viewsupport.SelectionListenerWithASTManager$PartListenerGroup.calculateASTandInform(SelectionListenerWithASTManager.java:166)
	at org.eclipse.jdt.internal.ui.viewsupport.SelectionListenerWithASTManager$PartListenerGroup$1.run(SelectionListenerWithASTManager.java:151)
	at org.eclipse.core.internal.jobs.Worker.run(Worker.java:63)

!ENTRY org.eclipse.jdt.core.manipulation 4 0 2025-04-01 21:55:15.627
!MESSAGE Error in JDT Core during AST creation
!STACK 0
java.lang.IllegalArgumentException
	at org.eclipse.jdt.core.dom.InfixExpression.setOperator(InfixExpression.java:383)
	at org.eclipse.jdt.core.dom.ASTConverter.convert(ASTConverter.java:880)
	at org.eclipse.jdt.core.dom.ASTConverter.convert(ASTConverter.java:2038)
	at org.eclipse.jdt.core.dom.ASTConverter.convertToParenthesizedExpression(ASTConverter.java:3882)
	at org.eclipse.jdt.core.dom.ASTConverter.convert(ASTConverter.java:1953)
	at org.eclipse.jdt.core.dom.ASTConverter.convert(ASTConverter.java:1204)
	at org.eclipse.jdt.core.dom.ASTConverter.convert(ASTConverter.java:1990)
	at org.eclipse.jdt.core.dom.ASTConverter.convert(ASTConverter.java:3124)
	at org.eclipse.jdt.core.dom.ASTConverter.convert(ASTConverter.java:2273)
	at org.eclipse.jdt.core.dom.ASTConverter.convert(ASTConverter.java:3066)
	at org.eclipse.jdt.core.dom.ASTConverter.convert(ASTConverter.java:1383)
	at org.eclipse.jdt.core.dom.ASTConverter.convert(ASTConverter.java:3042)
	at org.eclipse.jdt.core.dom.ASTConverter.convert(ASTConverter.java:2220)
	at org.eclipse.jdt.core.dom.ASTConverter.convert(ASTConverter.java:3063)
	at org.eclipse.jdt.core.dom.ASTConverter.convert(ASTConverter.java:751)
	at org.eclipse.jdt.core.dom.ASTConverter.buildBodyDeclarations(ASTConverter.java:208)
	at org.eclipse.jdt.core.dom.ASTConverter.convert(ASTConverter.java:3419)
	at org.eclipse.jdt.core.dom.ASTConverter.convert(ASTConverter.java:1534)
	at org.eclipse.jdt.core.dom.CompilationUnitResolver.convert(CompilationUnitResolver.java:344)
	at org.eclipse.jdt.core.dom.ASTParser.internalCreateAST(ASTParser.java:1272)
	at org.eclipse.jdt.core.dom.ASTParser.createAST(ASTParser.java:868)
	at org.eclipse.jdt.core.manipulation.CoreASTProvider$1.run(CoreASTProvider.java:294)
	at org.eclipse.core.runtime.SafeRunner.run(SafeRunner.java:45)
	at org.eclipse.jdt.core.manipulation.CoreASTProvider.createAST(CoreASTProvider.java:286)
	at org.eclipse.jdt.core.manipulation.CoreASTProvider.getAST(CoreASTProvider.java:199)
	at org.eclipse.jdt.core.manipulation.SharedASTProviderCore.getAST(SharedASTProviderCore.java:138)
	at org.eclipse.jdt.internal.ui.viewsupport.SelectionListenerWithASTManager$PartListenerGroup.calculateASTandInform(SelectionListenerWithASTManager.java:166)
	at org.eclipse.jdt.internal.ui.viewsupport.SelectionListenerWithASTManager$PartListenerGroup$1.run(SelectionListenerWithASTManager.java:151)
	at org.eclipse.core.internal.jobs.Worker.run(Worker.java:63)

!ENTRY org.eclipse.jdt.core 4 4 2025-04-01 21:55:20.406
!MESSAGE Exception occurred during compilation unit conversion:
----------------------------------- SOURCE BEGIN -------------------------------------
package _250401;

public class A_강조하기 {

	public static void main(String[] args) {
		// TODO Auto-generated method stub
		String myString = "abstract algebra";
//		String myString = "PrOgRaMmErS";
		String answer ="";
		
		
		
		for(int i =0; i<myString.length(); i++) {
			
			if(myString.charAt(i)=='a') {
				
				answer+= Character.toUpperCase(myString.charAt(i));
			}else(myString.charAt(i)!='A' && myString.charAt(i) ) {
				answer+=  Character.toLowerCase(myString.charAt(i));
			}
							
		}
		
		
		
		//char배열로 생성후 풀이
//		char[] arr  = myString.toCharArray(); 
//		
//		for(int i =0; i<myString.length(); i++) {
//			
//			if(arr[i]=='a') {
//				
//				answer+= Character.toUpperCase(arr[i]);
//			}else {
//				answer+=  Character.toLowerCase(arr[i]);
//			}
//							
//		}
		System.out.println(answer);
	}

}

----------------------------------- SOURCE END -------------------------------------
!STACK 0
java.lang.IllegalArgumentException
	at org.eclipse.jdt.core.dom.InfixExpression.setOperator(InfixExpression.java:383)
	at org.eclipse.jdt.core.dom.ASTConverter.convert(ASTConverter.java:880)
	at org.eclipse.jdt.core.dom.ASTConverter.convert(ASTConverter.java:2038)
	at org.eclipse.jdt.core.dom.ASTConverter.convertToParenthesizedExpression(ASTConverter.java:3882)
	at org.eclipse.jdt.core.dom.ASTConverter.convert(ASTConverter.java:1953)
	at org.eclipse.jdt.core.dom.ASTConverter.convert(ASTConverter.java:1204)
	at org.eclipse.jdt.core.dom.ASTConverter.convert(ASTConverter.java:1990)
	at org.eclipse.jdt.core.dom.ASTConverter.convert(ASTConverter.java:3124)
	at org.eclipse.jdt.core.dom.ASTConverter.convert(ASTConverter.java:2273)
	at org.eclipse.jdt.core.dom.ASTConverter.convert(ASTConverter.java:3066)
	at org.eclipse.jdt.core.dom.ASTConverter.convert(ASTConverter.java:1383)
	at org.eclipse.jdt.core.dom.ASTConverter.convert(ASTConverter.java:3042)
	at org.eclipse.jdt.core.dom.ASTConverter.convert(ASTConverter.java:2220)
	at org.eclipse.jdt.core.dom.ASTConverter.convert(ASTConverter.java:3063)
	at org.eclipse.jdt.core.dom.ASTConverter.convert(ASTConverter.java:751)
	at org.eclipse.jdt.core.dom.ASTConverter.buildBodyDeclarations(ASTConverter.java:208)
	at org.eclipse.jdt.core.dom.ASTConverter.convert(ASTConverter.java:3419)
	at org.eclipse.jdt.core.dom.ASTConverter.convert(ASTConverter.java:1534)
	at org.eclipse.jdt.core.dom.AST.convertCompilationUnit(AST.java:561)
	at org.eclipse.jdt.internal.core.CompilationUnit.buildStructure(CompilationUnit.java:201)
	at org.eclipse.jdt.internal.core.Openable.generateInfos(Openable.java:266)
	at org.eclipse.jdt.internal.core.JavaElement.openWhenClosed(JavaElement.java:597)
	at org.eclipse.jdt.internal.core.CompilationUnit.makeConsistent(CompilationUnit.java:1148)
	at org.eclipse.jdt.internal.core.ReconcileWorkingCopyOperation.makeConsistent(ReconcileWorkingCopyOperation.java:173)
	at org.eclipse.jdt.internal.core.ReconcileWorkingCopyOperation.executeOperation(ReconcileWorkingCopyOperation.java:94)
	at org.eclipse.jdt.internal.core.JavaModelOperation.run(JavaModelOperation.java:740)
	at org.eclipse.jdt.internal.core.JavaModelOperation.runOperation(JavaModelOperation.java:806)
	at org.eclipse.jdt.internal.core.CompilationUnit.reconcile(CompilationUnit.java:1325)
	at org.eclipse.jdt.internal.ui.text.java.JavaReconcilingStrategy.reconcile(JavaReconcilingStrategy.java:132)
	at org.eclipse.jdt.internal.ui.text.java.JavaReconcilingStrategy$1.run(JavaReconcilingStrategy.java:94)
	at org.eclipse.core.runtime.SafeRunner.run(SafeRunner.java:45)
	at org.eclipse.jdt.internal.ui.text.java.JavaReconcilingStrategy.reconcile(JavaReconcilingStrategy.java:91)
	at org.eclipse.jdt.internal.ui.text.java.JavaReconcilingStrategy.reconcile(JavaReconcilingStrategy.java:158)
	at org.eclipse.jdt.internal.ui.text.CompositeReconcilingStrategy.reconcile(CompositeReconcilingStrategy.java:94)
	at org.eclipse.jdt.internal.ui.text.JavaCompositeReconcilingStrategy.reconcile(JavaCompositeReconcilingStrategy.java:107)
	at org.eclipse.jface.text.reconciler.MonoReconciler.process(MonoReconciler.java:78)
	at org.eclipse.jface.text.reconciler.AbstractReconciler$BackgroundThread.run(AbstractReconciler.java:207)

!ENTRY org.eclipse.jdt.ui 4 2 2025-04-01 21:55:20.407
!MESSAGE Problems occurred when invoking code from plug-in: "org.eclipse.jdt.ui".
!STACK 0
java.lang.IllegalArgumentException
	at org.eclipse.jdt.core.dom.InfixExpression.setOperator(InfixExpression.java:383)
	at org.eclipse.jdt.core.dom.ASTConverter.convert(ASTConverter.java:880)
	at org.eclipse.jdt.core.dom.ASTConverter.convert(ASTConverter.java:2038)
	at org.eclipse.jdt.core.dom.ASTConverter.convertToParenthesizedExpression(ASTConverter.java:3882)
	at org.eclipse.jdt.core.dom.ASTConverter.convert(ASTConverter.java:1953)
	at org.eclipse.jdt.core.dom.ASTConverter.convert(ASTConverter.java:1204)
	at org.eclipse.jdt.core.dom.ASTConverter.convert(ASTConverter.java:1990)
	at org.eclipse.jdt.core.dom.ASTConverter.convert(ASTConverter.java:3124)
	at org.eclipse.jdt.core.dom.ASTConverter.convert(ASTConverter.java:2273)
	at org.eclipse.jdt.core.dom.ASTConverter.convert(ASTConverter.java:3066)
	at org.eclipse.jdt.core.dom.ASTConverter.convert(ASTConverter.java:1383)
	at org.eclipse.jdt.core.dom.ASTConverter.convert(ASTConverter.java:3042)
	at org.eclipse.jdt.core.dom.ASTConverter.convert(ASTConverter.java:2220)
	at org.eclipse.jdt.core.dom.ASTConverter.convert(ASTConverter.java:3063)
	at org.eclipse.jdt.core.dom.ASTConverter.convert(ASTConverter.java:751)
	at org.eclipse.jdt.core.dom.ASTConverter.buildBodyDeclarations(ASTConverter.java:208)
	at org.eclipse.jdt.core.dom.ASTConverter.convert(ASTConverter.java:3419)
	at org.eclipse.jdt.core.dom.ASTConverter.convert(ASTConverter.java:1534)
	at org.eclipse.jdt.core.dom.AST.convertCompilationUnit(AST.java:561)
	at org.eclipse.jdt.internal.core.CompilationUnit.buildStructure(CompilationUnit.java:201)
	at org.eclipse.jdt.internal.core.Openable.generateInfos(Openable.java:266)
	at org.eclipse.jdt.internal.core.JavaElement.openWhenClosed(JavaElement.java:597)
	at org.eclipse.jdt.internal.core.CompilationUnit.makeConsistent(CompilationUnit.java:1148)
	at org.eclipse.jdt.internal.core.ReconcileWorkingCopyOperation.makeConsistent(ReconcileWorkingCopyOperation.java:173)
	at org.eclipse.jdt.internal.core.ReconcileWorkingCopyOperation.executeOperation(ReconcileWorkingCopyOperation.java:94)
	at org.eclipse.jdt.internal.core.JavaModelOperation.run(JavaModelOperation.java:740)
	at org.eclipse.jdt.internal.core.JavaModelOperation.runOperation(JavaModelOperation.java:806)
	at org.eclipse.jdt.internal.core.CompilationUnit.reconcile(CompilationUnit.java:1325)
	at org.eclipse.jdt.internal.ui.text.java.JavaReconcilingStrategy.reconcile(JavaReconcilingStrategy.java:132)
	at org.eclipse.jdt.internal.ui.text.java.JavaReconcilingStrategy$1.run(JavaReconcilingStrategy.java:94)
	at org.eclipse.core.runtime.SafeRunner.run(SafeRunner.java:45)
	at org.eclipse.jdt.internal.ui.text.java.JavaReconcilingStrategy.reconcile(JavaReconcilingStrategy.java:91)
	at org.eclipse.jdt.internal.ui.text.java.JavaReconcilingStrategy.reconcile(JavaReconcilingStrategy.java:158)
	at org.eclipse.jdt.internal.ui.text.CompositeReconcilingStrategy.reconcile(CompositeReconcilingStrategy.java:94)
	at org.eclipse.jdt.internal.ui.text.JavaCompositeReconcilingStrategy.reconcile(JavaCompositeReconcilingStrategy.java:107)
	at org.eclipse.jface.text.reconciler.MonoReconciler.process(MonoReconciler.java:78)
	at org.eclipse.jface.text.reconciler.AbstractReconciler$BackgroundThread.run(AbstractReconciler.java:207)

!ENTRY org.eclipse.jdt.ui 4 0 2025-04-01 21:55:20.407
!MESSAGE Error in JDT Core during reconcile
!STACK 0
java.lang.IllegalArgumentException
	at org.eclipse.jdt.core.dom.InfixExpression.setOperator(InfixExpression.java:383)
	at org.eclipse.jdt.core.dom.ASTConverter.convert(ASTConverter.java:880)
	at org.eclipse.jdt.core.dom.ASTConverter.convert(ASTConverter.java:2038)
	at org.eclipse.jdt.core.dom.ASTConverter.convertToParenthesizedExpression(ASTConverter.java:3882)
	at org.eclipse.jdt.core.dom.ASTConverter.convert(ASTConverter.java:1953)
	at org.eclipse.jdt.core.dom.ASTConverter.convert(ASTConverter.java:1204)
	at org.eclipse.jdt.core.dom.ASTConverter.convert(ASTConverter.java:1990)
	at org.eclipse.jdt.core.dom.ASTConverter.convert(ASTConverter.java:3124)
	at org.eclipse.jdt.core.dom.ASTConverter.convert(ASTConverter.java:2273)
	at org.eclipse.jdt.core.dom.ASTConverter.convert(ASTConverter.java:3066)
	at org.eclipse.jdt.core.dom.ASTConverter.convert(ASTConverter.java:1383)
	at org.eclipse.jdt.core.dom.ASTConverter.convert(ASTConverter.java:3042)
	at org.eclipse.jdt.core.dom.ASTConverter.convert(ASTConverter.java:2220)
	at org.eclipse.jdt.core.dom.ASTConverter.convert(ASTConverter.java:3063)
	at org.eclipse.jdt.core.dom.ASTConverter.convert(ASTConverter.java:751)
	at org.eclipse.jdt.core.dom.ASTConverter.buildBodyDeclarations(ASTConverter.java:208)
	at org.eclipse.jdt.core.dom.ASTConverter.convert(ASTConverter.java:3419)
	at org.eclipse.jdt.core.dom.ASTConverter.convert(ASTConverter.java:1534)
	at org.eclipse.jdt.core.dom.AST.convertCompilationUnit(AST.java:561)
	at org.eclipse.jdt.internal.core.CompilationUnit.buildStructure(CompilationUnit.java:201)
	at org.eclipse.jdt.internal.core.Openable.generateInfos(Openable.java:266)
	at org.eclipse.jdt.internal.core.JavaElement.openWhenClosed(JavaElement.java:597)
	at org.eclipse.jdt.internal.core.CompilationUnit.makeConsistent(CompilationUnit.java:1148)
	at org.eclipse.jdt.internal.core.ReconcileWorkingCopyOperation.makeConsistent(ReconcileWorkingCopyOperation.java:173)
	at org.eclipse.jdt.internal.core.ReconcileWorkingCopyOperation.executeOperation(ReconcileWorkingCopyOperation.java:94)
	at org.eclipse.jdt.internal.core.JavaModelOperation.run(JavaModelOperation.java:740)
	at org.eclipse.jdt.internal.core.JavaModelOperation.runOperation(JavaModelOperation.java:806)
	at org.eclipse.jdt.internal.core.CompilationUnit.reconcile(CompilationUnit.java:1325)
	at org.eclipse.jdt.internal.ui.text.java.JavaReconcilingStrategy.reconcile(JavaReconcilingStrategy.java:132)
	at org.eclipse.jdt.internal.ui.text.java.JavaReconcilingStrategy$1.run(JavaReconcilingStrategy.java:94)
	at org.eclipse.core.runtime.SafeRunner.run(SafeRunner.java:45)
	at org.eclipse.jdt.internal.ui.text.java.JavaReconcilingStrategy.reconcile(JavaReconcilingStrategy.java:91)
	at org.eclipse.jdt.internal.ui.text.java.JavaReconcilingStrategy.reconcile(JavaReconcilingStrategy.java:158)
	at org.eclipse.jdt.internal.ui.text.CompositeReconcilingStrategy.reconcile(CompositeReconcilingStrategy.java:94)
	at org.eclipse.jdt.internal.ui.text.JavaCompositeReconcilingStrategy.reconcile(JavaCompositeReconcilingStrategy.java:107)
	at org.eclipse.jface.text.reconciler.MonoReconciler.process(MonoReconciler.java:78)
	at org.eclipse.jface.text.reconciler.AbstractReconciler$BackgroundThread.run(AbstractReconciler.java:207)

!ENTRY org.eclipse.jdt.core 4 4 2025-04-01 21:55:20.703
!MESSAGE Exception occurred during compilation unit conversion:
----------------------------------- SOURCE BEGIN -------------------------------------
package _250401;

public class A_강조하기 {

	public static void main(String[] args) {
		// TODO Auto-generated method stub
		String myString = "abstract algebra";
//		String myString = "PrOgRaMmErS";
		String answer ="";
		
		
		
		for(int i =0; i<myString.length(); i++) {
			
			if(myString.charAt(i)=='a') {
				
				answer+= Character.toUpperCase(myString.charAt(i));
			}else(myString.charAt(i)!='A' && myString.charAt(i) ) {
				answer+=  Character.toLowerCase(myString.charAt(i));
			}
							
		}
		
		
		
		//char배열로 생성후 풀이
//		char[] arr  = myString.toCharArray(); 
//		
//		for(int i =0; i<myString.length(); i++) {
//			
//			if(arr[i]=='a') {
//				
//				answer+= Character.toUpperCase(arr[i]);
//			}else {
//				answer+=  Character.toLowerCase(arr[i]);
//			}
//							
//		}
		System.out.println(answer);
	}

}

----------------------------------- SOURCE END -------------------------------------
!STACK 0
java.lang.IllegalArgumentException
	at org.eclipse.jdt.core.dom.InfixExpression.setOperator(InfixExpression.java:383)
	at org.eclipse.jdt.core.dom.ASTConverter.convert(ASTConverter.java:880)
	at org.eclipse.jdt.core.dom.ASTConverter.convert(ASTConverter.java:2038)
	at org.eclipse.jdt.core.dom.ASTConverter.convertToParenthesizedExpression(ASTConverter.java:3882)
	at org.eclipse.jdt.core.dom.ASTConverter.convert(ASTConverter.java:1953)
	at org.eclipse.jdt.core.dom.ASTConverter.convert(ASTConverter.java:1204)
	at org.eclipse.jdt.core.dom.ASTConverter.convert(ASTConverter.java:1990)
	at org.eclipse.jdt.core.dom.ASTConverter.convert(ASTConverter.java:3124)
	at org.eclipse.jdt.core.dom.ASTConverter.convert(ASTConverter.java:2273)
	at org.eclipse.jdt.core.dom.ASTConverter.convert(ASTConverter.java:3066)
	at org.eclipse.jdt.core.dom.ASTConverter.convert(ASTConverter.java:1383)
	at org.eclipse.jdt.core.dom.ASTConverter.convert(ASTConverter.java:3042)
	at org.eclipse.jdt.core.dom.ASTConverter.convert(ASTConverter.java:2220)
	at org.eclipse.jdt.core.dom.ASTConverter.convert(ASTConverter.java:3063)
	at org.eclipse.jdt.core.dom.ASTConverter.convert(ASTConverter.java:751)
	at org.eclipse.jdt.core.dom.ASTConverter.buildBodyDeclarations(ASTConverter.java:208)
	at org.eclipse.jdt.core.dom.ASTConverter.convert(ASTConverter.java:3419)
	at org.eclipse.jdt.core.dom.ASTConverter.convert(ASTConverter.java:1534)
	at org.eclipse.jdt.core.dom.CompilationUnitResolver.convert(CompilationUnitResolver.java:344)
	at org.eclipse.jdt.core.dom.ASTParser.internalCreateAST(ASTParser.java:1272)
	at org.eclipse.jdt.core.dom.ASTParser.createAST(ASTParser.java:868)
	at org.eclipse.jdt.core.manipulation.CoreASTProvider$1.run(CoreASTProvider.java:294)
	at org.eclipse.core.runtime.SafeRunner.run(SafeRunner.java:45)
	at org.eclipse.jdt.core.manipulation.CoreASTProvider.createAST(CoreASTProvider.java:286)
	at org.eclipse.jdt.core.manipulation.CoreASTProvider.getAST(CoreASTProvider.java:199)
	at org.eclipse.jdt.core.manipulation.SharedASTProviderCore.getAST(SharedASTProviderCore.java:138)
	at org.eclipse.jdt.internal.ui.viewsupport.SelectionListenerWithASTManager$PartListenerGroup.calculateASTandInform(SelectionListenerWithASTManager.java:166)
	at org.eclipse.jdt.internal.ui.viewsupport.SelectionListenerWithASTManager$PartListenerGroup$1.run(SelectionListenerWithASTManager.java:151)
	at org.eclipse.core.internal.jobs.Worker.run(Worker.java:63)

!ENTRY org.eclipse.jdt.core.manipulation 4 2 2025-04-01 21:55:20.704
!MESSAGE Problems occurred when invoking code from plug-in: "org.eclipse.jdt.core.manipulation".
!STACK 0
java.lang.IllegalArgumentException
	at org.eclipse.jdt.core.dom.InfixExpression.setOperator(InfixExpression.java:383)
	at org.eclipse.jdt.core.dom.ASTConverter.convert(ASTConverter.java:880)
	at org.eclipse.jdt.core.dom.ASTConverter.convert(ASTConverter.java:2038)
	at org.eclipse.jdt.core.dom.ASTConverter.convertToParenthesizedExpression(ASTConverter.java:3882)
	at org.eclipse.jdt.core.dom.ASTConverter.convert(ASTConverter.java:1953)
	at org.eclipse.jdt.core.dom.ASTConverter.convert(ASTConverter.java:1204)
	at org.eclipse.jdt.core.dom.ASTConverter.convert(ASTConverter.java:1990)
	at org.eclipse.jdt.core.dom.ASTConverter.convert(ASTConverter.java:3124)
	at org.eclipse.jdt.core.dom.ASTConverter.convert(ASTConverter.java:2273)
	at org.eclipse.jdt.core.dom.ASTConverter.convert(ASTConverter.java:3066)
	at org.eclipse.jdt.core.dom.ASTConverter.convert(ASTConverter.java:1383)
	at org.eclipse.jdt.core.dom.ASTConverter.convert(ASTConverter.java:3042)
	at org.eclipse.jdt.core.dom.ASTConverter.convert(ASTConverter.java:2220)
	at org.eclipse.jdt.core.dom.ASTConverter.convert(ASTConverter.java:3063)
	at org.eclipse.jdt.core.dom.ASTConverter.convert(ASTConverter.java:751)
	at org.eclipse.jdt.core.dom.ASTConverter.buildBodyDeclarations(ASTConverter.java:208)
	at org.eclipse.jdt.core.dom.ASTConverter.convert(ASTConverter.java:3419)
	at org.eclipse.jdt.core.dom.ASTConverter.convert(ASTConverter.java:1534)
	at org.eclipse.jdt.core.dom.CompilationUnitResolver.convert(CompilationUnitResolver.java:344)
	at org.eclipse.jdt.core.dom.ASTParser.internalCreateAST(ASTParser.java:1272)
	at org.eclipse.jdt.core.dom.ASTParser.createAST(ASTParser.java:868)
	at org.eclipse.jdt.core.manipulation.CoreASTProvider$1.run(CoreASTProvider.java:294)
	at org.eclipse.core.runtime.SafeRunner.run(SafeRunner.java:45)
	at org.eclipse.jdt.core.manipulation.CoreASTProvider.createAST(CoreASTProvider.java:286)
	at org.eclipse.jdt.core.manipulation.CoreASTProvider.getAST(CoreASTProvider.java:199)
	at org.eclipse.jdt.core.manipulation.SharedASTProviderCore.getAST(SharedASTProviderCore.java:138)
	at org.eclipse.jdt.internal.ui.viewsupport.SelectionListenerWithASTManager$PartListenerGroup.calculateASTandInform(SelectionListenerWithASTManager.java:166)
	at org.eclipse.jdt.internal.ui.viewsupport.SelectionListenerWithASTManager$PartListenerGroup$1.run(SelectionListenerWithASTManager.java:151)
	at org.eclipse.core.internal.jobs.Worker.run(Worker.java:63)

!ENTRY org.eclipse.jdt.core.manipulation 4 0 2025-04-01 21:55:20.705
!MESSAGE Error in JDT Core during AST creation
!STACK 0
java.lang.IllegalArgumentException
	at org.eclipse.jdt.core.dom.InfixExpression.setOperator(InfixExpression.java:383)
	at org.eclipse.jdt.core.dom.ASTConverter.convert(ASTConverter.java:880)
	at org.eclipse.jdt.core.dom.ASTConverter.convert(ASTConverter.java:2038)
	at org.eclipse.jdt.core.dom.ASTConverter.convertToParenthesizedExpression(ASTConverter.java:3882)
	at org.eclipse.jdt.core.dom.ASTConverter.convert(ASTConverter.java:1953)
	at org.eclipse.jdt.core.dom.ASTConverter.convert(ASTConverter.java:1204)
	at org.eclipse.jdt.core.dom.ASTConverter.convert(ASTConverter.java:1990)
	at org.eclipse.jdt.core.dom.ASTConverter.convert(ASTConverter.java:3124)
	at org.eclipse.jdt.core.dom.ASTConverter.convert(ASTConverter.java:2273)
	at org.eclipse.jdt.core.dom.ASTConverter.convert(ASTConverter.java:3066)
	at org.eclipse.jdt.core.dom.ASTConverter.convert(ASTConverter.java:1383)
	at org.eclipse.jdt.core.dom.ASTConverter.convert(ASTConverter.java:3042)
	at org.eclipse.jdt.core.dom.ASTConverter.convert(ASTConverter.java:2220)
	at org.eclipse.jdt.core.dom.ASTConverter.convert(ASTConverter.java:3063)
	at org.eclipse.jdt.core.dom.ASTConverter.convert(ASTConverter.java:751)
	at org.eclipse.jdt.core.dom.ASTConverter.buildBodyDeclarations(ASTConverter.java:208)
	at org.eclipse.jdt.core.dom.ASTConverter.convert(ASTConverter.java:3419)
	at org.eclipse.jdt.core.dom.ASTConverter.convert(ASTConverter.java:1534)
	at org.eclipse.jdt.core.dom.CompilationUnitResolver.convert(CompilationUnitResolver.java:344)
	at org.eclipse.jdt.core.dom.ASTParser.internalCreateAST(ASTParser.java:1272)
	at org.eclipse.jdt.core.dom.ASTParser.createAST(ASTParser.java:868)
	at org.eclipse.jdt.core.manipulation.CoreASTProvider$1.run(CoreASTProvider.java:294)
	at org.eclipse.core.runtime.SafeRunner.run(SafeRunner.java:45)
	at org.eclipse.jdt.core.manipulation.CoreASTProvider.createAST(CoreASTProvider.java:286)
	at org.eclipse.jdt.core.manipulation.CoreASTProvider.getAST(CoreASTProvider.java:199)
	at org.eclipse.jdt.core.manipulation.SharedASTProviderCore.getAST(SharedASTProviderCore.java:138)
	at org.eclipse.jdt.internal.ui.viewsupport.SelectionListenerWithASTManager$PartListenerGroup.calculateASTandInform(SelectionListenerWithASTManager.java:166)
	at org.eclipse.jdt.internal.ui.viewsupport.SelectionListenerWithASTManager$PartListenerGroup$1.run(SelectionListenerWithASTManager.java:151)
	at org.eclipse.core.internal.jobs.Worker.run(Worker.java:63)

!ENTRY org.eclipse.jdt.core 4 4 2025-04-01 21:55:25.162
!MESSAGE Exception occurred during compilation unit conversion:
----------------------------------- SOURCE BEGIN -------------------------------------
package _250401;

public class A_강조하기 {

	public static void main(String[] args) {
		// TODO Auto-generated method stub
		String myString = "abstract algebra";
//		String myString = "PrOgRaMmErS";
		String answer ="";
		
		
		
		for(int i =0; i<myString.length(); i++) {
			
			if(myString.charAt(i)=='a') {
				
				answer+= Character.toUpperCase(myString.charAt(i));
			}else(myString.charAt(i)!='A' && myString.charAt(i) ) {
				answer+=  Character.toLowerCase(myString.charAt(i));
			}
							
		}
		
		
		
		//char배열로 생성후 풀이
//		char[] arr  = myString.toCharArray(); 
//		
//		for(int i =0; i<myString.length(); i++) {
//			
//			if(arr[i]=='a') {
//				
//				answer+= Character.toUpperCase(arr[i]);
//			}else {
//				answer+=  Character.toLowerCase(arr[i]);
//			}
//							
//		}
		System.out.println(answer);
	}

}

----------------------------------- SOURCE END -------------------------------------
!STACK 0
java.lang.IllegalArgumentException
	at org.eclipse.jdt.core.dom.InfixExpression.setOperator(InfixExpression.java:383)
	at org.eclipse.jdt.core.dom.ASTConverter.convert(ASTConverter.java:880)
	at org.eclipse.jdt.core.dom.ASTConverter.convert(ASTConverter.java:2038)
	at org.eclipse.jdt.core.dom.ASTConverter.convertToParenthesizedExpression(ASTConverter.java:3882)
	at org.eclipse.jdt.core.dom.ASTConverter.convert(ASTConverter.java:1953)
	at org.eclipse.jdt.core.dom.ASTConverter.convert(ASTConverter.java:1204)
	at org.eclipse.jdt.core.dom.ASTConverter.convert(ASTConverter.java:1990)
	at org.eclipse.jdt.core.dom.ASTConverter.convert(ASTConverter.java:3124)
	at org.eclipse.jdt.core.dom.ASTConverter.convert(ASTConverter.java:2273)
	at org.eclipse.jdt.core.dom.ASTConverter.convert(ASTConverter.java:3066)
	at org.eclipse.jdt.core.dom.ASTConverter.convert(ASTConverter.java:1383)
	at org.eclipse.jdt.core.dom.ASTConverter.convert(ASTConverter.java:3042)
	at org.eclipse.jdt.core.dom.ASTConverter.convert(ASTConverter.java:2220)
	at org.eclipse.jdt.core.dom.ASTConverter.convert(ASTConverter.java:3063)
	at org.eclipse.jdt.core.dom.ASTConverter.convert(ASTConverter.java:751)
	at org.eclipse.jdt.core.dom.ASTConverter.buildBodyDeclarations(ASTConverter.java:208)
	at org.eclipse.jdt.core.dom.ASTConverter.convert(ASTConverter.java:3419)
	at org.eclipse.jdt.core.dom.ASTConverter.convert(ASTConverter.java:1534)
	at org.eclipse.jdt.core.dom.CompilationUnitResolver.convert(CompilationUnitResolver.java:344)
	at org.eclipse.jdt.core.dom.ASTParser.internalCreateAST(ASTParser.java:1272)
	at org.eclipse.jdt.core.dom.ASTParser.createAST(ASTParser.java:868)
	at org.eclipse.jdt.core.manipulation.CoreASTProvider$1.run(CoreASTProvider.java:294)
	at org.eclipse.core.runtime.SafeRunner.run(SafeRunner.java:45)
	at org.eclipse.jdt.core.manipulation.CoreASTProvider.createAST(CoreASTProvider.java:286)
	at org.eclipse.jdt.core.manipulation.CoreASTProvider.getAST(CoreASTProvider.java:199)
	at org.eclipse.jdt.core.manipulation.SharedASTProviderCore.getAST(SharedASTProviderCore.java:138)
	at org.eclipse.jdt.internal.ui.viewsupport.SelectionListenerWithASTManager$PartListenerGroup.calculateASTandInform(SelectionListenerWithASTManager.java:166)
	at org.eclipse.jdt.internal.ui.viewsupport.SelectionListenerWithASTManager$PartListenerGroup$1.run(SelectionListenerWithASTManager.java:151)
	at org.eclipse.core.internal.jobs.Worker.run(Worker.java:63)

!ENTRY org.eclipse.jdt.core.manipulation 4 2 2025-04-01 21:55:25.163
!MESSAGE Problems occurred when invoking code from plug-in: "org.eclipse.jdt.core.manipulation".
!STACK 0
java.lang.IllegalArgumentException
	at org.eclipse.jdt.core.dom.InfixExpression.setOperator(InfixExpression.java:383)
	at org.eclipse.jdt.core.dom.ASTConverter.convert(ASTConverter.java:880)
	at org.eclipse.jdt.core.dom.ASTConverter.convert(ASTConverter.java:2038)
	at org.eclipse.jdt.core.dom.ASTConverter.convertToParenthesizedExpression(ASTConverter.java:3882)
	at org.eclipse.jdt.core.dom.ASTConverter.convert(ASTConverter.java:1953)
	at org.eclipse.jdt.core.dom.ASTConverter.convert(ASTConverter.java:1204)
	at org.eclipse.jdt.core.dom.ASTConverter.convert(ASTConverter.java:1990)
	at org.eclipse.jdt.core.dom.ASTConverter.convert(ASTConverter.java:3124)
	at org.eclipse.jdt.core.dom.ASTConverter.convert(ASTConverter.java:2273)
	at org.eclipse.jdt.core.dom.ASTConverter.convert(ASTConverter.java:3066)
	at org.eclipse.jdt.core.dom.ASTConverter.convert(ASTConverter.java:1383)
	at org.eclipse.jdt.core.dom.ASTConverter.convert(ASTConverter.java:3042)
	at org.eclipse.jdt.core.dom.ASTConverter.convert(ASTConverter.java:2220)
	at org.eclipse.jdt.core.dom.ASTConverter.convert(ASTConverter.java:3063)
	at org.eclipse.jdt.core.dom.ASTConverter.convert(ASTConverter.java:751)
	at org.eclipse.jdt.core.dom.ASTConverter.buildBodyDeclarations(ASTConverter.java:208)
	at org.eclipse.jdt.core.dom.ASTConverter.convert(ASTConverter.java:3419)
	at org.eclipse.jdt.core.dom.ASTConverter.convert(ASTConverter.java:1534)
	at org.eclipse.jdt.core.dom.CompilationUnitResolver.convert(CompilationUnitResolver.java:344)
	at org.eclipse.jdt.core.dom.ASTParser.internalCreateAST(ASTParser.java:1272)
	at org.eclipse.jdt.core.dom.ASTParser.createAST(ASTParser.java:868)
	at org.eclipse.jdt.core.manipulation.CoreASTProvider$1.run(CoreASTProvider.java:294)
	at org.eclipse.core.runtime.SafeRunner.run(SafeRunner.java:45)
	at org.eclipse.jdt.core.manipulation.CoreASTProvider.createAST(CoreASTProvider.java:286)
	at org.eclipse.jdt.core.manipulation.CoreASTProvider.getAST(CoreASTProvider.java:199)
	at org.eclipse.jdt.core.manipulation.SharedASTProviderCore.getAST(SharedASTProviderCore.java:138)
	at org.eclipse.jdt.internal.ui.viewsupport.SelectionListenerWithASTManager$PartListenerGroup.calculateASTandInform(SelectionListenerWithASTManager.java:166)
	at org.eclipse.jdt.internal.ui.viewsupport.SelectionListenerWithASTManager$PartListenerGroup$1.run(SelectionListenerWithASTManager.java:151)
	at org.eclipse.core.internal.jobs.Worker.run(Worker.java:63)

!ENTRY org.eclipse.jdt.core.manipulation 4 0 2025-04-01 21:55:25.163
!MESSAGE Error in JDT Core during AST creation
!STACK 0
java.lang.IllegalArgumentException
	at org.eclipse.jdt.core.dom.InfixExpression.setOperator(InfixExpression.java:383)
	at org.eclipse.jdt.core.dom.ASTConverter.convert(ASTConverter.java:880)
	at org.eclipse.jdt.core.dom.ASTConverter.convert(ASTConverter.java:2038)
	at org.eclipse.jdt.core.dom.ASTConverter.convertToParenthesizedExpression(ASTConverter.java:3882)
	at org.eclipse.jdt.core.dom.ASTConverter.convert(ASTConverter.java:1953)
	at org.eclipse.jdt.core.dom.ASTConverter.convert(ASTConverter.java:1204)
	at org.eclipse.jdt.core.dom.ASTConverter.convert(ASTConverter.java:1990)
	at org.eclipse.jdt.core.dom.ASTConverter.convert(ASTConverter.java:3124)
	at org.eclipse.jdt.core.dom.ASTConverter.convert(ASTConverter.java:2273)
	at org.eclipse.jdt.core.dom.ASTConverter.convert(ASTConverter.java:3066)
	at org.eclipse.jdt.core.dom.ASTConverter.convert(ASTConverter.java:1383)
	at org.eclipse.jdt.core.dom.ASTConverter.convert(ASTConverter.java:3042)
	at org.eclipse.jdt.core.dom.ASTConverter.convert(ASTConverter.java:2220)
	at org.eclipse.jdt.core.dom.ASTConverter.convert(ASTConverter.java:3063)
	at org.eclipse.jdt.core.dom.ASTConverter.convert(ASTConverter.java:751)
	at org.eclipse.jdt.core.dom.ASTConverter.buildBodyDeclarations(ASTConverter.java:208)
	at org.eclipse.jdt.core.dom.ASTConverter.convert(ASTConverter.java:3419)
	at org.eclipse.jdt.core.dom.ASTConverter.convert(ASTConverter.java:1534)
	at org.eclipse.jdt.core.dom.CompilationUnitResolver.convert(CompilationUnitResolver.java:344)
	at org.eclipse.jdt.core.dom.ASTParser.internalCreateAST(ASTParser.java:1272)
	at org.eclipse.jdt.core.dom.ASTParser.createAST(ASTParser.java:868)
	at org.eclipse.jdt.core.manipulation.CoreASTProvider$1.run(CoreASTProvider.java:294)
	at org.eclipse.core.runtime.SafeRunner.run(SafeRunner.java:45)
	at org.eclipse.jdt.core.manipulation.CoreASTProvider.createAST(CoreASTProvider.java:286)
	at org.eclipse.jdt.core.manipulation.CoreASTProvider.getAST(CoreASTProvider.java:199)
	at org.eclipse.jdt.core.manipulation.SharedASTProviderCore.getAST(SharedASTProviderCore.java:138)
	at org.eclipse.jdt.internal.ui.viewsupport.SelectionListenerWithASTManager$PartListenerGroup.calculateASTandInform(SelectionListenerWithASTManager.java:166)
	at org.eclipse.jdt.internal.ui.viewsupport.SelectionListenerWithASTManager$PartListenerGroup$1.run(SelectionListenerWithASTManager.java:151)
	at org.eclipse.core.internal.jobs.Worker.run(Worker.java:63)

!ENTRY org.eclipse.jdt.core 4 4 2025-04-01 21:55:28.053
!MESSAGE Exception occurred during compilation unit conversion:
----------------------------------- SOURCE BEGIN -------------------------------------
package _250401;

public class A_강조하기 {

	public static void main(String[] args) {
		// TODO Auto-generated method stub
		String myString = "abstract algebra";
//		String myString = "PrOgRaMmErS";
		String answer ="";
		
		
		
		for(int i =0; i<myString.length(); i++) {
			
			if(myString.charAt(i)=='a') {
				
				answer+= Character.toUpperCase(myString.charAt(i));
			}else(myString.charAt(i)!='A' && myString.charAt(i) ) {
				answer+=  Character.toLowerCase(myString.charAt(i));
			}
							
		}
		
		
		
		//char배열로 생성후 풀이
//		char[] arr  = myString.toCharArray(); 
//		
//		for(int i =0; i<myString.length(); i++) {
//			
//			if(arr[i]=='a') {
//				
//				answer+= Character.toUpperCase(arr[i]);
//			}else {
//				answer+=  Character.toLowerCase(arr[i]);
//			}
//							
//		}
		System.out.println(answer);
	}

}

----------------------------------- SOURCE END -------------------------------------
!STACK 0
java.lang.IllegalArgumentException
	at org.eclipse.jdt.core.dom.InfixExpression.setOperator(InfixExpression.java:383)
	at org.eclipse.jdt.core.dom.ASTConverter.convert(ASTConverter.java:880)
	at org.eclipse.jdt.core.dom.ASTConverter.convert(ASTConverter.java:2038)
	at org.eclipse.jdt.core.dom.ASTConverter.convertToParenthesizedExpression(ASTConverter.java:3882)
	at org.eclipse.jdt.core.dom.ASTConverter.convert(ASTConverter.java:1953)
	at org.eclipse.jdt.core.dom.ASTConverter.convert(ASTConverter.java:1204)
	at org.eclipse.jdt.core.dom.ASTConverter.convert(ASTConverter.java:1990)
	at org.eclipse.jdt.core.dom.ASTConverter.convert(ASTConverter.java:3124)
	at org.eclipse.jdt.core.dom.ASTConverter.convert(ASTConverter.java:2273)
	at org.eclipse.jdt.core.dom.ASTConverter.convert(ASTConverter.java:3066)
	at org.eclipse.jdt.core.dom.ASTConverter.convert(ASTConverter.java:1383)
	at org.eclipse.jdt.core.dom.ASTConverter.convert(ASTConverter.java:3042)
	at org.eclipse.jdt.core.dom.ASTConverter.convert(ASTConverter.java:2220)
	at org.eclipse.jdt.core.dom.ASTConverter.convert(ASTConverter.java:3063)
	at org.eclipse.jdt.core.dom.ASTConverter.convert(ASTConverter.java:751)
	at org.eclipse.jdt.core.dom.ASTConverter.buildBodyDeclarations(ASTConverter.java:208)
	at org.eclipse.jdt.core.dom.ASTConverter.convert(ASTConverter.java:3419)
	at org.eclipse.jdt.core.dom.ASTConverter.convert(ASTConverter.java:1534)
	at org.eclipse.jdt.core.dom.AST.convertCompilationUnit(AST.java:561)
	at org.eclipse.jdt.internal.core.CompilationUnit.buildStructure(CompilationUnit.java:201)
	at org.eclipse.jdt.internal.core.Openable.generateInfos(Openable.java:266)
	at org.eclipse.jdt.internal.core.JavaElement.openWhenClosed(JavaElement.java:597)
	at org.eclipse.jdt.internal.core.CompilationUnit.makeConsistent(CompilationUnit.java:1148)
	at org.eclipse.jdt.internal.core.ReconcileWorkingCopyOperation.makeConsistent(ReconcileWorkingCopyOperation.java:173)
	at org.eclipse.jdt.internal.core.ReconcileWorkingCopyOperation.executeOperation(ReconcileWorkingCopyOperation.java:94)
	at org.eclipse.jdt.internal.core.JavaModelOperation.run(JavaModelOperation.java:740)
	at org.eclipse.jdt.internal.core.JavaModelOperation.runOperation(JavaModelOperation.java:806)
	at org.eclipse.jdt.internal.core.CompilationUnit.reconcile(CompilationUnit.java:1325)
	at org.eclipse.jdt.internal.ui.text.java.JavaReconcilingStrategy.reconcile(JavaReconcilingStrategy.java:132)
	at org.eclipse.jdt.internal.ui.text.java.JavaReconcilingStrategy$1.run(JavaReconcilingStrategy.java:94)
	at org.eclipse.core.runtime.SafeRunner.run(SafeRunner.java:45)
	at org.eclipse.jdt.internal.ui.text.java.JavaReconcilingStrategy.reconcile(JavaReconcilingStrategy.java:91)
	at org.eclipse.jdt.internal.ui.text.java.JavaReconcilingStrategy.reconcile(JavaReconcilingStrategy.java:158)
	at org.eclipse.jdt.internal.ui.text.CompositeReconcilingStrategy.reconcile(CompositeReconcilingStrategy.java:94)
	at org.eclipse.jdt.internal.ui.text.JavaCompositeReconcilingStrategy.reconcile(JavaCompositeReconcilingStrategy.java:107)
	at org.eclipse.jface.text.reconciler.MonoReconciler.process(MonoReconciler.java:78)
	at org.eclipse.jface.text.reconciler.AbstractReconciler$BackgroundThread.run(AbstractReconciler.java:207)

!ENTRY org.eclipse.jdt.ui 4 2 2025-04-01 21:55:28.053
!MESSAGE Problems occurred when invoking code from plug-in: "org.eclipse.jdt.ui".
!STACK 0
java.lang.IllegalArgumentException
	at org.eclipse.jdt.core.dom.InfixExpression.setOperator(InfixExpression.java:383)
	at org.eclipse.jdt.core.dom.ASTConverter.convert(ASTConverter.java:880)
	at org.eclipse.jdt.core.dom.ASTConverter.convert(ASTConverter.java:2038)
	at org.eclipse.jdt.core.dom.ASTConverter.convertToParenthesizedExpression(ASTConverter.java:3882)
	at org.eclipse.jdt.core.dom.ASTConverter.convert(ASTConverter.java:1953)
	at org.eclipse.jdt.core.dom.ASTConverter.convert(ASTConverter.java:1204)
	at org.eclipse.jdt.core.dom.ASTConverter.convert(ASTConverter.java:1990)
	at org.eclipse.jdt.core.dom.ASTConverter.convert(ASTConverter.java:3124)
	at org.eclipse.jdt.core.dom.ASTConverter.convert(ASTConverter.java:2273)
	at org.eclipse.jdt.core.dom.ASTConverter.convert(ASTConverter.java:3066)
	at org.eclipse.jdt.core.dom.ASTConverter.convert(ASTConverter.java:1383)
	at org.eclipse.jdt.core.dom.ASTConverter.convert(ASTConverter.java:3042)
	at org.eclipse.jdt.core.dom.ASTConverter.convert(ASTConverter.java:2220)
	at org.eclipse.jdt.core.dom.ASTConverter.convert(ASTConverter.java:3063)
	at org.eclipse.jdt.core.dom.ASTConverter.convert(ASTConverter.java:751)
	at org.eclipse.jdt.core.dom.ASTConverter.buildBodyDeclarations(ASTConverter.java:208)
	at org.eclipse.jdt.core.dom.ASTConverter.convert(ASTConverter.java:3419)
	at org.eclipse.jdt.core.dom.ASTConverter.convert(ASTConverter.java:1534)
	at org.eclipse.jdt.core.dom.AST.convertCompilationUnit(AST.java:561)
	at org.eclipse.jdt.internal.core.CompilationUnit.buildStructure(CompilationUnit.java:201)
	at org.eclipse.jdt.internal.core.Openable.generateInfos(Openable.java:266)
	at org.eclipse.jdt.internal.core.JavaElement.openWhenClosed(JavaElement.java:597)
	at org.eclipse.jdt.internal.core.CompilationUnit.makeConsistent(CompilationUnit.java:1148)
	at org.eclipse.jdt.internal.core.ReconcileWorkingCopyOperation.makeConsistent(ReconcileWorkingCopyOperation.java:173)
	at org.eclipse.jdt.internal.core.ReconcileWorkingCopyOperation.executeOperation(ReconcileWorkingCopyOperation.java:94)
	at org.eclipse.jdt.internal.core.JavaModelOperation.run(JavaModelOperation.java:740)
	at org.eclipse.jdt.internal.core.JavaModelOperation.runOperation(JavaModelOperation.java:806)
	at org.eclipse.jdt.internal.core.CompilationUnit.reconcile(CompilationUnit.java:1325)
	at org.eclipse.jdt.internal.ui.text.java.JavaReconcilingStrategy.reconcile(JavaReconcilingStrategy.java:132)
	at org.eclipse.jdt.internal.ui.text.java.JavaReconcilingStrategy$1.run(JavaReconcilingStrategy.java:94)
	at org.eclipse.core.runtime.SafeRunner.run(SafeRunner.java:45)
	at org.eclipse.jdt.internal.ui.text.java.JavaReconcilingStrategy.reconcile(JavaReconcilingStrategy.java:91)
	at org.eclipse.jdt.internal.ui.text.java.JavaReconcilingStrategy.reconcile(JavaReconcilingStrategy.java:158)
	at org.eclipse.jdt.internal.ui.text.CompositeReconcilingStrategy.reconcile(CompositeReconcilingStrategy.java:94)
	at org.eclipse.jdt.internal.ui.text.JavaCompositeReconcilingStrategy.reconcile(JavaCompositeReconcilingStrategy.java:107)
	at org.eclipse.jface.text.reconciler.MonoReconciler.process(MonoReconciler.java:78)
	at org.eclipse.jface.text.reconciler.AbstractReconciler$BackgroundThread.run(AbstractReconciler.java:207)

!ENTRY org.eclipse.jdt.ui 4 0 2025-04-01 21:55:28.054
!MESSAGE Error in JDT Core during reconcile
!STACK 0
java.lang.IllegalArgumentException
	at org.eclipse.jdt.core.dom.InfixExpression.setOperator(InfixExpression.java:383)
	at org.eclipse.jdt.core.dom.ASTConverter.convert(ASTConverter.java:880)
	at org.eclipse.jdt.core.dom.ASTConverter.convert(ASTConverter.java:2038)
	at org.eclipse.jdt.core.dom.ASTConverter.convertToParenthesizedExpression(ASTConverter.java:3882)
	at org.eclipse.jdt.core.dom.ASTConverter.convert(ASTConverter.java:1953)
	at org.eclipse.jdt.core.dom.ASTConverter.convert(ASTConverter.java:1204)
	at org.eclipse.jdt.core.dom.ASTConverter.convert(ASTConverter.java:1990)
	at org.eclipse.jdt.core.dom.ASTConverter.convert(ASTConverter.java:3124)
	at org.eclipse.jdt.core.dom.ASTConverter.convert(ASTConverter.java:2273)
	at org.eclipse.jdt.core.dom.ASTConverter.convert(ASTConverter.java:3066)
	at org.eclipse.jdt.core.dom.ASTConverter.convert(ASTConverter.java:1383)
	at org.eclipse.jdt.core.dom.ASTConverter.convert(ASTConverter.java:3042)
	at org.eclipse.jdt.core.dom.ASTConverter.convert(ASTConverter.java:2220)
	at org.eclipse.jdt.core.dom.ASTConverter.convert(ASTConverter.java:3063)
	at org.eclipse.jdt.core.dom.ASTConverter.convert(ASTConverter.java:751)
	at org.eclipse.jdt.core.dom.ASTConverter.buildBodyDeclarations(ASTConverter.java:208)
	at org.eclipse.jdt.core.dom.ASTConverter.convert(ASTConverter.java:3419)
	at org.eclipse.jdt.core.dom.ASTConverter.convert(ASTConverter.java:1534)
	at org.eclipse.jdt.core.dom.AST.convertCompilationUnit(AST.java:561)
	at org.eclipse.jdt.internal.core.CompilationUnit.buildStructure(CompilationUnit.java:201)
	at org.eclipse.jdt.internal.core.Openable.generateInfos(Openable.java:266)
	at org.eclipse.jdt.internal.core.JavaElement.openWhenClosed(JavaElement.java:597)
	at org.eclipse.jdt.internal.core.CompilationUnit.makeConsistent(CompilationUnit.java:1148)
	at org.eclipse.jdt.internal.core.ReconcileWorkingCopyOperation.makeConsistent(ReconcileWorkingCopyOperation.java:173)
	at org.eclipse.jdt.internal.core.ReconcileWorkingCopyOperation.executeOperation(ReconcileWorkingCopyOperation.java:94)
	at org.eclipse.jdt.internal.core.JavaModelOperation.run(JavaModelOperation.java:740)
	at org.eclipse.jdt.internal.core.JavaModelOperation.runOperation(JavaModelOperation.java:806)
	at org.eclipse.jdt.internal.core.CompilationUnit.reconcile(CompilationUnit.java:1325)
	at org.eclipse.jdt.internal.ui.text.java.JavaReconcilingStrategy.reconcile(JavaReconcilingStrategy.java:132)
	at org.eclipse.jdt.internal.ui.text.java.JavaReconcilingStrategy$1.run(JavaReconcilingStrategy.java:94)
	at org.eclipse.core.runtime.SafeRunner.run(SafeRunner.java:45)
	at org.eclipse.jdt.internal.ui.text.java.JavaReconcilingStrategy.reconcile(JavaReconcilingStrategy.java:91)
	at org.eclipse.jdt.internal.ui.text.java.JavaReconcilingStrategy.reconcile(JavaReconcilingStrategy.java:158)
	at org.eclipse.jdt.internal.ui.text.CompositeReconcilingStrategy.reconcile(CompositeReconcilingStrategy.java:94)
	at org.eclipse.jdt.internal.ui.text.JavaCompositeReconcilingStrategy.reconcile(JavaCompositeReconcilingStrategy.java:107)
	at org.eclipse.jface.text.reconciler.MonoReconciler.process(MonoReconciler.java:78)
	at org.eclipse.jface.text.reconciler.AbstractReconciler$BackgroundThread.run(AbstractReconciler.java:207)

!ENTRY org.eclipse.jdt.core 4 4 2025-04-01 21:55:28.643
!MESSAGE Exception occurred during compilation unit conversion:
----------------------------------- SOURCE BEGIN -------------------------------------
package _250401;

public class A_강조하기 {

	public static void main(String[] args) {
		// TODO Auto-generated method stub
		String myString = "abstract algebra";
//		String myString = "PrOgRaMmErS";
		String answer ="";
		
		
		
		for(int i =0; i<myString.length(); i++) {
			
			if(myString.charAt(i)=='a') {
				
				answer+= Character.toUpperCase(myString.charAt(i));
			}else(myString.charAt(i)!='A' &&  myString.charAt(i) ) {
				answer+=  Character.toLowerCase(myString.charAt(i));
			}
							
		}
		
		
		
		//char배열로 생성후 풀이
//		char[] arr  = myString.toCharArray(); 
//		
//		for(int i =0; i<myString.length(); i++) {
//			
//			if(arr[i]=='a') {
//				
//				answer+= Character.toUpperCase(arr[i]);
//			}else {
//				answer+=  Character.toLowerCase(arr[i]);
//			}
//							
//		}
		System.out.println(answer);
	}

}

----------------------------------- SOURCE END -------------------------------------
!STACK 0
java.lang.IllegalArgumentException
	at org.eclipse.jdt.core.dom.InfixExpression.setOperator(InfixExpression.java:383)
	at org.eclipse.jdt.core.dom.ASTConverter.convert(ASTConverter.java:880)
	at org.eclipse.jdt.core.dom.ASTConverter.convert(ASTConverter.java:2038)
	at org.eclipse.jdt.core.dom.ASTConverter.convertToParenthesizedExpression(ASTConverter.java:3882)
	at org.eclipse.jdt.core.dom.ASTConverter.convert(ASTConverter.java:1953)
	at org.eclipse.jdt.core.dom.ASTConverter.convert(ASTConverter.java:1204)
	at org.eclipse.jdt.core.dom.ASTConverter.convert(ASTConverter.java:1990)
	at org.eclipse.jdt.core.dom.ASTConverter.convert(ASTConverter.java:3124)
	at org.eclipse.jdt.core.dom.ASTConverter.convert(ASTConverter.java:2273)
	at org.eclipse.jdt.core.dom.ASTConverter.convert(ASTConverter.java:3066)
	at org.eclipse.jdt.core.dom.ASTConverter.convert(ASTConverter.java:1383)
	at org.eclipse.jdt.core.dom.ASTConverter.convert(ASTConverter.java:3042)
	at org.eclipse.jdt.core.dom.ASTConverter.convert(ASTConverter.java:2220)
	at org.eclipse.jdt.core.dom.ASTConverter.convert(ASTConverter.java:3063)
	at org.eclipse.jdt.core.dom.ASTConverter.convert(ASTConverter.java:751)
	at org.eclipse.jdt.core.dom.ASTConverter.buildBodyDeclarations(ASTConverter.java:208)
	at org.eclipse.jdt.core.dom.ASTConverter.convert(ASTConverter.java:3419)
	at org.eclipse.jdt.core.dom.ASTConverter.convert(ASTConverter.java:1534)
	at org.eclipse.jdt.core.dom.AST.convertCompilationUnit(AST.java:561)
	at org.eclipse.jdt.internal.core.CompilationUnit.buildStructure(CompilationUnit.java:201)
	at org.eclipse.jdt.internal.core.Openable.generateInfos(Openable.java:266)
	at org.eclipse.jdt.internal.core.JavaElement.openWhenClosed(JavaElement.java:597)
	at org.eclipse.jdt.internal.core.CompilationUnit.makeConsistent(CompilationUnit.java:1148)
	at org.eclipse.jdt.internal.core.ReconcileWorkingCopyOperation.makeConsistent(ReconcileWorkingCopyOperation.java:173)
	at org.eclipse.jdt.internal.core.ReconcileWorkingCopyOperation.executeOperation(ReconcileWorkingCopyOperation.java:94)
	at org.eclipse.jdt.internal.core.JavaModelOperation.run(JavaModelOperation.java:740)
	at org.eclipse.jdt.internal.core.JavaModelOperation.runOperation(JavaModelOperation.java:806)
	at org.eclipse.jdt.internal.core.CompilationUnit.reconcile(CompilationUnit.java:1325)
	at org.eclipse.jdt.internal.ui.text.java.JavaReconcilingStrategy.reconcile(JavaReconcilingStrategy.java:132)
	at org.eclipse.jdt.internal.ui.text.java.JavaReconcilingStrategy$1.run(JavaReconcilingStrategy.java:94)
	at org.eclipse.core.runtime.SafeRunner.run(SafeRunner.java:45)
	at org.eclipse.jdt.internal.ui.text.java.JavaReconcilingStrategy.reconcile(JavaReconcilingStrategy.java:91)
	at org.eclipse.jdt.internal.ui.text.java.JavaReconcilingStrategy.reconcile(JavaReconcilingStrategy.java:158)
	at org.eclipse.jdt.internal.ui.text.CompositeReconcilingStrategy.reconcile(CompositeReconcilingStrategy.java:94)
	at org.eclipse.jdt.internal.ui.text.JavaCompositeReconcilingStrategy.reconcile(JavaCompositeReconcilingStrategy.java:107)
	at org.eclipse.jface.text.reconciler.MonoReconciler.process(MonoReconciler.java:78)
	at org.eclipse.jface.text.reconciler.AbstractReconciler$BackgroundThread.run(AbstractReconciler.java:207)

!ENTRY org.eclipse.jdt.ui 4 2 2025-04-01 21:55:28.643
!MESSAGE Problems occurred when invoking code from plug-in: "org.eclipse.jdt.ui".
!STACK 0
java.lang.IllegalArgumentException
	at org.eclipse.jdt.core.dom.InfixExpression.setOperator(InfixExpression.java:383)
	at org.eclipse.jdt.core.dom.ASTConverter.convert(ASTConverter.java:880)
	at org.eclipse.jdt.core.dom.ASTConverter.convert(ASTConverter.java:2038)
	at org.eclipse.jdt.core.dom.ASTConverter.convertToParenthesizedExpression(ASTConverter.java:3882)
	at org.eclipse.jdt.core.dom.ASTConverter.convert(ASTConverter.java:1953)
	at org.eclipse.jdt.core.dom.ASTConverter.convert(ASTConverter.java:1204)
	at org.eclipse.jdt.core.dom.ASTConverter.convert(ASTConverter.java:1990)
	at org.eclipse.jdt.core.dom.ASTConverter.convert(ASTConverter.java:3124)
	at org.eclipse.jdt.core.dom.ASTConverter.convert(ASTConverter.java:2273)
	at org.eclipse.jdt.core.dom.ASTConverter.convert(ASTConverter.java:3066)
	at org.eclipse.jdt.core.dom.ASTConverter.convert(ASTConverter.java:1383)
	at org.eclipse.jdt.core.dom.ASTConverter.convert(ASTConverter.java:3042)
	at org.eclipse.jdt.core.dom.ASTConverter.convert(ASTConverter.java:2220)
	at org.eclipse.jdt.core.dom.ASTConverter.convert(ASTConverter.java:3063)
	at org.eclipse.jdt.core.dom.ASTConverter.convert(ASTConverter.java:751)
	at org.eclipse.jdt.core.dom.ASTConverter.buildBodyDeclarations(ASTConverter.java:208)
	at org.eclipse.jdt.core.dom.ASTConverter.convert(ASTConverter.java:3419)
	at org.eclipse.jdt.core.dom.ASTConverter.convert(ASTConverter.java:1534)
	at org.eclipse.jdt.core.dom.AST.convertCompilationUnit(AST.java:561)
	at org.eclipse.jdt.internal.core.CompilationUnit.buildStructure(CompilationUnit.java:201)
	at org.eclipse.jdt.internal.core.Openable.generateInfos(Openable.java:266)
	at org.eclipse.jdt.internal.core.JavaElement.openWhenClosed(JavaElement.java:597)
	at org.eclipse.jdt.internal.core.CompilationUnit.makeConsistent(CompilationUnit.java:1148)
	at org.eclipse.jdt.internal.core.ReconcileWorkingCopyOperation.makeConsistent(ReconcileWorkingCopyOperation.java:173)
	at org.eclipse.jdt.internal.core.ReconcileWorkingCopyOperation.executeOperation(ReconcileWorkingCopyOperation.java:94)
	at org.eclipse.jdt.internal.core.JavaModelOperation.run(JavaModelOperation.java:740)
	at org.eclipse.jdt.internal.core.JavaModelOperation.runOperation(JavaModelOperation.java:806)
	at org.eclipse.jdt.internal.core.CompilationUnit.reconcile(CompilationUnit.java:1325)
	at org.eclipse.jdt.internal.ui.text.java.JavaReconcilingStrategy.reconcile(JavaReconcilingStrategy.java:132)
	at org.eclipse.jdt.internal.ui.text.java.JavaReconcilingStrategy$1.run(JavaReconcilingStrategy.java:94)
	at org.eclipse.core.runtime.SafeRunner.run(SafeRunner.java:45)
	at org.eclipse.jdt.internal.ui.text.java.JavaReconcilingStrategy.reconcile(JavaReconcilingStrategy.java:91)
	at org.eclipse.jdt.internal.ui.text.java.JavaReconcilingStrategy.reconcile(JavaReconcilingStrategy.java:158)
	at org.eclipse.jdt.internal.ui.text.CompositeReconcilingStrategy.reconcile(CompositeReconcilingStrategy.java:94)
	at org.eclipse.jdt.internal.ui.text.JavaCompositeReconcilingStrategy.reconcile(JavaCompositeReconcilingStrategy.java:107)
	at org.eclipse.jface.text.reconciler.MonoReconciler.process(MonoReconciler.java:78)
	at org.eclipse.jface.text.reconciler.AbstractReconciler$BackgroundThread.run(AbstractReconciler.java:207)

!ENTRY org.eclipse.jdt.ui 4 0 2025-04-01 21:55:28.644
!MESSAGE Error in JDT Core during reconcile
!STACK 0
java.lang.IllegalArgumentException
	at org.eclipse.jdt.core.dom.InfixExpression.setOperator(InfixExpression.java:383)
	at org.eclipse.jdt.core.dom.ASTConverter.convert(ASTConverter.java:880)
	at org.eclipse.jdt.core.dom.ASTConverter.convert(ASTConverter.java:2038)
	at org.eclipse.jdt.core.dom.ASTConverter.convertToParenthesizedExpression(ASTConverter.java:3882)
	at org.eclipse.jdt.core.dom.ASTConverter.convert(ASTConverter.java:1953)
	at org.eclipse.jdt.core.dom.ASTConverter.convert(ASTConverter.java:1204)
	at org.eclipse.jdt.core.dom.ASTConverter.convert(ASTConverter.java:1990)
	at org.eclipse.jdt.core.dom.ASTConverter.convert(ASTConverter.java:3124)
	at org.eclipse.jdt.core.dom.ASTConverter.convert(ASTConverter.java:2273)
	at org.eclipse.jdt.core.dom.ASTConverter.convert(ASTConverter.java:3066)
	at org.eclipse.jdt.core.dom.ASTConverter.convert(ASTConverter.java:1383)
	at org.eclipse.jdt.core.dom.ASTConverter.convert(ASTConverter.java:3042)
	at org.eclipse.jdt.core.dom.ASTConverter.convert(ASTConverter.java:2220)
	at org.eclipse.jdt.core.dom.ASTConverter.convert(ASTConverter.java:3063)
	at org.eclipse.jdt.core.dom.ASTConverter.convert(ASTConverter.java:751)
	at org.eclipse.jdt.core.dom.ASTConverter.buildBodyDeclarations(ASTConverter.java:208)
	at org.eclipse.jdt.core.dom.ASTConverter.convert(ASTConverter.java:3419)
	at org.eclipse.jdt.core.dom.ASTConverter.convert(ASTConverter.java:1534)
	at org.eclipse.jdt.core.dom.AST.convertCompilationUnit(AST.java:561)
	at org.eclipse.jdt.internal.core.CompilationUnit.buildStructure(CompilationUnit.java:201)
	at org.eclipse.jdt.internal.core.Openable.generateInfos(Openable.java:266)
	at org.eclipse.jdt.internal.core.JavaElement.openWhenClosed(JavaElement.java:597)
	at org.eclipse.jdt.internal.core.CompilationUnit.makeConsistent(CompilationUnit.java:1148)
	at org.eclipse.jdt.internal.core.ReconcileWorkingCopyOperation.makeConsistent(ReconcileWorkingCopyOperation.java:173)
	at org.eclipse.jdt.internal.core.ReconcileWorkingCopyOperation.executeOperation(ReconcileWorkingCopyOperation.java:94)
	at org.eclipse.jdt.internal.core.JavaModelOperation.run(JavaModelOperation.java:740)
	at org.eclipse.jdt.internal.core.JavaModelOperation.runOperation(JavaModelOperation.java:806)
	at org.eclipse.jdt.internal.core.CompilationUnit.reconcile(CompilationUnit.java:1325)
	at org.eclipse.jdt.internal.ui.text.java.JavaReconcilingStrategy.reconcile(JavaReconcilingStrategy.java:132)
	at org.eclipse.jdt.internal.ui.text.java.JavaReconcilingStrategy$1.run(JavaReconcilingStrategy.java:94)
	at org.eclipse.core.runtime.SafeRunner.run(SafeRunner.java:45)
	at org.eclipse.jdt.internal.ui.text.java.JavaReconcilingStrategy.reconcile(JavaReconcilingStrategy.java:91)
	at org.eclipse.jdt.internal.ui.text.java.JavaReconcilingStrategy.reconcile(JavaReconcilingStrategy.java:158)
	at org.eclipse.jdt.internal.ui.text.CompositeReconcilingStrategy.reconcile(CompositeReconcilingStrategy.java:94)
	at org.eclipse.jdt.internal.ui.text.JavaCompositeReconcilingStrategy.reconcile(JavaCompositeReconcilingStrategy.java:107)
	at org.eclipse.jface.text.reconciler.MonoReconciler.process(MonoReconciler.java:78)
	at org.eclipse.jface.text.reconciler.AbstractReconciler$BackgroundThread.run(AbstractReconciler.java:207)

!ENTRY org.eclipse.jdt.core 4 4 2025-04-01 21:55:46.335
!MESSAGE Exception occurred during compilation unit conversion:
----------------------------------- SOURCE BEGIN -------------------------------------
package _250401;

public class A_강조하기 {

	public static void main(String[] args) {
		// TODO Auto-generated method stub
		String myString = "abstract algebra";
//		String myString = "PrOgRaMmErS";
		String answer ="";
		
		
		
		for(int i =0; i<myString.length(); i++) {
			
			if(myString.charAt(i)=='a') {
				
				answer+= Character.toUpperCase(myString.charAt(i));
			}else(myString.charAt(i)!='A' && Character.isLowerCase(0) ) {
				answer+=  Character.toLowerCase(myString.charAt(i));
			}
							
		}
		
		
		
		//char배열로 생성후 풀이
//		char[] arr  = myString.toCharArray(); 
//		
//		for(int i =0; i<myString.length(); i++) {
//			
//			if(arr[i]=='a') {
//				
//				answer+= Character.toUpperCase(arr[i]);
//			}else {
//				answer+=  Character.toLowerCase(arr[i]);
//			}
//							
//		}
		System.out.println(answer);
	}

}

----------------------------------- SOURCE END -------------------------------------
!STACK 0
java.lang.IllegalArgumentException
	at org.eclipse.jdt.core.dom.InfixExpression.setOperator(InfixExpression.java:383)
	at org.eclipse.jdt.core.dom.ASTConverter.convert(ASTConverter.java:880)
	at org.eclipse.jdt.core.dom.ASTConverter.convert(ASTConverter.java:2038)
	at org.eclipse.jdt.core.dom.ASTConverter.convertToParenthesizedExpression(ASTConverter.java:3882)
	at org.eclipse.jdt.core.dom.ASTConverter.convert(ASTConverter.java:1953)
	at org.eclipse.jdt.core.dom.ASTConverter.convert(ASTConverter.java:1204)
	at org.eclipse.jdt.core.dom.ASTConverter.convert(ASTConverter.java:1990)
	at org.eclipse.jdt.core.dom.ASTConverter.convert(ASTConverter.java:3124)
	at org.eclipse.jdt.core.dom.ASTConverter.convert(ASTConverter.java:2273)
	at org.eclipse.jdt.core.dom.ASTConverter.convert(ASTConverter.java:3066)
	at org.eclipse.jdt.core.dom.ASTConverter.convert(ASTConverter.java:1383)
	at org.eclipse.jdt.core.dom.ASTConverter.convert(ASTConverter.java:3042)
	at org.eclipse.jdt.core.dom.ASTConverter.convert(ASTConverter.java:2220)
	at org.eclipse.jdt.core.dom.ASTConverter.convert(ASTConverter.java:3063)
	at org.eclipse.jdt.core.dom.ASTConverter.convert(ASTConverter.java:751)
	at org.eclipse.jdt.core.dom.ASTConverter.buildBodyDeclarations(ASTConverter.java:208)
	at org.eclipse.jdt.core.dom.ASTConverter.convert(ASTConverter.java:3419)
	at org.eclipse.jdt.core.dom.ASTConverter.convert(ASTConverter.java:1534)
	at org.eclipse.jdt.core.dom.AST.convertCompilationUnit(AST.java:561)
	at org.eclipse.jdt.internal.core.CompilationUnit.buildStructure(CompilationUnit.java:201)
	at org.eclipse.jdt.internal.core.Openable.generateInfos(Openable.java:266)
	at org.eclipse.jdt.internal.core.JavaElement.openWhenClosed(JavaElement.java:597)
	at org.eclipse.jdt.internal.core.CompilationUnit.makeConsistent(CompilationUnit.java:1148)
	at org.eclipse.jdt.internal.core.ReconcileWorkingCopyOperation.makeConsistent(ReconcileWorkingCopyOperation.java:173)
	at org.eclipse.jdt.internal.core.ReconcileWorkingCopyOperation.executeOperation(ReconcileWorkingCopyOperation.java:94)
	at org.eclipse.jdt.internal.core.JavaModelOperation.run(JavaModelOperation.java:740)
	at org.eclipse.jdt.internal.core.JavaModelOperation.runOperation(JavaModelOperation.java:806)
	at org.eclipse.jdt.internal.core.CompilationUnit.reconcile(CompilationUnit.java:1325)
	at org.eclipse.jdt.internal.ui.text.java.JavaReconcilingStrategy.reconcile(JavaReconcilingStrategy.java:132)
	at org.eclipse.jdt.internal.ui.text.java.JavaReconcilingStrategy$1.run(JavaReconcilingStrategy.java:94)
	at org.eclipse.core.runtime.SafeRunner.run(SafeRunner.java:45)
	at org.eclipse.jdt.internal.ui.text.java.JavaReconcilingStrategy.reconcile(JavaReconcilingStrategy.java:91)
	at org.eclipse.jdt.internal.ui.text.java.JavaReconcilingStrategy.reconcile(JavaReconcilingStrategy.java:158)
	at org.eclipse.jdt.internal.ui.text.CompositeReconcilingStrategy.reconcile(CompositeReconcilingStrategy.java:94)
	at org.eclipse.jdt.internal.ui.text.JavaCompositeReconcilingStrategy.reconcile(JavaCompositeReconcilingStrategy.java:107)
	at org.eclipse.jface.text.reconciler.MonoReconciler.process(MonoReconciler.java:78)
	at org.eclipse.jface.text.reconciler.AbstractReconciler$BackgroundThread.run(AbstractReconciler.java:207)

!ENTRY org.eclipse.jdt.ui 4 2 2025-04-01 21:55:46.336
!MESSAGE Problems occurred when invoking code from plug-in: "org.eclipse.jdt.ui".
!STACK 0
java.lang.IllegalArgumentException
	at org.eclipse.jdt.core.dom.InfixExpression.setOperator(InfixExpression.java:383)
	at org.eclipse.jdt.core.dom.ASTConverter.convert(ASTConverter.java:880)
	at org.eclipse.jdt.core.dom.ASTConverter.convert(ASTConverter.java:2038)
	at org.eclipse.jdt.core.dom.ASTConverter.convertToParenthesizedExpression(ASTConverter.java:3882)
	at org.eclipse.jdt.core.dom.ASTConverter.convert(ASTConverter.java:1953)
	at org.eclipse.jdt.core.dom.ASTConverter.convert(ASTConverter.java:1204)
	at org.eclipse.jdt.core.dom.ASTConverter.convert(ASTConverter.java:1990)
	at org.eclipse.jdt.core.dom.ASTConverter.convert(ASTConverter.java:3124)
	at org.eclipse.jdt.core.dom.ASTConverter.convert(ASTConverter.java:2273)
	at org.eclipse.jdt.core.dom.ASTConverter.convert(ASTConverter.java:3066)
	at org.eclipse.jdt.core.dom.ASTConverter.convert(ASTConverter.java:1383)
	at org.eclipse.jdt.core.dom.ASTConverter.convert(ASTConverter.java:3042)
	at org.eclipse.jdt.core.dom.ASTConverter.convert(ASTConverter.java:2220)
	at org.eclipse.jdt.core.dom.ASTConverter.convert(ASTConverter.java:3063)
	at org.eclipse.jdt.core.dom.ASTConverter.convert(ASTConverter.java:751)
	at org.eclipse.jdt.core.dom.ASTConverter.buildBodyDeclarations(ASTConverter.java:208)
	at org.eclipse.jdt.core.dom.ASTConverter.convert(ASTConverter.java:3419)
	at org.eclipse.jdt.core.dom.ASTConverter.convert(ASTConverter.java:1534)
	at org.eclipse.jdt.core.dom.AST.convertCompilationUnit(AST.java:561)
	at org.eclipse.jdt.internal.core.CompilationUnit.buildStructure(CompilationUnit.java:201)
	at org.eclipse.jdt.internal.core.Openable.generateInfos(Openable.java:266)
	at org.eclipse.jdt.internal.core.JavaElement.openWhenClosed(JavaElement.java:597)
	at org.eclipse.jdt.internal.core.CompilationUnit.makeConsistent(CompilationUnit.java:1148)
	at org.eclipse.jdt.internal.core.ReconcileWorkingCopyOperation.makeConsistent(ReconcileWorkingCopyOperation.java:173)
	at org.eclipse.jdt.internal.core.ReconcileWorkingCopyOperation.executeOperation(ReconcileWorkingCopyOperation.java:94)
	at org.eclipse.jdt.internal.core.JavaModelOperation.run(JavaModelOperation.java:740)
	at org.eclipse.jdt.internal.core.JavaModelOperation.runOperation(JavaModelOperation.java:806)
	at org.eclipse.jdt.internal.core.CompilationUnit.reconcile(CompilationUnit.java:1325)
	at org.eclipse.jdt.internal.ui.text.java.JavaReconcilingStrategy.reconcile(JavaReconcilingStrategy.java:132)
	at org.eclipse.jdt.internal.ui.text.java.JavaReconcilingStrategy$1.run(JavaReconcilingStrategy.java:94)
	at org.eclipse.core.runtime.SafeRunner.run(SafeRunner.java:45)
	at org.eclipse.jdt.internal.ui.text.java.JavaReconcilingStrategy.reconcile(JavaReconcilingStrategy.java:91)
	at org.eclipse.jdt.internal.ui.text.java.JavaReconcilingStrategy.reconcile(JavaReconcilingStrategy.java:158)
	at org.eclipse.jdt.internal.ui.text.CompositeReconcilingStrategy.reconcile(CompositeReconcilingStrategy.java:94)
	at org.eclipse.jdt.internal.ui.text.JavaCompositeReconcilingStrategy.reconcile(JavaCompositeReconcilingStrategy.java:107)
	at org.eclipse.jface.text.reconciler.MonoReconciler.process(MonoReconciler.java:78)
	at org.eclipse.jface.text.reconciler.AbstractReconciler$BackgroundThread.run(AbstractReconciler.java:207)

!ENTRY org.eclipse.jdt.ui 4 0 2025-04-01 21:55:46.336
!MESSAGE Error in JDT Core during reconcile
!STACK 0
java.lang.IllegalArgumentException
	at org.eclipse.jdt.core.dom.InfixExpression.setOperator(InfixExpression.java:383)
	at org.eclipse.jdt.core.dom.ASTConverter.convert(ASTConverter.java:880)
	at org.eclipse.jdt.core.dom.ASTConverter.convert(ASTConverter.java:2038)
	at org.eclipse.jdt.core.dom.ASTConverter.convertToParenthesizedExpression(ASTConverter.java:3882)
	at org.eclipse.jdt.core.dom.ASTConverter.convert(ASTConverter.java:1953)
	at org.eclipse.jdt.core.dom.ASTConverter.convert(ASTConverter.java:1204)
	at org.eclipse.jdt.core.dom.ASTConverter.convert(ASTConverter.java:1990)
	at org.eclipse.jdt.core.dom.ASTConverter.convert(ASTConverter.java:3124)
	at org.eclipse.jdt.core.dom.ASTConverter.convert(ASTConverter.java:2273)
	at org.eclipse.jdt.core.dom.ASTConverter.convert(ASTConverter.java:3066)
	at org.eclipse.jdt.core.dom.ASTConverter.convert(ASTConverter.java:1383)
	at org.eclipse.jdt.core.dom.ASTConverter.convert(ASTConverter.java:3042)
	at org.eclipse.jdt.core.dom.ASTConverter.convert(ASTConverter.java:2220)
	at org.eclipse.jdt.core.dom.ASTConverter.convert(ASTConverter.java:3063)
	at org.eclipse.jdt.core.dom.ASTConverter.convert(ASTConverter.java:751)
	at org.eclipse.jdt.core.dom.ASTConverter.buildBodyDeclarations(ASTConverter.java:208)
	at org.eclipse.jdt.core.dom.ASTConverter.convert(ASTConverter.java:3419)
	at org.eclipse.jdt.core.dom.ASTConverter.convert(ASTConverter.java:1534)
	at org.eclipse.jdt.core.dom.AST.convertCompilationUnit(AST.java:561)
	at org.eclipse.jdt.internal.core.CompilationUnit.buildStructure(CompilationUnit.java:201)
	at org.eclipse.jdt.internal.core.Openable.generateInfos(Openable.java:266)
	at org.eclipse.jdt.internal.core.JavaElement.openWhenClosed(JavaElement.java:597)
	at org.eclipse.jdt.internal.core.CompilationUnit.makeConsistent(CompilationUnit.java:1148)
	at org.eclipse.jdt.internal.core.ReconcileWorkingCopyOperation.makeConsistent(ReconcileWorkingCopyOperation.java:173)
	at org.eclipse.jdt.internal.core.ReconcileWorkingCopyOperation.executeOperation(ReconcileWorkingCopyOperation.java:94)
	at org.eclipse.jdt.internal.core.JavaModelOperation.run(JavaModelOperation.java:740)
	at org.eclipse.jdt.internal.core.JavaModelOperation.runOperation(JavaModelOperation.java:806)
	at org.eclipse.jdt.internal.core.CompilationUnit.reconcile(CompilationUnit.java:1325)
	at org.eclipse.jdt.internal.ui.text.java.JavaReconcilingStrategy.reconcile(JavaReconcilingStrategy.java:132)
	at org.eclipse.jdt.internal.ui.text.java.JavaReconcilingStrategy$1.run(JavaReconcilingStrategy.java:94)
	at org.eclipse.core.runtime.SafeRunner.run(SafeRunner.java:45)
	at org.eclipse.jdt.internal.ui.text.java.JavaReconcilingStrategy.reconcile(JavaReconcilingStrategy.java:91)
	at org.eclipse.jdt.internal.ui.text.java.JavaReconcilingStrategy.reconcile(JavaReconcilingStrategy.java:158)
	at org.eclipse.jdt.internal.ui.text.CompositeReconcilingStrategy.reconcile(CompositeReconcilingStrategy.java:94)
	at org.eclipse.jdt.internal.ui.text.JavaCompositeReconcilingStrategy.reconcile(JavaCompositeReconcilingStrategy.java:107)
	at org.eclipse.jface.text.reconciler.MonoReconciler.process(MonoReconciler.java:78)
	at org.eclipse.jface.text.reconciler.AbstractReconciler$BackgroundThread.run(AbstractReconciler.java:207)

!ENTRY org.eclipse.jdt.core 4 4 2025-04-01 21:55:46.355
!MESSAGE Exception occurred during compilation unit conversion:
----------------------------------- SOURCE BEGIN -------------------------------------
package _250401;

public class A_강조하기 {

	public static void main(String[] args) {
		// TODO Auto-generated method stub
		String myString = "abstract algebra";
//		String myString = "PrOgRaMmErS";
		String answer ="";
		
		
		
		for(int i =0; i<myString.length(); i++) {
			
			if(myString.charAt(i)=='a') {
				
				answer+= Character.toUpperCase(myString.charAt(i));
			}else(myString.charAt(i)!='A' && Character.isLowerCase(0) ) {
				answer+=  Character.toLowerCase(myString.charAt(i));
			}
							
		}
		
		
		
		//char배열로 생성후 풀이
//		char[] arr  = myString.toCharArray(); 
//		
//		for(int i =0; i<myString.length(); i++) {
//			
//			if(arr[i]=='a') {
//				
//				answer+= Character.toUpperCase(arr[i]);
//			}else {
//				answer+=  Character.toLowerCase(arr[i]);
//			}
//							
//		}
		System.out.println(answer);
	}

}

----------------------------------- SOURCE END -------------------------------------
!STACK 0
java.lang.IllegalArgumentException
	at org.eclipse.jdt.core.dom.InfixExpression.setOperator(InfixExpression.java:383)
	at org.eclipse.jdt.core.dom.ASTConverter.convert(ASTConverter.java:880)
	at org.eclipse.jdt.core.dom.ASTConverter.convert(ASTConverter.java:2038)
	at org.eclipse.jdt.core.dom.ASTConverter.convertToParenthesizedExpression(ASTConverter.java:3882)
	at org.eclipse.jdt.core.dom.ASTConverter.convert(ASTConverter.java:1953)
	at org.eclipse.jdt.core.dom.ASTConverter.convert(ASTConverter.java:1204)
	at org.eclipse.jdt.core.dom.ASTConverter.convert(ASTConverter.java:1990)
	at org.eclipse.jdt.core.dom.ASTConverter.convert(ASTConverter.java:3124)
	at org.eclipse.jdt.core.dom.ASTConverter.convert(ASTConverter.java:2273)
	at org.eclipse.jdt.core.dom.ASTConverter.convert(ASTConverter.java:3066)
	at org.eclipse.jdt.core.dom.ASTConverter.convert(ASTConverter.java:1383)
	at org.eclipse.jdt.core.dom.ASTConverter.convert(ASTConverter.java:3042)
	at org.eclipse.jdt.core.dom.ASTConverter.convert(ASTConverter.java:2220)
	at org.eclipse.jdt.core.dom.ASTConverter.convert(ASTConverter.java:3063)
	at org.eclipse.jdt.core.dom.ASTConverter.convert(ASTConverter.java:751)
	at org.eclipse.jdt.core.dom.ASTConverter.buildBodyDeclarations(ASTConverter.java:208)
	at org.eclipse.jdt.core.dom.ASTConverter.convert(ASTConverter.java:3419)
	at org.eclipse.jdt.core.dom.ASTConverter.convert(ASTConverter.java:1534)
	at org.eclipse.jdt.core.dom.CompilationUnitResolver.convert(CompilationUnitResolver.java:344)
	at org.eclipse.jdt.core.dom.ASTParser.internalCreateAST(ASTParser.java:1272)
	at org.eclipse.jdt.core.dom.ASTParser.createAST(ASTParser.java:868)
	at org.eclipse.jdt.core.manipulation.CoreASTProvider$1.run(CoreASTProvider.java:294)
	at org.eclipse.core.runtime.SafeRunner.run(SafeRunner.java:45)
	at org.eclipse.jdt.core.manipulation.CoreASTProvider.createAST(CoreASTProvider.java:286)
	at org.eclipse.jdt.core.manipulation.CoreASTProvider.getAST(CoreASTProvider.java:199)
	at org.eclipse.jdt.core.manipulation.SharedASTProviderCore.getAST(SharedASTProviderCore.java:138)
	at org.eclipse.jdt.internal.ui.viewsupport.SelectionListenerWithASTManager$PartListenerGroup.calculateASTandInform(SelectionListenerWithASTManager.java:166)
	at org.eclipse.jdt.internal.ui.viewsupport.SelectionListenerWithASTManager$PartListenerGroup$1.run(SelectionListenerWithASTManager.java:151)
	at org.eclipse.core.internal.jobs.Worker.run(Worker.java:63)

!ENTRY org.eclipse.jdt.core.manipulation 4 2 2025-04-01 21:55:46.356
!MESSAGE Problems occurred when invoking code from plug-in: "org.eclipse.jdt.core.manipulation".
!STACK 0
java.lang.IllegalArgumentException
	at org.eclipse.jdt.core.dom.InfixExpression.setOperator(InfixExpression.java:383)
	at org.eclipse.jdt.core.dom.ASTConverter.convert(ASTConverter.java:880)
	at org.eclipse.jdt.core.dom.ASTConverter.convert(ASTConverter.java:2038)
	at org.eclipse.jdt.core.dom.ASTConverter.convertToParenthesizedExpression(ASTConverter.java:3882)
	at org.eclipse.jdt.core.dom.ASTConverter.convert(ASTConverter.java:1953)
	at org.eclipse.jdt.core.dom.ASTConverter.convert(ASTConverter.java:1204)
	at org.eclipse.jdt.core.dom.ASTConverter.convert(ASTConverter.java:1990)
	at org.eclipse.jdt.core.dom.ASTConverter.convert(ASTConverter.java:3124)
	at org.eclipse.jdt.core.dom.ASTConverter.convert(ASTConverter.java:2273)
	at org.eclipse.jdt.core.dom.ASTConverter.convert(ASTConverter.java:3066)
	at org.eclipse.jdt.core.dom.ASTConverter.convert(ASTConverter.java:1383)
	at org.eclipse.jdt.core.dom.ASTConverter.convert(ASTConverter.java:3042)
	at org.eclipse.jdt.core.dom.ASTConverter.convert(ASTConverter.java:2220)
	at org.eclipse.jdt.core.dom.ASTConverter.convert(ASTConverter.java:3063)
	at org.eclipse.jdt.core.dom.ASTConverter.convert(ASTConverter.java:751)
	at org.eclipse.jdt.core.dom.ASTConverter.buildBodyDeclarations(ASTConverter.java:208)
	at org.eclipse.jdt.core.dom.ASTConverter.convert(ASTConverter.java:3419)
	at org.eclipse.jdt.core.dom.ASTConverter.convert(ASTConverter.java:1534)
	at org.eclipse.jdt.core.dom.CompilationUnitResolver.convert(CompilationUnitResolver.java:344)
	at org.eclipse.jdt.core.dom.ASTParser.internalCreateAST(ASTParser.java:1272)
	at org.eclipse.jdt.core.dom.ASTParser.createAST(ASTParser.java:868)
	at org.eclipse.jdt.core.manipulation.CoreASTProvider$1.run(CoreASTProvider.java:294)
	at org.eclipse.core.runtime.SafeRunner.run(SafeRunner.java:45)
	at org.eclipse.jdt.core.manipulation.CoreASTProvider.createAST(CoreASTProvider.java:286)
	at org.eclipse.jdt.core.manipulation.CoreASTProvider.getAST(CoreASTProvider.java:199)
	at org.eclipse.jdt.core.manipulation.SharedASTProviderCore.getAST(SharedASTProviderCore.java:138)
	at org.eclipse.jdt.internal.ui.viewsupport.SelectionListenerWithASTManager$PartListenerGroup.calculateASTandInform(SelectionListenerWithASTManager.java:166)
	at org.eclipse.jdt.internal.ui.viewsupport.SelectionListenerWithASTManager$PartListenerGroup$1.run(SelectionListenerWithASTManager.java:151)
	at org.eclipse.core.internal.jobs.Worker.run(Worker.java:63)

!ENTRY org.eclipse.jdt.core.manipulation 4 0 2025-04-01 21:55:46.357
!MESSAGE Error in JDT Core during AST creation
!STACK 0
java.lang.IllegalArgumentException
	at org.eclipse.jdt.core.dom.InfixExpression.setOperator(InfixExpression.java:383)
	at org.eclipse.jdt.core.dom.ASTConverter.convert(ASTConverter.java:880)
	at org.eclipse.jdt.core.dom.ASTConverter.convert(ASTConverter.java:2038)
	at org.eclipse.jdt.core.dom.ASTConverter.convertToParenthesizedExpression(ASTConverter.java:3882)
	at org.eclipse.jdt.core.dom.ASTConverter.convert(ASTConverter.java:1953)
	at org.eclipse.jdt.core.dom.ASTConverter.convert(ASTConverter.java:1204)
	at org.eclipse.jdt.core.dom.ASTConverter.convert(ASTConverter.java:1990)
	at org.eclipse.jdt.core.dom.ASTConverter.convert(ASTConverter.java:3124)
	at org.eclipse.jdt.core.dom.ASTConverter.convert(ASTConverter.java:2273)
	at org.eclipse.jdt.core.dom.ASTConverter.convert(ASTConverter.java:3066)
	at org.eclipse.jdt.core.dom.ASTConverter.convert(ASTConverter.java:1383)
	at org.eclipse.jdt.core.dom.ASTConverter.convert(ASTConverter.java:3042)
	at org.eclipse.jdt.core.dom.ASTConverter.convert(ASTConverter.java:2220)
	at org.eclipse.jdt.core.dom.ASTConverter.convert(ASTConverter.java:3063)
	at org.eclipse.jdt.core.dom.ASTConverter.convert(ASTConverter.java:751)
	at org.eclipse.jdt.core.dom.ASTConverter.buildBodyDeclarations(ASTConverter.java:208)
	at org.eclipse.jdt.core.dom.ASTConverter.convert(ASTConverter.java:3419)
	at org.eclipse.jdt.core.dom.ASTConverter.convert(ASTConverter.java:1534)
	at org.eclipse.jdt.core.dom.CompilationUnitResolver.convert(CompilationUnitResolver.java:344)
	at org.eclipse.jdt.core.dom.ASTParser.internalCreateAST(ASTParser.java:1272)
	at org.eclipse.jdt.core.dom.ASTParser.createAST(ASTParser.java:868)
	at org.eclipse.jdt.core.manipulation.CoreASTProvider$1.run(CoreASTProvider.java:294)
	at org.eclipse.core.runtime.SafeRunner.run(SafeRunner.java:45)
	at org.eclipse.jdt.core.manipulation.CoreASTProvider.createAST(CoreASTProvider.java:286)
	at org.eclipse.jdt.core.manipulation.CoreASTProvider.getAST(CoreASTProvider.java:199)
	at org.eclipse.jdt.core.manipulation.SharedASTProviderCore.getAST(SharedASTProviderCore.java:138)
	at org.eclipse.jdt.internal.ui.viewsupport.SelectionListenerWithASTManager$PartListenerGroup.calculateASTandInform(SelectionListenerWithASTManager.java:166)
	at org.eclipse.jdt.internal.ui.viewsupport.SelectionListenerWithASTManager$PartListenerGroup$1.run(SelectionListenerWithASTManager.java:151)
	at org.eclipse.core.internal.jobs.Worker.run(Worker.java:63)

!ENTRY org.eclipse.jdt.core 4 4 2025-04-01 21:55:47.100
!MESSAGE Exception occurred during compilation unit conversion:
----------------------------------- SOURCE BEGIN -------------------------------------
package _250401;

public class A_강조하기 {

	public static void main(String[] args) {
		// TODO Auto-generated method stub
		String myString = "abstract algebra";
//		String myString = "PrOgRaMmErS";
		String answer ="";
		
		
		
		for(int i =0; i<myString.length(); i++) {
			
			if(myString.charAt(i)=='a') {
				
				answer+= Character.toUpperCase(myString.charAt(i));
			}else(myString.charAt(i)!='A' && Character.isLowerCase(0) ) {
				answer+=  Character.toLowerCase(myString.charAt(i));
			}
							
		}
		
		
		
		//char배열로 생성후 풀이
//		char[] arr  = myString.toCharArray(); 
//		
//		for(int i =0; i<myString.length(); i++) {
//			
//			if(arr[i]=='a') {
//				
//				answer+= Character.toUpperCase(arr[i]);
//			}else {
//				answer+=  Character.toLowerCase(arr[i]);
//			}
//							
//		}
		System.out.println(answer);
	}

}

----------------------------------- SOURCE END -------------------------------------
!STACK 0
java.lang.IllegalArgumentException
	at org.eclipse.jdt.core.dom.InfixExpression.setOperator(InfixExpression.java:383)
	at org.eclipse.jdt.core.dom.ASTConverter.convert(ASTConverter.java:880)
	at org.eclipse.jdt.core.dom.ASTConverter.convert(ASTConverter.java:2038)
	at org.eclipse.jdt.core.dom.ASTConverter.convertToParenthesizedExpression(ASTConverter.java:3882)
	at org.eclipse.jdt.core.dom.ASTConverter.convert(ASTConverter.java:1953)
	at org.eclipse.jdt.core.dom.ASTConverter.convert(ASTConverter.java:1204)
	at org.eclipse.jdt.core.dom.ASTConverter.convert(ASTConverter.java:1990)
	at org.eclipse.jdt.core.dom.ASTConverter.convert(ASTConverter.java:3124)
	at org.eclipse.jdt.core.dom.ASTConverter.convert(ASTConverter.java:2273)
	at org.eclipse.jdt.core.dom.ASTConverter.convert(ASTConverter.java:3066)
	at org.eclipse.jdt.core.dom.ASTConverter.convert(ASTConverter.java:1383)
	at org.eclipse.jdt.core.dom.ASTConverter.convert(ASTConverter.java:3042)
	at org.eclipse.jdt.core.dom.ASTConverter.convert(ASTConverter.java:2220)
	at org.eclipse.jdt.core.dom.ASTConverter.convert(ASTConverter.java:3063)
	at org.eclipse.jdt.core.dom.ASTConverter.convert(ASTConverter.java:751)
	at org.eclipse.jdt.core.dom.ASTConverter.buildBodyDeclarations(ASTConverter.java:208)
	at org.eclipse.jdt.core.dom.ASTConverter.convert(ASTConverter.java:3419)
	at org.eclipse.jdt.core.dom.ASTConverter.convert(ASTConverter.java:1534)
	at org.eclipse.jdt.core.dom.CompilationUnitResolver.convert(CompilationUnitResolver.java:344)
	at org.eclipse.jdt.core.dom.ASTParser.internalCreateAST(ASTParser.java:1272)
	at org.eclipse.jdt.core.dom.ASTParser.createAST(ASTParser.java:868)
	at org.eclipse.jdt.core.manipulation.CoreASTProvider$1.run(CoreASTProvider.java:294)
	at org.eclipse.core.runtime.SafeRunner.run(SafeRunner.java:45)
	at org.eclipse.jdt.core.manipulation.CoreASTProvider.createAST(CoreASTProvider.java:286)
	at org.eclipse.jdt.core.manipulation.CoreASTProvider.getAST(CoreASTProvider.java:199)
	at org.eclipse.jdt.core.manipulation.SharedASTProviderCore.getAST(SharedASTProviderCore.java:138)
	at org.eclipse.jdt.internal.ui.viewsupport.SelectionListenerWithASTManager$PartListenerGroup.calculateASTandInform(SelectionListenerWithASTManager.java:166)
	at org.eclipse.jdt.internal.ui.viewsupport.SelectionListenerWithASTManager$PartListenerGroup$1.run(SelectionListenerWithASTManager.java:151)
	at org.eclipse.core.internal.jobs.Worker.run(Worker.java:63)

!ENTRY org.eclipse.jdt.core.manipulation 4 2 2025-04-01 21:55:47.100
!MESSAGE Problems occurred when invoking code from plug-in: "org.eclipse.jdt.core.manipulation".
!STACK 0
java.lang.IllegalArgumentException
	at org.eclipse.jdt.core.dom.InfixExpression.setOperator(InfixExpression.java:383)
	at org.eclipse.jdt.core.dom.ASTConverter.convert(ASTConverter.java:880)
	at org.eclipse.jdt.core.dom.ASTConverter.convert(ASTConverter.java:2038)
	at org.eclipse.jdt.core.dom.ASTConverter.convertToParenthesizedExpression(ASTConverter.java:3882)
	at org.eclipse.jdt.core.dom.ASTConverter.convert(ASTConverter.java:1953)
	at org.eclipse.jdt.core.dom.ASTConverter.convert(ASTConverter.java:1204)
	at org.eclipse.jdt.core.dom.ASTConverter.convert(ASTConverter.java:1990)
	at org.eclipse.jdt.core.dom.ASTConverter.convert(ASTConverter.java:3124)
	at org.eclipse.jdt.core.dom.ASTConverter.convert(ASTConverter.java:2273)
	at org.eclipse.jdt.core.dom.ASTConverter.convert(ASTConverter.java:3066)
	at org.eclipse.jdt.core.dom.ASTConverter.convert(ASTConverter.java:1383)
	at org.eclipse.jdt.core.dom.ASTConverter.convert(ASTConverter.java:3042)
	at org.eclipse.jdt.core.dom.ASTConverter.convert(ASTConverter.java:2220)
	at org.eclipse.jdt.core.dom.ASTConverter.convert(ASTConverter.java:3063)
	at org.eclipse.jdt.core.dom.ASTConverter.convert(ASTConverter.java:751)
	at org.eclipse.jdt.core.dom.ASTConverter.buildBodyDeclarations(ASTConverter.java:208)
	at org.eclipse.jdt.core.dom.ASTConverter.convert(ASTConverter.java:3419)
	at org.eclipse.jdt.core.dom.ASTConverter.convert(ASTConverter.java:1534)
	at org.eclipse.jdt.core.dom.CompilationUnitResolver.convert(CompilationUnitResolver.java:344)
	at org.eclipse.jdt.core.dom.ASTParser.internalCreateAST(ASTParser.java:1272)
	at org.eclipse.jdt.core.dom.ASTParser.createAST(ASTParser.java:868)
	at org.eclipse.jdt.core.manipulation.CoreASTProvider$1.run(CoreASTProvider.java:294)
	at org.eclipse.core.runtime.SafeRunner.run(SafeRunner.java:45)
	at org.eclipse.jdt.core.manipulation.CoreASTProvider.createAST(CoreASTProvider.java:286)
	at org.eclipse.jdt.core.manipulation.CoreASTProvider.getAST(CoreASTProvider.java:199)
	at org.eclipse.jdt.core.manipulation.SharedASTProviderCore.getAST(SharedASTProviderCore.java:138)
	at org.eclipse.jdt.internal.ui.viewsupport.SelectionListenerWithASTManager$PartListenerGroup.calculateASTandInform(SelectionListenerWithASTManager.java:166)
	at org.eclipse.jdt.internal.ui.viewsupport.SelectionListenerWithASTManager$PartListenerGroup$1.run(SelectionListenerWithASTManager.java:151)
	at org.eclipse.core.internal.jobs.Worker.run(Worker.java:63)

!ENTRY org.eclipse.jdt.core.manipulation 4 0 2025-04-01 21:55:47.101
!MESSAGE Error in JDT Core during AST creation
!STACK 0
java.lang.IllegalArgumentException
	at org.eclipse.jdt.core.dom.InfixExpression.setOperator(InfixExpression.java:383)
	at org.eclipse.jdt.core.dom.ASTConverter.convert(ASTConverter.java:880)
	at org.eclipse.jdt.core.dom.ASTConverter.convert(ASTConverter.java:2038)
	at org.eclipse.jdt.core.dom.ASTConverter.convertToParenthesizedExpression(ASTConverter.java:3882)
	at org.eclipse.jdt.core.dom.ASTConverter.convert(ASTConverter.java:1953)
	at org.eclipse.jdt.core.dom.ASTConverter.convert(ASTConverter.java:1204)
	at org.eclipse.jdt.core.dom.ASTConverter.convert(ASTConverter.java:1990)
	at org.eclipse.jdt.core.dom.ASTConverter.convert(ASTConverter.java:3124)
	at org.eclipse.jdt.core.dom.ASTConverter.convert(ASTConverter.java:2273)
	at org.eclipse.jdt.core.dom.ASTConverter.convert(ASTConverter.java:3066)
	at org.eclipse.jdt.core.dom.ASTConverter.convert(ASTConverter.java:1383)
	at org.eclipse.jdt.core.dom.ASTConverter.convert(ASTConverter.java:3042)
	at org.eclipse.jdt.core.dom.ASTConverter.convert(ASTConverter.java:2220)
	at org.eclipse.jdt.core.dom.ASTConverter.convert(ASTConverter.java:3063)
	at org.eclipse.jdt.core.dom.ASTConverter.convert(ASTConverter.java:751)
	at org.eclipse.jdt.core.dom.ASTConverter.buildBodyDeclarations(ASTConverter.java:208)
	at org.eclipse.jdt.core.dom.ASTConverter.convert(ASTConverter.java:3419)
	at org.eclipse.jdt.core.dom.ASTConverter.convert(ASTConverter.java:1534)
	at org.eclipse.jdt.core.dom.CompilationUnitResolver.convert(CompilationUnitResolver.java:344)
	at org.eclipse.jdt.core.dom.ASTParser.internalCreateAST(ASTParser.java:1272)
	at org.eclipse.jdt.core.dom.ASTParser.createAST(ASTParser.java:868)
	at org.eclipse.jdt.core.manipulation.CoreASTProvider$1.run(CoreASTProvider.java:294)
	at org.eclipse.core.runtime.SafeRunner.run(SafeRunner.java:45)
	at org.eclipse.jdt.core.manipulation.CoreASTProvider.createAST(CoreASTProvider.java:286)
	at org.eclipse.jdt.core.manipulation.CoreASTProvider.getAST(CoreASTProvider.java:199)
	at org.eclipse.jdt.core.manipulation.SharedASTProviderCore.getAST(SharedASTProviderCore.java:138)
	at org.eclipse.jdt.internal.ui.viewsupport.SelectionListenerWithASTManager$PartListenerGroup.calculateASTandInform(SelectionListenerWithASTManager.java:166)
	at org.eclipse.jdt.internal.ui.viewsupport.SelectionListenerWithASTManager$PartListenerGroup$1.run(SelectionListenerWithASTManager.java:151)
	at org.eclipse.core.internal.jobs.Worker.run(Worker.java:63)

!ENTRY org.eclipse.jdt.core 4 4 2025-04-01 21:55:48.289
!MESSAGE Exception occurred during compilation unit conversion:
----------------------------------- SOURCE BEGIN -------------------------------------
package _250401;

public class A_강조하기 {

	public static void main(String[] args) {
		// TODO Auto-generated method stub
		String myString = "abstract algebra";
//		String myString = "PrOgRaMmErS";
		String answer ="";
		
		
		
		for(int i =0; i<myString.length(); i++) {
			
			if(myString.charAt(i)=='a') {
				
				answer+= Character.toUpperCase(myString.charAt(i));
			}else(myString.charAt(i)!='A' && Character.isLowerCase(myString.charAt(i)) ) {
				answer+=  Character.toLowerCase(myString.charAt(i));
			}
							
		}
		
		
		
		//char배열로 생성후 풀이
//		char[] arr  = myString.toCharArray(); 
//		
//		for(int i =0; i<myString.length(); i++) {
//			
//			if(arr[i]=='a') {
//				
//				answer+= Character.toUpperCase(arr[i]);
//			}else {
//				answer+=  Character.toLowerCase(arr[i]);
//			}
//							
//		}
		System.out.println(answer);
	}

}

----------------------------------- SOURCE END -------------------------------------
!STACK 0
java.lang.IllegalArgumentException
	at org.eclipse.jdt.core.dom.InfixExpression.setOperator(InfixExpression.java:383)
	at org.eclipse.jdt.core.dom.ASTConverter.convert(ASTConverter.java:880)
	at org.eclipse.jdt.core.dom.ASTConverter.convert(ASTConverter.java:2038)
	at org.eclipse.jdt.core.dom.ASTConverter.convertToParenthesizedExpression(ASTConverter.java:3882)
	at org.eclipse.jdt.core.dom.ASTConverter.convert(ASTConverter.java:1953)
	at org.eclipse.jdt.core.dom.ASTConverter.convert(ASTConverter.java:1204)
	at org.eclipse.jdt.core.dom.ASTConverter.convert(ASTConverter.java:1990)
	at org.eclipse.jdt.core.dom.ASTConverter.convert(ASTConverter.java:3124)
	at org.eclipse.jdt.core.dom.ASTConverter.convert(ASTConverter.java:2273)
	at org.eclipse.jdt.core.dom.ASTConverter.convert(ASTConverter.java:3066)
	at org.eclipse.jdt.core.dom.ASTConverter.convert(ASTConverter.java:1383)
	at org.eclipse.jdt.core.dom.ASTConverter.convert(ASTConverter.java:3042)
	at org.eclipse.jdt.core.dom.ASTConverter.convert(ASTConverter.java:2220)
	at org.eclipse.jdt.core.dom.ASTConverter.convert(ASTConverter.java:3063)
	at org.eclipse.jdt.core.dom.ASTConverter.convert(ASTConverter.java:751)
	at org.eclipse.jdt.core.dom.ASTConverter.buildBodyDeclarations(ASTConverter.java:208)
	at org.eclipse.jdt.core.dom.ASTConverter.convert(ASTConverter.java:3419)
	at org.eclipse.jdt.core.dom.ASTConverter.convert(ASTConverter.java:1534)
	at org.eclipse.jdt.core.dom.AST.convertCompilationUnit(AST.java:561)
	at org.eclipse.jdt.internal.core.CompilationUnit.buildStructure(CompilationUnit.java:201)
	at org.eclipse.jdt.internal.core.Openable.generateInfos(Openable.java:266)
	at org.eclipse.jdt.internal.core.JavaElement.openWhenClosed(JavaElement.java:597)
	at org.eclipse.jdt.internal.core.CompilationUnit.makeConsistent(CompilationUnit.java:1148)
	at org.eclipse.jdt.internal.core.ReconcileWorkingCopyOperation.makeConsistent(ReconcileWorkingCopyOperation.java:173)
	at org.eclipse.jdt.internal.core.ReconcileWorkingCopyOperation.executeOperation(ReconcileWorkingCopyOperation.java:94)
	at org.eclipse.jdt.internal.core.JavaModelOperation.run(JavaModelOperation.java:740)
	at org.eclipse.jdt.internal.core.JavaModelOperation.runOperation(JavaModelOperation.java:806)
	at org.eclipse.jdt.internal.core.CompilationUnit.reconcile(CompilationUnit.java:1325)
	at org.eclipse.jdt.internal.ui.text.java.JavaReconcilingStrategy.reconcile(JavaReconcilingStrategy.java:132)
	at org.eclipse.jdt.internal.ui.text.java.JavaReconcilingStrategy$1.run(JavaReconcilingStrategy.java:94)
	at org.eclipse.core.runtime.SafeRunner.run(SafeRunner.java:45)
	at org.eclipse.jdt.internal.ui.text.java.JavaReconcilingStrategy.reconcile(JavaReconcilingStrategy.java:91)
	at org.eclipse.jdt.internal.ui.text.java.JavaReconcilingStrategy.reconcile(JavaReconcilingStrategy.java:158)
	at org.eclipse.jdt.internal.ui.text.CompositeReconcilingStrategy.reconcile(CompositeReconcilingStrategy.java:94)
	at org.eclipse.jdt.internal.ui.text.JavaCompositeReconcilingStrategy.reconcile(JavaCompositeReconcilingStrategy.java:107)
	at org.eclipse.jface.text.reconciler.MonoReconciler.process(MonoReconciler.java:78)
	at org.eclipse.jface.text.reconciler.AbstractReconciler$BackgroundThread.run(AbstractReconciler.java:207)

!ENTRY org.eclipse.jdt.ui 4 2 2025-04-01 21:55:48.290
!MESSAGE Problems occurred when invoking code from plug-in: "org.eclipse.jdt.ui".
!STACK 0
java.lang.IllegalArgumentException
	at org.eclipse.jdt.core.dom.InfixExpression.setOperator(InfixExpression.java:383)
	at org.eclipse.jdt.core.dom.ASTConverter.convert(ASTConverter.java:880)
	at org.eclipse.jdt.core.dom.ASTConverter.convert(ASTConverter.java:2038)
	at org.eclipse.jdt.core.dom.ASTConverter.convertToParenthesizedExpression(ASTConverter.java:3882)
	at org.eclipse.jdt.core.dom.ASTConverter.convert(ASTConverter.java:1953)
	at org.eclipse.jdt.core.dom.ASTConverter.convert(ASTConverter.java:1204)
	at org.eclipse.jdt.core.dom.ASTConverter.convert(ASTConverter.java:1990)
	at org.eclipse.jdt.core.dom.ASTConverter.convert(ASTConverter.java:3124)
	at org.eclipse.jdt.core.dom.ASTConverter.convert(ASTConverter.java:2273)
	at org.eclipse.jdt.core.dom.ASTConverter.convert(ASTConverter.java:3066)
	at org.eclipse.jdt.core.dom.ASTConverter.convert(ASTConverter.java:1383)
	at org.eclipse.jdt.core.dom.ASTConverter.convert(ASTConverter.java:3042)
	at org.eclipse.jdt.core.dom.ASTConverter.convert(ASTConverter.java:2220)
	at org.eclipse.jdt.core.dom.ASTConverter.convert(ASTConverter.java:3063)
	at org.eclipse.jdt.core.dom.ASTConverter.convert(ASTConverter.java:751)
	at org.eclipse.jdt.core.dom.ASTConverter.buildBodyDeclarations(ASTConverter.java:208)
	at org.eclipse.jdt.core.dom.ASTConverter.convert(ASTConverter.java:3419)
	at org.eclipse.jdt.core.dom.ASTConverter.convert(ASTConverter.java:1534)
	at org.eclipse.jdt.core.dom.AST.convertCompilationUnit(AST.java:561)
	at org.eclipse.jdt.internal.core.CompilationUnit.buildStructure(CompilationUnit.java:201)
	at org.eclipse.jdt.internal.core.Openable.generateInfos(Openable.java:266)
	at org.eclipse.jdt.internal.core.JavaElement.openWhenClosed(JavaElement.java:597)
	at org.eclipse.jdt.internal.core.CompilationUnit.makeConsistent(CompilationUnit.java:1148)
	at org.eclipse.jdt.internal.core.ReconcileWorkingCopyOperation.makeConsistent(ReconcileWorkingCopyOperation.java:173)
	at org.eclipse.jdt.internal.core.ReconcileWorkingCopyOperation.executeOperation(ReconcileWorkingCopyOperation.java:94)
	at org.eclipse.jdt.internal.core.JavaModelOperation.run(JavaModelOperation.java:740)
	at org.eclipse.jdt.internal.core.JavaModelOperation.runOperation(JavaModelOperation.java:806)
	at org.eclipse.jdt.internal.core.CompilationUnit.reconcile(CompilationUnit.java:1325)
	at org.eclipse.jdt.internal.ui.text.java.JavaReconcilingStrategy.reconcile(JavaReconcilingStrategy.java:132)
	at org.eclipse.jdt.internal.ui.text.java.JavaReconcilingStrategy$1.run(JavaReconcilingStrategy.java:94)
	at org.eclipse.core.runtime.SafeRunner.run(SafeRunner.java:45)
	at org.eclipse.jdt.internal.ui.text.java.JavaReconcilingStrategy.reconcile(JavaReconcilingStrategy.java:91)
	at org.eclipse.jdt.internal.ui.text.java.JavaReconcilingStrategy.reconcile(JavaReconcilingStrategy.java:158)
	at org.eclipse.jdt.internal.ui.text.CompositeReconcilingStrategy.reconcile(CompositeReconcilingStrategy.java:94)
	at org.eclipse.jdt.internal.ui.text.JavaCompositeReconcilingStrategy.reconcile(JavaCompositeReconcilingStrategy.java:107)
	at org.eclipse.jface.text.reconciler.MonoReconciler.process(MonoReconciler.java:78)
	at org.eclipse.jface.text.reconciler.AbstractReconciler$BackgroundThread.run(AbstractReconciler.java:207)

!ENTRY org.eclipse.jdt.ui 4 0 2025-04-01 21:55:48.291
!MESSAGE Error in JDT Core during reconcile
!STACK 0
java.lang.IllegalArgumentException
	at org.eclipse.jdt.core.dom.InfixExpression.setOperator(InfixExpression.java:383)
	at org.eclipse.jdt.core.dom.ASTConverter.convert(ASTConverter.java:880)
	at org.eclipse.jdt.core.dom.ASTConverter.convert(ASTConverter.java:2038)
	at org.eclipse.jdt.core.dom.ASTConverter.convertToParenthesizedExpression(ASTConverter.java:3882)
	at org.eclipse.jdt.core.dom.ASTConverter.convert(ASTConverter.java:1953)
	at org.eclipse.jdt.core.dom.ASTConverter.convert(ASTConverter.java:1204)
	at org.eclipse.jdt.core.dom.ASTConverter.convert(ASTConverter.java:1990)
	at org.eclipse.jdt.core.dom.ASTConverter.convert(ASTConverter.java:3124)
	at org.eclipse.jdt.core.dom.ASTConverter.convert(ASTConverter.java:2273)
	at org.eclipse.jdt.core.dom.ASTConverter.convert(ASTConverter.java:3066)
	at org.eclipse.jdt.core.dom.ASTConverter.convert(ASTConverter.java:1383)
	at org.eclipse.jdt.core.dom.ASTConverter.convert(ASTConverter.java:3042)
	at org.eclipse.jdt.core.dom.ASTConverter.convert(ASTConverter.java:2220)
	at org.eclipse.jdt.core.dom.ASTConverter.convert(ASTConverter.java:3063)
	at org.eclipse.jdt.core.dom.ASTConverter.convert(ASTConverter.java:751)
	at org.eclipse.jdt.core.dom.ASTConverter.buildBodyDeclarations(ASTConverter.java:208)
	at org.eclipse.jdt.core.dom.ASTConverter.convert(ASTConverter.java:3419)
	at org.eclipse.jdt.core.dom.ASTConverter.convert(ASTConverter.java:1534)
	at org.eclipse.jdt.core.dom.AST.convertCompilationUnit(AST.java:561)
	at org.eclipse.jdt.internal.core.CompilationUnit.buildStructure(CompilationUnit.java:201)
	at org.eclipse.jdt.internal.core.Openable.generateInfos(Openable.java:266)
	at org.eclipse.jdt.internal.core.JavaElement.openWhenClosed(JavaElement.java:597)
	at org.eclipse.jdt.internal.core.CompilationUnit.makeConsistent(CompilationUnit.java:1148)
	at org.eclipse.jdt.internal.core.ReconcileWorkingCopyOperation.makeConsistent(ReconcileWorkingCopyOperation.java:173)
	at org.eclipse.jdt.internal.core.ReconcileWorkingCopyOperation.executeOperation(ReconcileWorkingCopyOperation.java:94)
	at org.eclipse.jdt.internal.core.JavaModelOperation.run(JavaModelOperation.java:740)
	at org.eclipse.jdt.internal.core.JavaModelOperation.runOperation(JavaModelOperation.java:806)
	at org.eclipse.jdt.internal.core.CompilationUnit.reconcile(CompilationUnit.java:1325)
	at org.eclipse.jdt.internal.ui.text.java.JavaReconcilingStrategy.reconcile(JavaReconcilingStrategy.java:132)
	at org.eclipse.jdt.internal.ui.text.java.JavaReconcilingStrategy$1.run(JavaReconcilingStrategy.java:94)
	at org.eclipse.core.runtime.SafeRunner.run(SafeRunner.java:45)
	at org.eclipse.jdt.internal.ui.text.java.JavaReconcilingStrategy.reconcile(JavaReconcilingStrategy.java:91)
	at org.eclipse.jdt.internal.ui.text.java.JavaReconcilingStrategy.reconcile(JavaReconcilingStrategy.java:158)
	at org.eclipse.jdt.internal.ui.text.CompositeReconcilingStrategy.reconcile(CompositeReconcilingStrategy.java:94)
	at org.eclipse.jdt.internal.ui.text.JavaCompositeReconcilingStrategy.reconcile(JavaCompositeReconcilingStrategy.java:107)
	at org.eclipse.jface.text.reconciler.MonoReconciler.process(MonoReconciler.java:78)
	at org.eclipse.jface.text.reconciler.AbstractReconciler$BackgroundThread.run(AbstractReconciler.java:207)

!ENTRY org.eclipse.jdt.core 4 4 2025-04-01 21:55:48.443
!MESSAGE Exception occurred during compilation unit conversion:
----------------------------------- SOURCE BEGIN -------------------------------------
package _250401;

public class A_강조하기 {

	public static void main(String[] args) {
		// TODO Auto-generated method stub
		String myString = "abstract algebra";
//		String myString = "PrOgRaMmErS";
		String answer ="";
		
		
		
		for(int i =0; i<myString.length(); i++) {
			
			if(myString.charAt(i)=='a') {
				
				answer+= Character.toUpperCase(myString.charAt(i));
			}else(myString.charAt(i)!='A' && Character.isLowerCase(myString.charAt(i)) ) {
				answer+=  Character.toLowerCase(myString.charAt(i));
			}
							
		}
		
		
		
		//char배열로 생성후 풀이
//		char[] arr  = myString.toCharArray(); 
//		
//		for(int i =0; i<myString.length(); i++) {
//			
//			if(arr[i]=='a') {
//				
//				answer+= Character.toUpperCase(arr[i]);
//			}else {
//				answer+=  Character.toLowerCase(arr[i]);
//			}
//							
//		}
		System.out.println(answer);
	}

}

----------------------------------- SOURCE END -------------------------------------
!STACK 0
java.lang.IllegalArgumentException
	at org.eclipse.jdt.core.dom.InfixExpression.setOperator(InfixExpression.java:383)
	at org.eclipse.jdt.core.dom.ASTConverter.convert(ASTConverter.java:880)
	at org.eclipse.jdt.core.dom.ASTConverter.convert(ASTConverter.java:2038)
	at org.eclipse.jdt.core.dom.ASTConverter.convertToParenthesizedExpression(ASTConverter.java:3882)
	at org.eclipse.jdt.core.dom.ASTConverter.convert(ASTConverter.java:1953)
	at org.eclipse.jdt.core.dom.ASTConverter.convert(ASTConverter.java:1204)
	at org.eclipse.jdt.core.dom.ASTConverter.convert(ASTConverter.java:1990)
	at org.eclipse.jdt.core.dom.ASTConverter.convert(ASTConverter.java:3124)
	at org.eclipse.jdt.core.dom.ASTConverter.convert(ASTConverter.java:2273)
	at org.eclipse.jdt.core.dom.ASTConverter.convert(ASTConverter.java:3066)
	at org.eclipse.jdt.core.dom.ASTConverter.convert(ASTConverter.java:1383)
	at org.eclipse.jdt.core.dom.ASTConverter.convert(ASTConverter.java:3042)
	at org.eclipse.jdt.core.dom.ASTConverter.convert(ASTConverter.java:2220)
	at org.eclipse.jdt.core.dom.ASTConverter.convert(ASTConverter.java:3063)
	at org.eclipse.jdt.core.dom.ASTConverter.convert(ASTConverter.java:751)
	at org.eclipse.jdt.core.dom.ASTConverter.buildBodyDeclarations(ASTConverter.java:208)
	at org.eclipse.jdt.core.dom.ASTConverter.convert(ASTConverter.java:3419)
	at org.eclipse.jdt.core.dom.ASTConverter.convert(ASTConverter.java:1534)
	at org.eclipse.jdt.core.dom.CompilationUnitResolver.convert(CompilationUnitResolver.java:344)
	at org.eclipse.jdt.core.dom.ASTParser.internalCreateAST(ASTParser.java:1272)
	at org.eclipse.jdt.core.dom.ASTParser.createAST(ASTParser.java:868)
	at org.eclipse.jdt.core.manipulation.CoreASTProvider$1.run(CoreASTProvider.java:294)
	at org.eclipse.core.runtime.SafeRunner.run(SafeRunner.java:45)
	at org.eclipse.jdt.core.manipulation.CoreASTProvider.createAST(CoreASTProvider.java:286)
	at org.eclipse.jdt.core.manipulation.CoreASTProvider.getAST(CoreASTProvider.java:199)
	at org.eclipse.jdt.core.manipulation.SharedASTProviderCore.getAST(SharedASTProviderCore.java:138)
	at org.eclipse.jdt.internal.ui.viewsupport.SelectionListenerWithASTManager$PartListenerGroup.calculateASTandInform(SelectionListenerWithASTManager.java:166)
	at org.eclipse.jdt.internal.ui.viewsupport.SelectionListenerWithASTManager$PartListenerGroup$1.run(SelectionListenerWithASTManager.java:151)
	at org.eclipse.core.internal.jobs.Worker.run(Worker.java:63)

!ENTRY org.eclipse.jdt.core.manipulation 4 2 2025-04-01 21:55:48.446
!MESSAGE Problems occurred when invoking code from plug-in: "org.eclipse.jdt.core.manipulation".
!STACK 0
java.lang.IllegalArgumentException
	at org.eclipse.jdt.core.dom.InfixExpression.setOperator(InfixExpression.java:383)
	at org.eclipse.jdt.core.dom.ASTConverter.convert(ASTConverter.java:880)
	at org.eclipse.jdt.core.dom.ASTConverter.convert(ASTConverter.java:2038)
	at org.eclipse.jdt.core.dom.ASTConverter.convertToParenthesizedExpression(ASTConverter.java:3882)
	at org.eclipse.jdt.core.dom.ASTConverter.convert(ASTConverter.java:1953)
	at org.eclipse.jdt.core.dom.ASTConverter.convert(ASTConverter.java:1204)
	at org.eclipse.jdt.core.dom.ASTConverter.convert(ASTConverter.java:1990)
	at org.eclipse.jdt.core.dom.ASTConverter.convert(ASTConverter.java:3124)
	at org.eclipse.jdt.core.dom.ASTConverter.convert(ASTConverter.java:2273)
	at org.eclipse.jdt.core.dom.ASTConverter.convert(ASTConverter.java:3066)
	at org.eclipse.jdt.core.dom.ASTConverter.convert(ASTConverter.java:1383)
	at org.eclipse.jdt.core.dom.ASTConverter.convert(ASTConverter.java:3042)
	at org.eclipse.jdt.core.dom.ASTConverter.convert(ASTConverter.java:2220)
	at org.eclipse.jdt.core.dom.ASTConverter.convert(ASTConverter.java:3063)
	at org.eclipse.jdt.core.dom.ASTConverter.convert(ASTConverter.java:751)
	at org.eclipse.jdt.core.dom.ASTConverter.buildBodyDeclarations(ASTConverter.java:208)
	at org.eclipse.jdt.core.dom.ASTConverter.convert(ASTConverter.java:3419)
	at org.eclipse.jdt.core.dom.ASTConverter.convert(ASTConverter.java:1534)
	at org.eclipse.jdt.core.dom.CompilationUnitResolver.convert(CompilationUnitResolver.java:344)
	at org.eclipse.jdt.core.dom.ASTParser.internalCreateAST(ASTParser.java:1272)
	at org.eclipse.jdt.core.dom.ASTParser.createAST(ASTParser.java:868)
	at org.eclipse.jdt.core.manipulation.CoreASTProvider$1.run(CoreASTProvider.java:294)
	at org.eclipse.core.runtime.SafeRunner.run(SafeRunner.java:45)
	at org.eclipse.jdt.core.manipulation.CoreASTProvider.createAST(CoreASTProvider.java:286)
	at org.eclipse.jdt.core.manipulation.CoreASTProvider.getAST(CoreASTProvider.java:199)
	at org.eclipse.jdt.core.manipulation.SharedASTProviderCore.getAST(SharedASTProviderCore.java:138)
	at org.eclipse.jdt.internal.ui.viewsupport.SelectionListenerWithASTManager$PartListenerGroup.calculateASTandInform(SelectionListenerWithASTManager.java:166)
	at org.eclipse.jdt.internal.ui.viewsupport.SelectionListenerWithASTManager$PartListenerGroup$1.run(SelectionListenerWithASTManager.java:151)
	at org.eclipse.core.internal.jobs.Worker.run(Worker.java:63)

!ENTRY org.eclipse.jdt.core.manipulation 4 0 2025-04-01 21:55:48.446
!MESSAGE Error in JDT Core during AST creation
!STACK 0
java.lang.IllegalArgumentException
	at org.eclipse.jdt.core.dom.InfixExpression.setOperator(InfixExpression.java:383)
	at org.eclipse.jdt.core.dom.ASTConverter.convert(ASTConverter.java:880)
	at org.eclipse.jdt.core.dom.ASTConverter.convert(ASTConverter.java:2038)
	at org.eclipse.jdt.core.dom.ASTConverter.convertToParenthesizedExpression(ASTConverter.java:3882)
	at org.eclipse.jdt.core.dom.ASTConverter.convert(ASTConverter.java:1953)
	at org.eclipse.jdt.core.dom.ASTConverter.convert(ASTConverter.java:1204)
	at org.eclipse.jdt.core.dom.ASTConverter.convert(ASTConverter.java:1990)
	at org.eclipse.jdt.core.dom.ASTConverter.convert(ASTConverter.java:3124)
	at org.eclipse.jdt.core.dom.ASTConverter.convert(ASTConverter.java:2273)
	at org.eclipse.jdt.core.dom.ASTConverter.convert(ASTConverter.java:3066)
	at org.eclipse.jdt.core.dom.ASTConverter.convert(ASTConverter.java:1383)
	at org.eclipse.jdt.core.dom.ASTConverter.convert(ASTConverter.java:3042)
	at org.eclipse.jdt.core.dom.ASTConverter.convert(ASTConverter.java:2220)
	at org.eclipse.jdt.core.dom.ASTConverter.convert(ASTConverter.java:3063)
	at org.eclipse.jdt.core.dom.ASTConverter.convert(ASTConverter.java:751)
	at org.eclipse.jdt.core.dom.ASTConverter.buildBodyDeclarations(ASTConverter.java:208)
	at org.eclipse.jdt.core.dom.ASTConverter.convert(ASTConverter.java:3419)
	at org.eclipse.jdt.core.dom.ASTConverter.convert(ASTConverter.java:1534)
	at org.eclipse.jdt.core.dom.CompilationUnitResolver.convert(CompilationUnitResolver.java:344)
	at org.eclipse.jdt.core.dom.ASTParser.internalCreateAST(ASTParser.java:1272)
	at org.eclipse.jdt.core.dom.ASTParser.createAST(ASTParser.java:868)
	at org.eclipse.jdt.core.manipulation.CoreASTProvider$1.run(CoreASTProvider.java:294)
	at org.eclipse.core.runtime.SafeRunner.run(SafeRunner.java:45)
	at org.eclipse.jdt.core.manipulation.CoreASTProvider.createAST(CoreASTProvider.java:286)
	at org.eclipse.jdt.core.manipulation.CoreASTProvider.getAST(CoreASTProvider.java:199)
	at org.eclipse.jdt.core.manipulation.SharedASTProviderCore.getAST(SharedASTProviderCore.java:138)
	at org.eclipse.jdt.internal.ui.viewsupport.SelectionListenerWithASTManager$PartListenerGroup.calculateASTandInform(SelectionListenerWithASTManager.java:166)
	at org.eclipse.jdt.internal.ui.viewsupport.SelectionListenerWithASTManager$PartListenerGroup$1.run(SelectionListenerWithASTManager.java:151)
	at org.eclipse.core.internal.jobs.Worker.run(Worker.java:63)

!ENTRY org.eclipse.jdt.core 4 4 2025-04-01 21:56:00.012
!MESSAGE Exception occurred during compilation unit conversion:
----------------------------------- SOURCE BEGIN -------------------------------------
package _250401;

public class A_강조하기 {

	public static void main(String[] args) {
		// TODO Auto-generated method stub
		String myString = "abstract algebra";
//		String myString = "PrOgRaMmErS";
		String answer ="";
		
		
		
		for(int i =0; i<myString.length(); i++) {
			
			if(myString.charAt(i)=='a') {
				
				answer+= Character.toUpperCase(myString.charAt(i));
			}else(myString.charAt(i)!='A' && Character.isLowerCase(myString.charAt(i)) ) {
				answer+=  Character.toLowerCase(myString.charAt(i));
			}
							
		}
		
		
		
		//char배열로 생성후 풀이
//		char[] arr  = myString.toCharArray(); 
//		
//		for(int i =0; i<myString.length(); i++) {
//			
//			if(arr[i]=='a') {
//				
//				answer+= Character.toUpperCase(arr[i]);
//			}else {
//				answer+=  Character.toLowerCase(arr[i]);
//			}
//							
//		}
		System.out.println(answer);
	}

}

----------------------------------- SOURCE END -------------------------------------
!STACK 0
java.lang.IllegalArgumentException
	at org.eclipse.jdt.core.dom.InfixExpression.setOperator(InfixExpression.java:383)
	at org.eclipse.jdt.core.dom.ASTConverter.convert(ASTConverter.java:880)
	at org.eclipse.jdt.core.dom.ASTConverter.convert(ASTConverter.java:2038)
	at org.eclipse.jdt.core.dom.ASTConverter.convertToParenthesizedExpression(ASTConverter.java:3882)
	at org.eclipse.jdt.core.dom.ASTConverter.convert(ASTConverter.java:1953)
	at org.eclipse.jdt.core.dom.ASTConverter.convert(ASTConverter.java:1204)
	at org.eclipse.jdt.core.dom.ASTConverter.convert(ASTConverter.java:1990)
	at org.eclipse.jdt.core.dom.ASTConverter.convert(ASTConverter.java:3124)
	at org.eclipse.jdt.core.dom.ASTConverter.convert(ASTConverter.java:2273)
	at org.eclipse.jdt.core.dom.ASTConverter.convert(ASTConverter.java:3066)
	at org.eclipse.jdt.core.dom.ASTConverter.convert(ASTConverter.java:1383)
	at org.eclipse.jdt.core.dom.ASTConverter.convert(ASTConverter.java:3042)
	at org.eclipse.jdt.core.dom.ASTConverter.convert(ASTConverter.java:2220)
	at org.eclipse.jdt.core.dom.ASTConverter.convert(ASTConverter.java:3063)
	at org.eclipse.jdt.core.dom.ASTConverter.convert(ASTConverter.java:751)
	at org.eclipse.jdt.core.dom.ASTConverter.buildBodyDeclarations(ASTConverter.java:208)
	at org.eclipse.jdt.core.dom.ASTConverter.convert(ASTConverter.java:3419)
	at org.eclipse.jdt.core.dom.ASTConverter.convert(ASTConverter.java:1534)
	at org.eclipse.jdt.core.dom.CompilationUnitResolver.convert(CompilationUnitResolver.java:344)
	at org.eclipse.jdt.core.dom.ASTParser.internalCreateAST(ASTParser.java:1272)
	at org.eclipse.jdt.core.dom.ASTParser.createAST(ASTParser.java:868)
	at org.eclipse.jdt.core.manipulation.CoreASTProvider$1.run(CoreASTProvider.java:294)
	at org.eclipse.core.runtime.SafeRunner.run(SafeRunner.java:45)
	at org.eclipse.jdt.core.manipulation.CoreASTProvider.createAST(CoreASTProvider.java:286)
	at org.eclipse.jdt.core.manipulation.CoreASTProvider.getAST(CoreASTProvider.java:199)
	at org.eclipse.jdt.core.manipulation.SharedASTProviderCore.getAST(SharedASTProviderCore.java:138)
	at org.eclipse.jdt.internal.ui.viewsupport.SelectionListenerWithASTManager$PartListenerGroup.calculateASTandInform(SelectionListenerWithASTManager.java:166)
	at org.eclipse.jdt.internal.ui.viewsupport.SelectionListenerWithASTManager$PartListenerGroup$1.run(SelectionListenerWithASTManager.java:151)
	at org.eclipse.core.internal.jobs.Worker.run(Worker.java:63)

!ENTRY org.eclipse.jdt.core.manipulation 4 2 2025-04-01 21:56:00.013
!MESSAGE Problems occurred when invoking code from plug-in: "org.eclipse.jdt.core.manipulation".
!STACK 0
java.lang.IllegalArgumentException
	at org.eclipse.jdt.core.dom.InfixExpression.setOperator(InfixExpression.java:383)
	at org.eclipse.jdt.core.dom.ASTConverter.convert(ASTConverter.java:880)
	at org.eclipse.jdt.core.dom.ASTConverter.convert(ASTConverter.java:2038)
	at org.eclipse.jdt.core.dom.ASTConverter.convertToParenthesizedExpression(ASTConverter.java:3882)
	at org.eclipse.jdt.core.dom.ASTConverter.convert(ASTConverter.java:1953)
	at org.eclipse.jdt.core.dom.ASTConverter.convert(ASTConverter.java:1204)
	at org.eclipse.jdt.core.dom.ASTConverter.convert(ASTConverter.java:1990)
	at org.eclipse.jdt.core.dom.ASTConverter.convert(ASTConverter.java:3124)
	at org.eclipse.jdt.core.dom.ASTConverter.convert(ASTConverter.java:2273)
	at org.eclipse.jdt.core.dom.ASTConverter.convert(ASTConverter.java:3066)
	at org.eclipse.jdt.core.dom.ASTConverter.convert(ASTConverter.java:1383)
	at org.eclipse.jdt.core.dom.ASTConverter.convert(ASTConverter.java:3042)
	at org.eclipse.jdt.core.dom.ASTConverter.convert(ASTConverter.java:2220)
	at org.eclipse.jdt.core.dom.ASTConverter.convert(ASTConverter.java:3063)
	at org.eclipse.jdt.core.dom.ASTConverter.convert(ASTConverter.java:751)
	at org.eclipse.jdt.core.dom.ASTConverter.buildBodyDeclarations(ASTConverter.java:208)
	at org.eclipse.jdt.core.dom.ASTConverter.convert(ASTConverter.java:3419)
	at org.eclipse.jdt.core.dom.ASTConverter.convert(ASTConverter.java:1534)
	at org.eclipse.jdt.core.dom.CompilationUnitResolver.convert(CompilationUnitResolver.java:344)
	at org.eclipse.jdt.core.dom.ASTParser.internalCreateAST(ASTParser.java:1272)
	at org.eclipse.jdt.core.dom.ASTParser.createAST(ASTParser.java:868)
	at org.eclipse.jdt.core.manipulation.CoreASTProvider$1.run(CoreASTProvider.java:294)
	at org.eclipse.core.runtime.SafeRunner.run(SafeRunner.java:45)
	at org.eclipse.jdt.core.manipulation.CoreASTProvider.createAST(CoreASTProvider.java:286)
	at org.eclipse.jdt.core.manipulation.CoreASTProvider.getAST(CoreASTProvider.java:199)
	at org.eclipse.jdt.core.manipulation.SharedASTProviderCore.getAST(SharedASTProviderCore.java:138)
	at org.eclipse.jdt.internal.ui.viewsupport.SelectionListenerWithASTManager$PartListenerGroup.calculateASTandInform(SelectionListenerWithASTManager.java:166)
	at org.eclipse.jdt.internal.ui.viewsupport.SelectionListenerWithASTManager$PartListenerGroup$1.run(SelectionListenerWithASTManager.java:151)
	at org.eclipse.core.internal.jobs.Worker.run(Worker.java:63)

!ENTRY org.eclipse.jdt.core.manipulation 4 0 2025-04-01 21:56:00.014
!MESSAGE Error in JDT Core during AST creation
!STACK 0
java.lang.IllegalArgumentException
	at org.eclipse.jdt.core.dom.InfixExpression.setOperator(InfixExpression.java:383)
	at org.eclipse.jdt.core.dom.ASTConverter.convert(ASTConverter.java:880)
	at org.eclipse.jdt.core.dom.ASTConverter.convert(ASTConverter.java:2038)
	at org.eclipse.jdt.core.dom.ASTConverter.convertToParenthesizedExpression(ASTConverter.java:3882)
	at org.eclipse.jdt.core.dom.ASTConverter.convert(ASTConverter.java:1953)
	at org.eclipse.jdt.core.dom.ASTConverter.convert(ASTConverter.java:1204)
	at org.eclipse.jdt.core.dom.ASTConverter.convert(ASTConverter.java:1990)
	at org.eclipse.jdt.core.dom.ASTConverter.convert(ASTConverter.java:3124)
	at org.eclipse.jdt.core.dom.ASTConverter.convert(ASTConverter.java:2273)
	at org.eclipse.jdt.core.dom.ASTConverter.convert(ASTConverter.java:3066)
	at org.eclipse.jdt.core.dom.ASTConverter.convert(ASTConverter.java:1383)
	at org.eclipse.jdt.core.dom.ASTConverter.convert(ASTConverter.java:3042)
	at org.eclipse.jdt.core.dom.ASTConverter.convert(ASTConverter.java:2220)
	at org.eclipse.jdt.core.dom.ASTConverter.convert(ASTConverter.java:3063)
	at org.eclipse.jdt.core.dom.ASTConverter.convert(ASTConverter.java:751)
	at org.eclipse.jdt.core.dom.ASTConverter.buildBodyDeclarations(ASTConverter.java:208)
	at org.eclipse.jdt.core.dom.ASTConverter.convert(ASTConverter.java:3419)
	at org.eclipse.jdt.core.dom.ASTConverter.convert(ASTConverter.java:1534)
	at org.eclipse.jdt.core.dom.CompilationUnitResolver.convert(CompilationUnitResolver.java:344)
	at org.eclipse.jdt.core.dom.ASTParser.internalCreateAST(ASTParser.java:1272)
	at org.eclipse.jdt.core.dom.ASTParser.createAST(ASTParser.java:868)
	at org.eclipse.jdt.core.manipulation.CoreASTProvider$1.run(CoreASTProvider.java:294)
	at org.eclipse.core.runtime.SafeRunner.run(SafeRunner.java:45)
	at org.eclipse.jdt.core.manipulation.CoreASTProvider.createAST(CoreASTProvider.java:286)
	at org.eclipse.jdt.core.manipulation.CoreASTProvider.getAST(CoreASTProvider.java:199)
	at org.eclipse.jdt.core.manipulation.SharedASTProviderCore.getAST(SharedASTProviderCore.java:138)
	at org.eclipse.jdt.internal.ui.viewsupport.SelectionListenerWithASTManager$PartListenerGroup.calculateASTandInform(SelectionListenerWithASTManager.java:166)
	at org.eclipse.jdt.internal.ui.viewsupport.SelectionListenerWithASTManager$PartListenerGroup$1.run(SelectionListenerWithASTManager.java:151)
	at org.eclipse.core.internal.jobs.Worker.run(Worker.java:63)

!ENTRY org.eclipse.jdt.core 4 4 2025-04-01 21:56:01.371
!MESSAGE Exception occurred during compilation unit conversion:
----------------------------------- SOURCE BEGIN -------------------------------------
package _250401;

public class A_강조하기 {

	public static void main(String[] args) {
		// TODO Auto-generated method stub
		String myString = "abstract algebra";
//		String myString = "PrOgRaMmErS";
		String answer ="";
		
		
		
		for(int i =0; i<myString.length(); i++) {
			
			if(myString.charAt(i)=='a') {
				
				answer+= Character.toUpperCase(myString.charAt(i));
			}else(myString.charAt(i)!='A' && Character.is(myString.charAt(i)) ) {
				answer+=  Character.toLowerCase(myString.charAt(i));
			}
							
		}
		
		
		
		//char배열로 생성후 풀이
//		char[] arr  = myString.toCharArray(); 
//		
//		for(int i =0; i<myString.length(); i++) {
//			
//			if(arr[i]=='a') {
//				
//				answer+= Character.toUpperCase(arr[i]);
//			}else {
//				answer+=  Character.toLowerCase(arr[i]);
//			}
//							
//		}
		System.out.println(answer);
	}

}

----------------------------------- SOURCE END -------------------------------------
!STACK 0
java.lang.IllegalArgumentException
	at org.eclipse.jdt.core.dom.InfixExpression.setOperator(InfixExpression.java:383)
	at org.eclipse.jdt.core.dom.ASTConverter.convert(ASTConverter.java:880)
	at org.eclipse.jdt.core.dom.ASTConverter.convert(ASTConverter.java:2038)
	at org.eclipse.jdt.core.dom.ASTConverter.convertToParenthesizedExpression(ASTConverter.java:3882)
	at org.eclipse.jdt.core.dom.ASTConverter.convert(ASTConverter.java:1953)
	at org.eclipse.jdt.core.dom.ASTConverter.convert(ASTConverter.java:1204)
	at org.eclipse.jdt.core.dom.ASTConverter.convert(ASTConverter.java:1990)
	at org.eclipse.jdt.core.dom.ASTConverter.convert(ASTConverter.java:3124)
	at org.eclipse.jdt.core.dom.ASTConverter.convert(ASTConverter.java:2273)
	at org.eclipse.jdt.core.dom.ASTConverter.convert(ASTConverter.java:3066)
	at org.eclipse.jdt.core.dom.ASTConverter.convert(ASTConverter.java:1383)
	at org.eclipse.jdt.core.dom.ASTConverter.convert(ASTConverter.java:3042)
	at org.eclipse.jdt.core.dom.ASTConverter.convert(ASTConverter.java:2220)
	at org.eclipse.jdt.core.dom.ASTConverter.convert(ASTConverter.java:3063)
	at org.eclipse.jdt.core.dom.ASTConverter.convert(ASTConverter.java:751)
	at org.eclipse.jdt.core.dom.ASTConverter.buildBodyDeclarations(ASTConverter.java:208)
	at org.eclipse.jdt.core.dom.ASTConverter.convert(ASTConverter.java:3419)
	at org.eclipse.jdt.core.dom.ASTConverter.convert(ASTConverter.java:1534)
	at org.eclipse.jdt.core.dom.AST.convertCompilationUnit(AST.java:561)
	at org.eclipse.jdt.internal.core.CompilationUnit.buildStructure(CompilationUnit.java:201)
	at org.eclipse.jdt.internal.core.Openable.generateInfos(Openable.java:266)
	at org.eclipse.jdt.internal.core.JavaElement.openWhenClosed(JavaElement.java:597)
	at org.eclipse.jdt.internal.core.CompilationUnit.makeConsistent(CompilationUnit.java:1148)
	at org.eclipse.jdt.internal.core.ReconcileWorkingCopyOperation.makeConsistent(ReconcileWorkingCopyOperation.java:173)
	at org.eclipse.jdt.internal.core.ReconcileWorkingCopyOperation.executeOperation(ReconcileWorkingCopyOperation.java:94)
	at org.eclipse.jdt.internal.core.JavaModelOperation.run(JavaModelOperation.java:740)
	at org.eclipse.jdt.internal.core.JavaModelOperation.runOperation(JavaModelOperation.java:806)
	at org.eclipse.jdt.internal.core.CompilationUnit.reconcile(CompilationUnit.java:1325)
	at org.eclipse.jdt.internal.ui.text.java.JavaReconcilingStrategy.reconcile(JavaReconcilingStrategy.java:132)
	at org.eclipse.jdt.internal.ui.text.java.JavaReconcilingStrategy$1.run(JavaReconcilingStrategy.java:94)
	at org.eclipse.core.runtime.SafeRunner.run(SafeRunner.java:45)
	at org.eclipse.jdt.internal.ui.text.java.JavaReconcilingStrategy.reconcile(JavaReconcilingStrategy.java:91)
	at org.eclipse.jdt.internal.ui.text.java.JavaReconcilingStrategy.reconcile(JavaReconcilingStrategy.java:158)
	at org.eclipse.jdt.internal.ui.text.CompositeReconcilingStrategy.reconcile(CompositeReconcilingStrategy.java:94)
	at org.eclipse.jdt.internal.ui.text.JavaCompositeReconcilingStrategy.reconcile(JavaCompositeReconcilingStrategy.java:107)
	at org.eclipse.jface.text.reconciler.MonoReconciler.process(MonoReconciler.java:78)
	at org.eclipse.jface.text.reconciler.AbstractReconciler$BackgroundThread.run(AbstractReconciler.java:207)

!ENTRY org.eclipse.jdt.ui 4 2 2025-04-01 21:56:01.372
!MESSAGE Problems occurred when invoking code from plug-in: "org.eclipse.jdt.ui".
!STACK 0
java.lang.IllegalArgumentException
	at org.eclipse.jdt.core.dom.InfixExpression.setOperator(InfixExpression.java:383)
	at org.eclipse.jdt.core.dom.ASTConverter.convert(ASTConverter.java:880)
	at org.eclipse.jdt.core.dom.ASTConverter.convert(ASTConverter.java:2038)
	at org.eclipse.jdt.core.dom.ASTConverter.convertToParenthesizedExpression(ASTConverter.java:3882)
	at org.eclipse.jdt.core.dom.ASTConverter.convert(ASTConverter.java:1953)
	at org.eclipse.jdt.core.dom.ASTConverter.convert(ASTConverter.java:1204)
	at org.eclipse.jdt.core.dom.ASTConverter.convert(ASTConverter.java:1990)
	at org.eclipse.jdt.core.dom.ASTConverter.convert(ASTConverter.java:3124)
	at org.eclipse.jdt.core.dom.ASTConverter.convert(ASTConverter.java:2273)
	at org.eclipse.jdt.core.dom.ASTConverter.convert(ASTConverter.java:3066)
	at org.eclipse.jdt.core.dom.ASTConverter.convert(ASTConverter.java:1383)
	at org.eclipse.jdt.core.dom.ASTConverter.convert(ASTConverter.java:3042)
	at org.eclipse.jdt.core.dom.ASTConverter.convert(ASTConverter.java:2220)
	at org.eclipse.jdt.core.dom.ASTConverter.convert(ASTConverter.java:3063)
	at org.eclipse.jdt.core.dom.ASTConverter.convert(ASTConverter.java:751)
	at org.eclipse.jdt.core.dom.ASTConverter.buildBodyDeclarations(ASTConverter.java:208)
	at org.eclipse.jdt.core.dom.ASTConverter.convert(ASTConverter.java:3419)
	at org.eclipse.jdt.core.dom.ASTConverter.convert(ASTConverter.java:1534)
	at org.eclipse.jdt.core.dom.AST.convertCompilationUnit(AST.java:561)
	at org.eclipse.jdt.internal.core.CompilationUnit.buildStructure(CompilationUnit.java:201)
	at org.eclipse.jdt.internal.core.Openable.generateInfos(Openable.java:266)
	at org.eclipse.jdt.internal.core.JavaElement.openWhenClosed(JavaElement.java:597)
	at org.eclipse.jdt.internal.core.CompilationUnit.makeConsistent(CompilationUnit.java:1148)
	at org.eclipse.jdt.internal.core.ReconcileWorkingCopyOperation.makeConsistent(ReconcileWorkingCopyOperation.java:173)
	at org.eclipse.jdt.internal.core.ReconcileWorkingCopyOperation.executeOperation(ReconcileWorkingCopyOperation.java:94)
	at org.eclipse.jdt.internal.core.JavaModelOperation.run(JavaModelOperation.java:740)
	at org.eclipse.jdt.internal.core.JavaModelOperation.runOperation(JavaModelOperation.java:806)
	at org.eclipse.jdt.internal.core.CompilationUnit.reconcile(CompilationUnit.java:1325)
	at org.eclipse.jdt.internal.ui.text.java.JavaReconcilingStrategy.reconcile(JavaReconcilingStrategy.java:132)
	at org.eclipse.jdt.internal.ui.text.java.JavaReconcilingStrategy$1.run(JavaReconcilingStrategy.java:94)
	at org.eclipse.core.runtime.SafeRunner.run(SafeRunner.java:45)
	at org.eclipse.jdt.internal.ui.text.java.JavaReconcilingStrategy.reconcile(JavaReconcilingStrategy.java:91)
	at org.eclipse.jdt.internal.ui.text.java.JavaReconcilingStrategy.reconcile(JavaReconcilingStrategy.java:158)
	at org.eclipse.jdt.internal.ui.text.CompositeReconcilingStrategy.reconcile(CompositeReconcilingStrategy.java:94)
	at org.eclipse.jdt.internal.ui.text.JavaCompositeReconcilingStrategy.reconcile(JavaCompositeReconcilingStrategy.java:107)
	at org.eclipse.jface.text.reconciler.MonoReconciler.process(MonoReconciler.java:78)
	at org.eclipse.jface.text.reconciler.AbstractReconciler$BackgroundThread.run(AbstractReconciler.java:207)

!ENTRY org.eclipse.jdt.ui 4 0 2025-04-01 21:56:01.372
!MESSAGE Error in JDT Core during reconcile
!STACK 0
java.lang.IllegalArgumentException
	at org.eclipse.jdt.core.dom.InfixExpression.setOperator(InfixExpression.java:383)
	at org.eclipse.jdt.core.dom.ASTConverter.convert(ASTConverter.java:880)
	at org.eclipse.jdt.core.dom.ASTConverter.convert(ASTConverter.java:2038)
	at org.eclipse.jdt.core.dom.ASTConverter.convertToParenthesizedExpression(ASTConverter.java:3882)
	at org.eclipse.jdt.core.dom.ASTConverter.convert(ASTConverter.java:1953)
	at org.eclipse.jdt.core.dom.ASTConverter.convert(ASTConverter.java:1204)
	at org.eclipse.jdt.core.dom.ASTConverter.convert(ASTConverter.java:1990)
	at org.eclipse.jdt.core.dom.ASTConverter.convert(ASTConverter.java:3124)
	at org.eclipse.jdt.core.dom.ASTConverter.convert(ASTConverter.java:2273)
	at org.eclipse.jdt.core.dom.ASTConverter.convert(ASTConverter.java:3066)
	at org.eclipse.jdt.core.dom.ASTConverter.convert(ASTConverter.java:1383)
	at org.eclipse.jdt.core.dom.ASTConverter.convert(ASTConverter.java:3042)
	at org.eclipse.jdt.core.dom.ASTConverter.convert(ASTConverter.java:2220)
	at org.eclipse.jdt.core.dom.ASTConverter.convert(ASTConverter.java:3063)
	at org.eclipse.jdt.core.dom.ASTConverter.convert(ASTConverter.java:751)
	at org.eclipse.jdt.core.dom.ASTConverter.buildBodyDeclarations(ASTConverter.java:208)
	at org.eclipse.jdt.core.dom.ASTConverter.convert(ASTConverter.java:3419)
	at org.eclipse.jdt.core.dom.ASTConverter.convert(ASTConverter.java:1534)
	at org.eclipse.jdt.core.dom.AST.convertCompilationUnit(AST.java:561)
	at org.eclipse.jdt.internal.core.CompilationUnit.buildStructure(CompilationUnit.java:201)
	at org.eclipse.jdt.internal.core.Openable.generateInfos(Openable.java:266)
	at org.eclipse.jdt.internal.core.JavaElement.openWhenClosed(JavaElement.java:597)
	at org.eclipse.jdt.internal.core.CompilationUnit.makeConsistent(CompilationUnit.java:1148)
	at org.eclipse.jdt.internal.core.ReconcileWorkingCopyOperation.makeConsistent(ReconcileWorkingCopyOperation.java:173)
	at org.eclipse.jdt.internal.core.ReconcileWorkingCopyOperation.executeOperation(ReconcileWorkingCopyOperation.java:94)
	at org.eclipse.jdt.internal.core.JavaModelOperation.run(JavaModelOperation.java:740)
	at org.eclipse.jdt.internal.core.JavaModelOperation.runOperation(JavaModelOperation.java:806)
	at org.eclipse.jdt.internal.core.CompilationUnit.reconcile(CompilationUnit.java:1325)
	at org.eclipse.jdt.internal.ui.text.java.JavaReconcilingStrategy.reconcile(JavaReconcilingStrategy.java:132)
	at org.eclipse.jdt.internal.ui.text.java.JavaReconcilingStrategy$1.run(JavaReconcilingStrategy.java:94)
	at org.eclipse.core.runtime.SafeRunner.run(SafeRunner.java:45)
	at org.eclipse.jdt.internal.ui.text.java.JavaReconcilingStrategy.reconcile(JavaReconcilingStrategy.java:91)
	at org.eclipse.jdt.internal.ui.text.java.JavaReconcilingStrategy.reconcile(JavaReconcilingStrategy.java:158)
	at org.eclipse.jdt.internal.ui.text.CompositeReconcilingStrategy.reconcile(CompositeReconcilingStrategy.java:94)
	at org.eclipse.jdt.internal.ui.text.JavaCompositeReconcilingStrategy.reconcile(JavaCompositeReconcilingStrategy.java:107)
	at org.eclipse.jface.text.reconciler.MonoReconciler.process(MonoReconciler.java:78)
	at org.eclipse.jface.text.reconciler.AbstractReconciler$BackgroundThread.run(AbstractReconciler.java:207)

!ENTRY org.eclipse.jdt.core 4 4 2025-04-01 21:56:01.386
!MESSAGE Exception occurred during compilation unit conversion:
----------------------------------- SOURCE BEGIN -------------------------------------
package _250401;

public class A_강조하기 {

	public static void main(String[] args) {
		// TODO Auto-generated method stub
		String myString = "abstract algebra";
//		String myString = "PrOgRaMmErS";
		String answer ="";
		
		
		
		for(int i =0; i<myString.length(); i++) {
			
			if(myString.charAt(i)=='a') {
				
				answer+= Character.toUpperCase(myString.charAt(i));
			}else(myString.charAt(i)!='A' && Character.is(myString.charAt(i)) ) {
				answer+=  Character.toLowerCase(myString.charAt(i));
			}
							
		}
		
		
		
		//char배열로 생성후 풀이
//		char[] arr  = myString.toCharArray(); 
//		
//		for(int i =0; i<myString.length(); i++) {
//			
//			if(arr[i]=='a') {
//				
//				answer+= Character.toUpperCase(arr[i]);
//			}else {
//				answer+=  Character.toLowerCase(arr[i]);
//			}
//							
//		}
		System.out.println(answer);
	}

}

----------------------------------- SOURCE END -------------------------------------
!STACK 0
java.lang.IllegalArgumentException
	at org.eclipse.jdt.core.dom.InfixExpression.setOperator(InfixExpression.java:383)
	at org.eclipse.jdt.core.dom.ASTConverter.convert(ASTConverter.java:880)
	at org.eclipse.jdt.core.dom.ASTConverter.convert(ASTConverter.java:2038)
	at org.eclipse.jdt.core.dom.ASTConverter.convertToParenthesizedExpression(ASTConverter.java:3882)
	at org.eclipse.jdt.core.dom.ASTConverter.convert(ASTConverter.java:1953)
	at org.eclipse.jdt.core.dom.ASTConverter.convert(ASTConverter.java:1204)
	at org.eclipse.jdt.core.dom.ASTConverter.convert(ASTConverter.java:1990)
	at org.eclipse.jdt.core.dom.ASTConverter.convert(ASTConverter.java:3124)
	at org.eclipse.jdt.core.dom.ASTConverter.convert(ASTConverter.java:2273)
	at org.eclipse.jdt.core.dom.ASTConverter.convert(ASTConverter.java:3066)
	at org.eclipse.jdt.core.dom.ASTConverter.convert(ASTConverter.java:1383)
	at org.eclipse.jdt.core.dom.ASTConverter.convert(ASTConverter.java:3042)
	at org.eclipse.jdt.core.dom.ASTConverter.convert(ASTConverter.java:2220)
	at org.eclipse.jdt.core.dom.ASTConverter.convert(ASTConverter.java:3063)
	at org.eclipse.jdt.core.dom.ASTConverter.convert(ASTConverter.java:751)
	at org.eclipse.jdt.core.dom.ASTConverter.buildBodyDeclarations(ASTConverter.java:208)
	at org.eclipse.jdt.core.dom.ASTConverter.convert(ASTConverter.java:3419)
	at org.eclipse.jdt.core.dom.ASTConverter.convert(ASTConverter.java:1534)
	at org.eclipse.jdt.core.dom.CompilationUnitResolver.convert(CompilationUnitResolver.java:344)
	at org.eclipse.jdt.core.dom.ASTParser.internalCreateAST(ASTParser.java:1272)
	at org.eclipse.jdt.core.dom.ASTParser.createAST(ASTParser.java:868)
	at org.eclipse.jdt.core.manipulation.CoreASTProvider$1.run(CoreASTProvider.java:294)
	at org.eclipse.core.runtime.SafeRunner.run(SafeRunner.java:45)
	at org.eclipse.jdt.core.manipulation.CoreASTProvider.createAST(CoreASTProvider.java:286)
	at org.eclipse.jdt.core.manipulation.CoreASTProvider.getAST(CoreASTProvider.java:199)
	at org.eclipse.jdt.core.manipulation.SharedASTProviderCore.getAST(SharedASTProviderCore.java:138)
	at org.eclipse.jdt.internal.ui.viewsupport.SelectionListenerWithASTManager$PartListenerGroup.calculateASTandInform(SelectionListenerWithASTManager.java:166)
	at org.eclipse.jdt.internal.ui.viewsupport.SelectionListenerWithASTManager$PartListenerGroup$1.run(SelectionListenerWithASTManager.java:151)
	at org.eclipse.core.internal.jobs.Worker.run(Worker.java:63)

!ENTRY org.eclipse.jdt.core.manipulation 4 2 2025-04-01 21:56:01.386
!MESSAGE Problems occurred when invoking code from plug-in: "org.eclipse.jdt.core.manipulation".
!STACK 0
java.lang.IllegalArgumentException
	at org.eclipse.jdt.core.dom.InfixExpression.setOperator(InfixExpression.java:383)
	at org.eclipse.jdt.core.dom.ASTConverter.convert(ASTConverter.java:880)
	at org.eclipse.jdt.core.dom.ASTConverter.convert(ASTConverter.java:2038)
	at org.eclipse.jdt.core.dom.ASTConverter.convertToParenthesizedExpression(ASTConverter.java:3882)
	at org.eclipse.jdt.core.dom.ASTConverter.convert(ASTConverter.java:1953)
	at org.eclipse.jdt.core.dom.ASTConverter.convert(ASTConverter.java:1204)
	at org.eclipse.jdt.core.dom.ASTConverter.convert(ASTConverter.java:1990)
	at org.eclipse.jdt.core.dom.ASTConverter.convert(ASTConverter.java:3124)
	at org.eclipse.jdt.core.dom.ASTConverter.convert(ASTConverter.java:2273)
	at org.eclipse.jdt.core.dom.ASTConverter.convert(ASTConverter.java:3066)
	at org.eclipse.jdt.core.dom.ASTConverter.convert(ASTConverter.java:1383)
	at org.eclipse.jdt.core.dom.ASTConverter.convert(ASTConverter.java:3042)
	at org.eclipse.jdt.core.dom.ASTConverter.convert(ASTConverter.java:2220)
	at org.eclipse.jdt.core.dom.ASTConverter.convert(ASTConverter.java:3063)
	at org.eclipse.jdt.core.dom.ASTConverter.convert(ASTConverter.java:751)
	at org.eclipse.jdt.core.dom.ASTConverter.buildBodyDeclarations(ASTConverter.java:208)
	at org.eclipse.jdt.core.dom.ASTConverter.convert(ASTConverter.java:3419)
	at org.eclipse.jdt.core.dom.ASTConverter.convert(ASTConverter.java:1534)
	at org.eclipse.jdt.core.dom.CompilationUnitResolver.convert(CompilationUnitResolver.java:344)
	at org.eclipse.jdt.core.dom.ASTParser.internalCreateAST(ASTParser.java:1272)
	at org.eclipse.jdt.core.dom.ASTParser.createAST(ASTParser.java:868)
	at org.eclipse.jdt.core.manipulation.CoreASTProvider$1.run(CoreASTProvider.java:294)
	at org.eclipse.core.runtime.SafeRunner.run(SafeRunner.java:45)
	at org.eclipse.jdt.core.manipulation.CoreASTProvider.createAST(CoreASTProvider.java:286)
	at org.eclipse.jdt.core.manipulation.CoreASTProvider.getAST(CoreASTProvider.java:199)
	at org.eclipse.jdt.core.manipulation.SharedASTProviderCore.getAST(SharedASTProviderCore.java:138)
	at org.eclipse.jdt.internal.ui.viewsupport.SelectionListenerWithASTManager$PartListenerGroup.calculateASTandInform(SelectionListenerWithASTManager.java:166)
	at org.eclipse.jdt.internal.ui.viewsupport.SelectionListenerWithASTManager$PartListenerGroup$1.run(SelectionListenerWithASTManager.java:151)
	at org.eclipse.core.internal.jobs.Worker.run(Worker.java:63)

!ENTRY org.eclipse.jdt.core.manipulation 4 0 2025-04-01 21:56:01.387
!MESSAGE Error in JDT Core during AST creation
!STACK 0
java.lang.IllegalArgumentException
	at org.eclipse.jdt.core.dom.InfixExpression.setOperator(InfixExpression.java:383)
	at org.eclipse.jdt.core.dom.ASTConverter.convert(ASTConverter.java:880)
	at org.eclipse.jdt.core.dom.ASTConverter.convert(ASTConverter.java:2038)
	at org.eclipse.jdt.core.dom.ASTConverter.convertToParenthesizedExpression(ASTConverter.java:3882)
	at org.eclipse.jdt.core.dom.ASTConverter.convert(ASTConverter.java:1953)
	at org.eclipse.jdt.core.dom.ASTConverter.convert(ASTConverter.java:1204)
	at org.eclipse.jdt.core.dom.ASTConverter.convert(ASTConverter.java:1990)
	at org.eclipse.jdt.core.dom.ASTConverter.convert(ASTConverter.java:3124)
	at org.eclipse.jdt.core.dom.ASTConverter.convert(ASTConverter.java:2273)
	at org.eclipse.jdt.core.dom.ASTConverter.convert(ASTConverter.java:3066)
	at org.eclipse.jdt.core.dom.ASTConverter.convert(ASTConverter.java:1383)
	at org.eclipse.jdt.core.dom.ASTConverter.convert(ASTConverter.java:3042)
	at org.eclipse.jdt.core.dom.ASTConverter.convert(ASTConverter.java:2220)
	at org.eclipse.jdt.core.dom.ASTConverter.convert(ASTConverter.java:3063)
	at org.eclipse.jdt.core.dom.ASTConverter.convert(ASTConverter.java:751)
	at org.eclipse.jdt.core.dom.ASTConverter.buildBodyDeclarations(ASTConverter.java:208)
	at org.eclipse.jdt.core.dom.ASTConverter.convert(ASTConverter.java:3419)
	at org.eclipse.jdt.core.dom.ASTConverter.convert(ASTConverter.java:1534)
	at org.eclipse.jdt.core.dom.CompilationUnitResolver.convert(CompilationUnitResolver.java:344)
	at org.eclipse.jdt.core.dom.ASTParser.internalCreateAST(ASTParser.java:1272)
	at org.eclipse.jdt.core.dom.ASTParser.createAST(ASTParser.java:868)
	at org.eclipse.jdt.core.manipulation.CoreASTProvider$1.run(CoreASTProvider.java:294)
	at org.eclipse.core.runtime.SafeRunner.run(SafeRunner.java:45)
	at org.eclipse.jdt.core.manipulation.CoreASTProvider.createAST(CoreASTProvider.java:286)
	at org.eclipse.jdt.core.manipulation.CoreASTProvider.getAST(CoreASTProvider.java:199)
	at org.eclipse.jdt.core.manipulation.SharedASTProviderCore.getAST(SharedASTProviderCore.java:138)
	at org.eclipse.jdt.internal.ui.viewsupport.SelectionListenerWithASTManager$PartListenerGroup.calculateASTandInform(SelectionListenerWithASTManager.java:166)
	at org.eclipse.jdt.internal.ui.viewsupport.SelectionListenerWithASTManager$PartListenerGroup$1.run(SelectionListenerWithASTManager.java:151)
	at org.eclipse.core.internal.jobs.Worker.run(Worker.java:63)

!ENTRY org.eclipse.jdt.core 4 4 2025-04-01 21:56:02.194
!MESSAGE Exception occurred during compilation unit conversion:
----------------------------------- SOURCE BEGIN -------------------------------------
package _250401;

public class A_강조하기 {

	public static void main(String[] args) {
		// TODO Auto-generated method stub
		String myString = "abstract algebra";
//		String myString = "PrOgRaMmErS";
		String answer ="";
		
		
		
		for(int i =0; i<myString.length(); i++) {
			
			if(myString.charAt(i)=='a') {
				
				answer+= Character.toUpperCase(myString.charAt(i));
			}else(myString.charAt(i)!='A' && Character.isU(myString.charAt(i)) ) {
				answer+=  Character.toLowerCase(myString.charAt(i));
			}
							
		}
		
		
		
		//char배열로 생성후 풀이
//		char[] arr  = myString.toCharArray(); 
//		
//		for(int i =0; i<myString.length(); i++) {
//			
//			if(arr[i]=='a') {
//				
//				answer+= Character.toUpperCase(arr[i]);
//			}else {
//				answer+=  Character.toLowerCase(arr[i]);
//			}
//							
//		}
		System.out.println(answer);
	}

}

----------------------------------- SOURCE END -------------------------------------
!STACK 0
java.lang.IllegalArgumentException
	at org.eclipse.jdt.core.dom.InfixExpression.setOperator(InfixExpression.java:383)
	at org.eclipse.jdt.core.dom.ASTConverter.convert(ASTConverter.java:880)
	at org.eclipse.jdt.core.dom.ASTConverter.convert(ASTConverter.java:2038)
	at org.eclipse.jdt.core.dom.ASTConverter.convertToParenthesizedExpression(ASTConverter.java:3882)
	at org.eclipse.jdt.core.dom.ASTConverter.convert(ASTConverter.java:1953)
	at org.eclipse.jdt.core.dom.ASTConverter.convert(ASTConverter.java:1204)
	at org.eclipse.jdt.core.dom.ASTConverter.convert(ASTConverter.java:1990)
	at org.eclipse.jdt.core.dom.ASTConverter.convert(ASTConverter.java:3124)
	at org.eclipse.jdt.core.dom.ASTConverter.convert(ASTConverter.java:2273)
	at org.eclipse.jdt.core.dom.ASTConverter.convert(ASTConverter.java:3066)
	at org.eclipse.jdt.core.dom.ASTConverter.convert(ASTConverter.java:1383)
	at org.eclipse.jdt.core.dom.ASTConverter.convert(ASTConverter.java:3042)
	at org.eclipse.jdt.core.dom.ASTConverter.convert(ASTConverter.java:2220)
	at org.eclipse.jdt.core.dom.ASTConverter.convert(ASTConverter.java:3063)
	at org.eclipse.jdt.core.dom.ASTConverter.convert(ASTConverter.java:751)
	at org.eclipse.jdt.core.dom.ASTConverter.buildBodyDeclarations(ASTConverter.java:208)
	at org.eclipse.jdt.core.dom.ASTConverter.convert(ASTConverter.java:3419)
	at org.eclipse.jdt.core.dom.ASTConverter.convert(ASTConverter.java:1534)
	at org.eclipse.jdt.core.dom.AST.convertCompilationUnit(AST.java:561)
	at org.eclipse.jdt.internal.core.CompilationUnit.buildStructure(CompilationUnit.java:201)
	at org.eclipse.jdt.internal.core.Openable.generateInfos(Openable.java:266)
	at org.eclipse.jdt.internal.core.JavaElement.openWhenClosed(JavaElement.java:597)
	at org.eclipse.jdt.internal.core.CompilationUnit.makeConsistent(CompilationUnit.java:1148)
	at org.eclipse.jdt.internal.core.ReconcileWorkingCopyOperation.makeConsistent(ReconcileWorkingCopyOperation.java:173)
	at org.eclipse.jdt.internal.core.ReconcileWorkingCopyOperation.executeOperation(ReconcileWorkingCopyOperation.java:94)
	at org.eclipse.jdt.internal.core.JavaModelOperation.run(JavaModelOperation.java:740)
	at org.eclipse.jdt.internal.core.JavaModelOperation.runOperation(JavaModelOperation.java:806)
	at org.eclipse.jdt.internal.core.CompilationUnit.reconcile(CompilationUnit.java:1325)
	at org.eclipse.jdt.internal.ui.text.java.JavaReconcilingStrategy.reconcile(JavaReconcilingStrategy.java:132)
	at org.eclipse.jdt.internal.ui.text.java.JavaReconcilingStrategy$1.run(JavaReconcilingStrategy.java:94)
	at org.eclipse.core.runtime.SafeRunner.run(SafeRunner.java:45)
	at org.eclipse.jdt.internal.ui.text.java.JavaReconcilingStrategy.reconcile(JavaReconcilingStrategy.java:91)
	at org.eclipse.jdt.internal.ui.text.java.JavaReconcilingStrategy.reconcile(JavaReconcilingStrategy.java:158)
	at org.eclipse.jdt.internal.ui.text.CompositeReconcilingStrategy.reconcile(CompositeReconcilingStrategy.java:94)
	at org.eclipse.jdt.internal.ui.text.JavaCompositeReconcilingStrategy.reconcile(JavaCompositeReconcilingStrategy.java:107)
	at org.eclipse.jface.text.reconciler.MonoReconciler.process(MonoReconciler.java:78)
	at org.eclipse.jface.text.reconciler.AbstractReconciler$BackgroundThread.run(AbstractReconciler.java:207)

!ENTRY org.eclipse.jdt.ui 4 2 2025-04-01 21:56:02.195
!MESSAGE Problems occurred when invoking code from plug-in: "org.eclipse.jdt.ui".
!STACK 0
java.lang.IllegalArgumentException
	at org.eclipse.jdt.core.dom.InfixExpression.setOperator(InfixExpression.java:383)
	at org.eclipse.jdt.core.dom.ASTConverter.convert(ASTConverter.java:880)
	at org.eclipse.jdt.core.dom.ASTConverter.convert(ASTConverter.java:2038)
	at org.eclipse.jdt.core.dom.ASTConverter.convertToParenthesizedExpression(ASTConverter.java:3882)
	at org.eclipse.jdt.core.dom.ASTConverter.convert(ASTConverter.java:1953)
	at org.eclipse.jdt.core.dom.ASTConverter.convert(ASTConverter.java:1204)
	at org.eclipse.jdt.core.dom.ASTConverter.convert(ASTConverter.java:1990)
	at org.eclipse.jdt.core.dom.ASTConverter.convert(ASTConverter.java:3124)
	at org.eclipse.jdt.core.dom.ASTConverter.convert(ASTConverter.java:2273)
	at org.eclipse.jdt.core.dom.ASTConverter.convert(ASTConverter.java:3066)
	at org.eclipse.jdt.core.dom.ASTConverter.convert(ASTConverter.java:1383)
	at org.eclipse.jdt.core.dom.ASTConverter.convert(ASTConverter.java:3042)
	at org.eclipse.jdt.core.dom.ASTConverter.convert(ASTConverter.java:2220)
	at org.eclipse.jdt.core.dom.ASTConverter.convert(ASTConverter.java:3063)
	at org.eclipse.jdt.core.dom.ASTConverter.convert(ASTConverter.java:751)
	at org.eclipse.jdt.core.dom.ASTConverter.buildBodyDeclarations(ASTConverter.java:208)
	at org.eclipse.jdt.core.dom.ASTConverter.convert(ASTConverter.java:3419)
	at org.eclipse.jdt.core.dom.ASTConverter.convert(ASTConverter.java:1534)
	at org.eclipse.jdt.core.dom.AST.convertCompilationUnit(AST.java:561)
	at org.eclipse.jdt.internal.core.CompilationUnit.buildStructure(CompilationUnit.java:201)
	at org.eclipse.jdt.internal.core.Openable.generateInfos(Openable.java:266)
	at org.eclipse.jdt.internal.core.JavaElement.openWhenClosed(JavaElement.java:597)
	at org.eclipse.jdt.internal.core.CompilationUnit.makeConsistent(CompilationUnit.java:1148)
	at org.eclipse.jdt.internal.core.ReconcileWorkingCopyOperation.makeConsistent(ReconcileWorkingCopyOperation.java:173)
	at org.eclipse.jdt.internal.core.ReconcileWorkingCopyOperation.executeOperation(ReconcileWorkingCopyOperation.java:94)
	at org.eclipse.jdt.internal.core.JavaModelOperation.run(JavaModelOperation.java:740)
	at org.eclipse.jdt.internal.core.JavaModelOperation.runOperation(JavaModelOperation.java:806)
	at org.eclipse.jdt.internal.core.CompilationUnit.reconcile(CompilationUnit.java:1325)
	at org.eclipse.jdt.internal.ui.text.java.JavaReconcilingStrategy.reconcile(JavaReconcilingStrategy.java:132)
	at org.eclipse.jdt.internal.ui.text.java.JavaReconcilingStrategy$1.run(JavaReconcilingStrategy.java:94)
	at org.eclipse.core.runtime.SafeRunner.run(SafeRunner.java:45)
	at org.eclipse.jdt.internal.ui.text.java.JavaReconcilingStrategy.reconcile(JavaReconcilingStrategy.java:91)
	at org.eclipse.jdt.internal.ui.text.java.JavaReconcilingStrategy.reconcile(JavaReconcilingStrategy.java:158)
	at org.eclipse.jdt.internal.ui.text.CompositeReconcilingStrategy.reconcile(CompositeReconcilingStrategy.java:94)
	at org.eclipse.jdt.internal.ui.text.JavaCompositeReconcilingStrategy.reconcile(JavaCompositeReconcilingStrategy.java:107)
	at org.eclipse.jface.text.reconciler.MonoReconciler.process(MonoReconciler.java:78)
	at org.eclipse.jface.text.reconciler.AbstractReconciler$BackgroundThread.run(AbstractReconciler.java:207)

!ENTRY org.eclipse.jdt.ui 4 0 2025-04-01 21:56:02.195
!MESSAGE Error in JDT Core during reconcile
!STACK 0
java.lang.IllegalArgumentException
	at org.eclipse.jdt.core.dom.InfixExpression.setOperator(InfixExpression.java:383)
	at org.eclipse.jdt.core.dom.ASTConverter.convert(ASTConverter.java:880)
	at org.eclipse.jdt.core.dom.ASTConverter.convert(ASTConverter.java:2038)
	at org.eclipse.jdt.core.dom.ASTConverter.convertToParenthesizedExpression(ASTConverter.java:3882)
	at org.eclipse.jdt.core.dom.ASTConverter.convert(ASTConverter.java:1953)
	at org.eclipse.jdt.core.dom.ASTConverter.convert(ASTConverter.java:1204)
	at org.eclipse.jdt.core.dom.ASTConverter.convert(ASTConverter.java:1990)
	at org.eclipse.jdt.core.dom.ASTConverter.convert(ASTConverter.java:3124)
	at org.eclipse.jdt.core.dom.ASTConverter.convert(ASTConverter.java:2273)
	at org.eclipse.jdt.core.dom.ASTConverter.convert(ASTConverter.java:3066)
	at org.eclipse.jdt.core.dom.ASTConverter.convert(ASTConverter.java:1383)
	at org.eclipse.jdt.core.dom.ASTConverter.convert(ASTConverter.java:3042)
	at org.eclipse.jdt.core.dom.ASTConverter.convert(ASTConverter.java:2220)
	at org.eclipse.jdt.core.dom.ASTConverter.convert(ASTConverter.java:3063)
	at org.eclipse.jdt.core.dom.ASTConverter.convert(ASTConverter.java:751)
	at org.eclipse.jdt.core.dom.ASTConverter.buildBodyDeclarations(ASTConverter.java:208)
	at org.eclipse.jdt.core.dom.ASTConverter.convert(ASTConverter.java:3419)
	at org.eclipse.jdt.core.dom.ASTConverter.convert(ASTConverter.java:1534)
	at org.eclipse.jdt.core.dom.AST.convertCompilationUnit(AST.java:561)
	at org.eclipse.jdt.internal.core.CompilationUnit.buildStructure(CompilationUnit.java:201)
	at org.eclipse.jdt.internal.core.Openable.generateInfos(Openable.java:266)
	at org.eclipse.jdt.internal.core.JavaElement.openWhenClosed(JavaElement.java:597)
	at org.eclipse.jdt.internal.core.CompilationUnit.makeConsistent(CompilationUnit.java:1148)
	at org.eclipse.jdt.internal.core.ReconcileWorkingCopyOperation.makeConsistent(ReconcileWorkingCopyOperation.java:173)
	at org.eclipse.jdt.internal.core.ReconcileWorkingCopyOperation.executeOperation(ReconcileWorkingCopyOperation.java:94)
	at org.eclipse.jdt.internal.core.JavaModelOperation.run(JavaModelOperation.java:740)
	at org.eclipse.jdt.internal.core.JavaModelOperation.runOperation(JavaModelOperation.java:806)
	at org.eclipse.jdt.internal.core.CompilationUnit.reconcile(CompilationUnit.java:1325)
	at org.eclipse.jdt.internal.ui.text.java.JavaReconcilingStrategy.reconcile(JavaReconcilingStrategy.java:132)
	at org.eclipse.jdt.internal.ui.text.java.JavaReconcilingStrategy$1.run(JavaReconcilingStrategy.java:94)
	at org.eclipse.core.runtime.SafeRunner.run(SafeRunner.java:45)
	at org.eclipse.jdt.internal.ui.text.java.JavaReconcilingStrategy.reconcile(JavaReconcilingStrategy.java:91)
	at org.eclipse.jdt.internal.ui.text.java.JavaReconcilingStrategy.reconcile(JavaReconcilingStrategy.java:158)
	at org.eclipse.jdt.internal.ui.text.CompositeReconcilingStrategy.reconcile(CompositeReconcilingStrategy.java:94)
	at org.eclipse.jdt.internal.ui.text.JavaCompositeReconcilingStrategy.reconcile(JavaCompositeReconcilingStrategy.java:107)
	at org.eclipse.jface.text.reconciler.MonoReconciler.process(MonoReconciler.java:78)
	at org.eclipse.jface.text.reconciler.AbstractReconciler$BackgroundThread.run(AbstractReconciler.java:207)

!ENTRY org.eclipse.jdt.core 4 4 2025-04-01 21:56:02.662
!MESSAGE Exception occurred during compilation unit conversion:
----------------------------------- SOURCE BEGIN -------------------------------------
package _250401;

public class A_강조하기 {

	public static void main(String[] args) {
		// TODO Auto-generated method stub
		String myString = "abstract algebra";
//		String myString = "PrOgRaMmErS";
		String answer ="";
		
		
		
		for(int i =0; i<myString.length(); i++) {
			
			if(myString.charAt(i)=='a') {
				
				answer+= Character.toUpperCase(myString.charAt(i));
			}else(myString.charAt(i)!='A' && Character.isU(myString.charAt(i)) ) {
				answer+=  Character.toLowerCase(myString.charAt(i));
			}
							
		}
		
		
		
		//char배열로 생성후 풀이
//		char[] arr  = myString.toCharArray(); 
//		
//		for(int i =0; i<myString.length(); i++) {
//			
//			if(arr[i]=='a') {
//				
//				answer+= Character.toUpperCase(arr[i]);
//			}else {
//				answer+=  Character.toLowerCase(arr[i]);
//			}
//							
//		}
		System.out.println(answer);
	}

}

----------------------------------- SOURCE END -------------------------------------
!STACK 0
java.lang.IllegalArgumentException
	at org.eclipse.jdt.core.dom.InfixExpression.setOperator(InfixExpression.java:383)
	at org.eclipse.jdt.core.dom.ASTConverter.convert(ASTConverter.java:880)
	at org.eclipse.jdt.core.dom.ASTConverter.convert(ASTConverter.java:2038)
	at org.eclipse.jdt.core.dom.ASTConverter.convertToParenthesizedExpression(ASTConverter.java:3882)
	at org.eclipse.jdt.core.dom.ASTConverter.convert(ASTConverter.java:1953)
	at org.eclipse.jdt.core.dom.ASTConverter.convert(ASTConverter.java:1204)
	at org.eclipse.jdt.core.dom.ASTConverter.convert(ASTConverter.java:1990)
	at org.eclipse.jdt.core.dom.ASTConverter.convert(ASTConverter.java:3124)
	at org.eclipse.jdt.core.dom.ASTConverter.convert(ASTConverter.java:2273)
	at org.eclipse.jdt.core.dom.ASTConverter.convert(ASTConverter.java:3066)
	at org.eclipse.jdt.core.dom.ASTConverter.convert(ASTConverter.java:1383)
	at org.eclipse.jdt.core.dom.ASTConverter.convert(ASTConverter.java:3042)
	at org.eclipse.jdt.core.dom.ASTConverter.convert(ASTConverter.java:2220)
	at org.eclipse.jdt.core.dom.ASTConverter.convert(ASTConverter.java:3063)
	at org.eclipse.jdt.core.dom.ASTConverter.convert(ASTConverter.java:751)
	at org.eclipse.jdt.core.dom.ASTConverter.buildBodyDeclarations(ASTConverter.java:208)
	at org.eclipse.jdt.core.dom.ASTConverter.convert(ASTConverter.java:3419)
	at org.eclipse.jdt.core.dom.ASTConverter.convert(ASTConverter.java:1534)
	at org.eclipse.jdt.core.dom.CompilationUnitResolver.convert(CompilationUnitResolver.java:344)
	at org.eclipse.jdt.core.dom.ASTParser.internalCreateAST(ASTParser.java:1272)
	at org.eclipse.jdt.core.dom.ASTParser.createAST(ASTParser.java:868)
	at org.eclipse.jdt.core.manipulation.CoreASTProvider$1.run(CoreASTProvider.java:294)
	at org.eclipse.core.runtime.SafeRunner.run(SafeRunner.java:45)
	at org.eclipse.jdt.core.manipulation.CoreASTProvider.createAST(CoreASTProvider.java:286)
	at org.eclipse.jdt.core.manipulation.CoreASTProvider.getAST(CoreASTProvider.java:199)
	at org.eclipse.jdt.core.manipulation.SharedASTProviderCore.getAST(SharedASTProviderCore.java:138)
	at org.eclipse.jdt.internal.ui.viewsupport.SelectionListenerWithASTManager$PartListenerGroup.calculateASTandInform(SelectionListenerWithASTManager.java:166)
	at org.eclipse.jdt.internal.ui.viewsupport.SelectionListenerWithASTManager$PartListenerGroup$1.run(SelectionListenerWithASTManager.java:151)
	at org.eclipse.core.internal.jobs.Worker.run(Worker.java:63)

!ENTRY org.eclipse.jdt.core.manipulation 4 2 2025-04-01 21:56:02.663
!MESSAGE Problems occurred when invoking code from plug-in: "org.eclipse.jdt.core.manipulation".
!STACK 0
java.lang.IllegalArgumentException
	at org.eclipse.jdt.core.dom.InfixExpression.setOperator(InfixExpression.java:383)
	at org.eclipse.jdt.core.dom.ASTConverter.convert(ASTConverter.java:880)
	at org.eclipse.jdt.core.dom.ASTConverter.convert(ASTConverter.java:2038)
	at org.eclipse.jdt.core.dom.ASTConverter.convertToParenthesizedExpression(ASTConverter.java:3882)
	at org.eclipse.jdt.core.dom.ASTConverter.convert(ASTConverter.java:1953)
	at org.eclipse.jdt.core.dom.ASTConverter.convert(ASTConverter.java:1204)
	at org.eclipse.jdt.core.dom.ASTConverter.convert(ASTConverter.java:1990)
	at org.eclipse.jdt.core.dom.ASTConverter.convert(ASTConverter.java:3124)
	at org.eclipse.jdt.core.dom.ASTConverter.convert(ASTConverter.java:2273)
	at org.eclipse.jdt.core.dom.ASTConverter.convert(ASTConverter.java:3066)
	at org.eclipse.jdt.core.dom.ASTConverter.convert(ASTConverter.java:1383)
	at org.eclipse.jdt.core.dom.ASTConverter.convert(ASTConverter.java:3042)
	at org.eclipse.jdt.core.dom.ASTConverter.convert(ASTConverter.java:2220)
	at org.eclipse.jdt.core.dom.ASTConverter.convert(ASTConverter.java:3063)
	at org.eclipse.jdt.core.dom.ASTConverter.convert(ASTConverter.java:751)
	at org.eclipse.jdt.core.dom.ASTConverter.buildBodyDeclarations(ASTConverter.java:208)
	at org.eclipse.jdt.core.dom.ASTConverter.convert(ASTConverter.java:3419)
	at org.eclipse.jdt.core.dom.ASTConverter.convert(ASTConverter.java:1534)
	at org.eclipse.jdt.core.dom.CompilationUnitResolver.convert(CompilationUnitResolver.java:344)
	at org.eclipse.jdt.core.dom.ASTParser.internalCreateAST(ASTParser.java:1272)
	at org.eclipse.jdt.core.dom.ASTParser.createAST(ASTParser.java:868)
	at org.eclipse.jdt.core.manipulation.CoreASTProvider$1.run(CoreASTProvider.java:294)
	at org.eclipse.core.runtime.SafeRunner.run(SafeRunner.java:45)
	at org.eclipse.jdt.core.manipulation.CoreASTProvider.createAST(CoreASTProvider.java:286)
	at org.eclipse.jdt.core.manipulation.CoreASTProvider.getAST(CoreASTProvider.java:199)
	at org.eclipse.jdt.core.manipulation.SharedASTProviderCore.getAST(SharedASTProviderCore.java:138)
	at org.eclipse.jdt.internal.ui.viewsupport.SelectionListenerWithASTManager$PartListenerGroup.calculateASTandInform(SelectionListenerWithASTManager.java:166)
	at org.eclipse.jdt.internal.ui.viewsupport.SelectionListenerWithASTManager$PartListenerGroup$1.run(SelectionListenerWithASTManager.java:151)
	at org.eclipse.core.internal.jobs.Worker.run(Worker.java:63)

!ENTRY org.eclipse.jdt.core.manipulation 4 0 2025-04-01 21:56:02.663
!MESSAGE Error in JDT Core during AST creation
!STACK 0
java.lang.IllegalArgumentException
	at org.eclipse.jdt.core.dom.InfixExpression.setOperator(InfixExpression.java:383)
	at org.eclipse.jdt.core.dom.ASTConverter.convert(ASTConverter.java:880)
	at org.eclipse.jdt.core.dom.ASTConverter.convert(ASTConverter.java:2038)
	at org.eclipse.jdt.core.dom.ASTConverter.convertToParenthesizedExpression(ASTConverter.java:3882)
	at org.eclipse.jdt.core.dom.ASTConverter.convert(ASTConverter.java:1953)
	at org.eclipse.jdt.core.dom.ASTConverter.convert(ASTConverter.java:1204)
	at org.eclipse.jdt.core.dom.ASTConverter.convert(ASTConverter.java:1990)
	at org.eclipse.jdt.core.dom.ASTConverter.convert(ASTConverter.java:3124)
	at org.eclipse.jdt.core.dom.ASTConverter.convert(ASTConverter.java:2273)
	at org.eclipse.jdt.core.dom.ASTConverter.convert(ASTConverter.java:3066)
	at org.eclipse.jdt.core.dom.ASTConverter.convert(ASTConverter.java:1383)
	at org.eclipse.jdt.core.dom.ASTConverter.convert(ASTConverter.java:3042)
	at org.eclipse.jdt.core.dom.ASTConverter.convert(ASTConverter.java:2220)
	at org.eclipse.jdt.core.dom.ASTConverter.convert(ASTConverter.java:3063)
	at org.eclipse.jdt.core.dom.ASTConverter.convert(ASTConverter.java:751)
	at org.eclipse.jdt.core.dom.ASTConverter.buildBodyDeclarations(ASTConverter.java:208)
	at org.eclipse.jdt.core.dom.ASTConverter.convert(ASTConverter.java:3419)
	at org.eclipse.jdt.core.dom.ASTConverter.convert(ASTConverter.java:1534)
	at org.eclipse.jdt.core.dom.CompilationUnitResolver.convert(CompilationUnitResolver.java:344)
	at org.eclipse.jdt.core.dom.ASTParser.internalCreateAST(ASTParser.java:1272)
	at org.eclipse.jdt.core.dom.ASTParser.createAST(ASTParser.java:868)
	at org.eclipse.jdt.core.manipulation.CoreASTProvider$1.run(CoreASTProvider.java:294)
	at org.eclipse.core.runtime.SafeRunner.run(SafeRunner.java:45)
	at org.eclipse.jdt.core.manipulation.CoreASTProvider.createAST(CoreASTProvider.java:286)
	at org.eclipse.jdt.core.manipulation.CoreASTProvider.getAST(CoreASTProvider.java:199)
	at org.eclipse.jdt.core.manipulation.SharedASTProviderCore.getAST(SharedASTProviderCore.java:138)
	at org.eclipse.jdt.internal.ui.viewsupport.SelectionListenerWithASTManager$PartListenerGroup.calculateASTandInform(SelectionListenerWithASTManager.java:166)
	at org.eclipse.jdt.internal.ui.viewsupport.SelectionListenerWithASTManager$PartListenerGroup$1.run(SelectionListenerWithASTManager.java:151)
	at org.eclipse.core.internal.jobs.Worker.run(Worker.java:63)

!ENTRY org.eclipse.jdt.core 4 4 2025-04-01 21:56:09.120
!MESSAGE Exception occurred during compilation unit conversion:
----------------------------------- SOURCE BEGIN -------------------------------------
package _250401;

public class A_강조하기 {

	public static void main(String[] args) {
		// TODO Auto-generated method stub
		String myString = "abstract algebra";
//		String myString = "PrOgRaMmErS";
		String answer ="";
		
		
		
		for(int i =0; i<myString.length(); i++) {
			
			if(myString.charAt(i)=='a') {
				
				answer+= Character.toUpperCase(myString.charAt(i));
			}else(myString.charAt(i)!='A' && Character.isUpper(myString.charAt(i)) ) {
				answer+=  Character.toLowerCase(myString.charAt(i));
			}
							
		}
		
		
		
		//char배열로 생성후 풀이
//		char[] arr  = myString.toCharArray(); 
//		
//		for(int i =0; i<myString.length(); i++) {
//			
//			if(arr[i]=='a') {
//				
//				answer+= Character.toUpperCase(arr[i]);
//			}else {
//				answer+=  Character.toLowerCase(arr[i]);
//			}
//							
//		}
		System.out.println(answer);
	}

}

----------------------------------- SOURCE END -------------------------------------
!STACK 0
java.lang.IllegalArgumentException
	at org.eclipse.jdt.core.dom.InfixExpression.setOperator(InfixExpression.java:383)
	at org.eclipse.jdt.core.dom.ASTConverter.convert(ASTConverter.java:880)
	at org.eclipse.jdt.core.dom.ASTConverter.convert(ASTConverter.java:2038)
	at org.eclipse.jdt.core.dom.ASTConverter.convertToParenthesizedExpression(ASTConverter.java:3882)
	at org.eclipse.jdt.core.dom.ASTConverter.convert(ASTConverter.java:1953)
	at org.eclipse.jdt.core.dom.ASTConverter.convert(ASTConverter.java:1204)
	at org.eclipse.jdt.core.dom.ASTConverter.convert(ASTConverter.java:1990)
	at org.eclipse.jdt.core.dom.ASTConverter.convert(ASTConverter.java:3124)
	at org.eclipse.jdt.core.dom.ASTConverter.convert(ASTConverter.java:2273)
	at org.eclipse.jdt.core.dom.ASTConverter.convert(ASTConverter.java:3066)
	at org.eclipse.jdt.core.dom.ASTConverter.convert(ASTConverter.java:1383)
	at org.eclipse.jdt.core.dom.ASTConverter.convert(ASTConverter.java:3042)
	at org.eclipse.jdt.core.dom.ASTConverter.convert(ASTConverter.java:2220)
	at org.eclipse.jdt.core.dom.ASTConverter.convert(ASTConverter.java:3063)
	at org.eclipse.jdt.core.dom.ASTConverter.convert(ASTConverter.java:751)
	at org.eclipse.jdt.core.dom.ASTConverter.buildBodyDeclarations(ASTConverter.java:208)
	at org.eclipse.jdt.core.dom.ASTConverter.convert(ASTConverter.java:3419)
	at org.eclipse.jdt.core.dom.ASTConverter.convert(ASTConverter.java:1534)
	at org.eclipse.jdt.core.dom.AST.convertCompilationUnit(AST.java:561)
	at org.eclipse.jdt.internal.core.CompilationUnit.buildStructure(CompilationUnit.java:201)
	at org.eclipse.jdt.internal.core.Openable.generateInfos(Openable.java:266)
	at org.eclipse.jdt.internal.core.JavaElement.openWhenClosed(JavaElement.java:597)
	at org.eclipse.jdt.internal.core.CompilationUnit.makeConsistent(CompilationUnit.java:1148)
	at org.eclipse.jdt.internal.core.ReconcileWorkingCopyOperation.makeConsistent(ReconcileWorkingCopyOperation.java:173)
	at org.eclipse.jdt.internal.core.ReconcileWorkingCopyOperation.executeOperation(ReconcileWorkingCopyOperation.java:94)
	at org.eclipse.jdt.internal.core.JavaModelOperation.run(JavaModelOperation.java:740)
	at org.eclipse.jdt.internal.core.JavaModelOperation.runOperation(JavaModelOperation.java:806)
	at org.eclipse.jdt.internal.core.CompilationUnit.reconcile(CompilationUnit.java:1325)
	at org.eclipse.jdt.internal.ui.text.java.JavaReconcilingStrategy.reconcile(JavaReconcilingStrategy.java:132)
	at org.eclipse.jdt.internal.ui.text.java.JavaReconcilingStrategy$1.run(JavaReconcilingStrategy.java:94)
	at org.eclipse.core.runtime.SafeRunner.run(SafeRunner.java:45)
	at org.eclipse.jdt.internal.ui.text.java.JavaReconcilingStrategy.reconcile(JavaReconcilingStrategy.java:91)
	at org.eclipse.jdt.internal.ui.text.java.JavaReconcilingStrategy.reconcile(JavaReconcilingStrategy.java:158)
	at org.eclipse.jdt.internal.ui.text.CompositeReconcilingStrategy.reconcile(CompositeReconcilingStrategy.java:94)
	at org.eclipse.jdt.internal.ui.text.JavaCompositeReconcilingStrategy.reconcile(JavaCompositeReconcilingStrategy.java:107)
	at org.eclipse.jface.text.reconciler.MonoReconciler.process(MonoReconciler.java:78)
	at org.eclipse.jface.text.reconciler.AbstractReconciler$BackgroundThread.run(AbstractReconciler.java:207)

!ENTRY org.eclipse.jdt.ui 4 2 2025-04-01 21:56:09.121
!MESSAGE Problems occurred when invoking code from plug-in: "org.eclipse.jdt.ui".
!STACK 0
java.lang.IllegalArgumentException
	at org.eclipse.jdt.core.dom.InfixExpression.setOperator(InfixExpression.java:383)
	at org.eclipse.jdt.core.dom.ASTConverter.convert(ASTConverter.java:880)
	at org.eclipse.jdt.core.dom.ASTConverter.convert(ASTConverter.java:2038)
	at org.eclipse.jdt.core.dom.ASTConverter.convertToParenthesizedExpression(ASTConverter.java:3882)
	at org.eclipse.jdt.core.dom.ASTConverter.convert(ASTConverter.java:1953)
	at org.eclipse.jdt.core.dom.ASTConverter.convert(ASTConverter.java:1204)
	at org.eclipse.jdt.core.dom.ASTConverter.convert(ASTConverter.java:1990)
	at org.eclipse.jdt.core.dom.ASTConverter.convert(ASTConverter.java:3124)
	at org.eclipse.jdt.core.dom.ASTConverter.convert(ASTConverter.java:2273)
	at org.eclipse.jdt.core.dom.ASTConverter.convert(ASTConverter.java:3066)
	at org.eclipse.jdt.core.dom.ASTConverter.convert(ASTConverter.java:1383)
	at org.eclipse.jdt.core.dom.ASTConverter.convert(ASTConverter.java:3042)
	at org.eclipse.jdt.core.dom.ASTConverter.convert(ASTConverter.java:2220)
	at org.eclipse.jdt.core.dom.ASTConverter.convert(ASTConverter.java:3063)
	at org.eclipse.jdt.core.dom.ASTConverter.convert(ASTConverter.java:751)
	at org.eclipse.jdt.core.dom.ASTConverter.buildBodyDeclarations(ASTConverter.java:208)
	at org.eclipse.jdt.core.dom.ASTConverter.convert(ASTConverter.java:3419)
	at org.eclipse.jdt.core.dom.ASTConverter.convert(ASTConverter.java:1534)
	at org.eclipse.jdt.core.dom.AST.convertCompilationUnit(AST.java:561)
	at org.eclipse.jdt.internal.core.CompilationUnit.buildStructure(CompilationUnit.java:201)
	at org.eclipse.jdt.internal.core.Openable.generateInfos(Openable.java:266)
	at org.eclipse.jdt.internal.core.JavaElement.openWhenClosed(JavaElement.java:597)
	at org.eclipse.jdt.internal.core.CompilationUnit.makeConsistent(CompilationUnit.java:1148)
	at org.eclipse.jdt.internal.core.ReconcileWorkingCopyOperation.makeConsistent(ReconcileWorkingCopyOperation.java:173)
	at org.eclipse.jdt.internal.core.ReconcileWorkingCopyOperation.executeOperation(ReconcileWorkingCopyOperation.java:94)
	at org.eclipse.jdt.internal.core.JavaModelOperation.run(JavaModelOperation.java:740)
	at org.eclipse.jdt.internal.core.JavaModelOperation.runOperation(JavaModelOperation.java:806)
	at org.eclipse.jdt.internal.core.CompilationUnit.reconcile(CompilationUnit.java:1325)
	at org.eclipse.jdt.internal.ui.text.java.JavaReconcilingStrategy.reconcile(JavaReconcilingStrategy.java:132)
	at org.eclipse.jdt.internal.ui.text.java.JavaReconcilingStrategy$1.run(JavaReconcilingStrategy.java:94)
	at org.eclipse.core.runtime.SafeRunner.run(SafeRunner.java:45)
	at org.eclipse.jdt.internal.ui.text.java.JavaReconcilingStrategy.reconcile(JavaReconcilingStrategy.java:91)
	at org.eclipse.jdt.internal.ui.text.java.JavaReconcilingStrategy.reconcile(JavaReconcilingStrategy.java:158)
	at org.eclipse.jdt.internal.ui.text.CompositeReconcilingStrategy.reconcile(CompositeReconcilingStrategy.java:94)
	at org.eclipse.jdt.internal.ui.text.JavaCompositeReconcilingStrategy.reconcile(JavaCompositeReconcilingStrategy.java:107)
	at org.eclipse.jface.text.reconciler.MonoReconciler.process(MonoReconciler.java:78)
	at org.eclipse.jface.text.reconciler.AbstractReconciler$BackgroundThread.run(AbstractReconciler.java:207)

!ENTRY org.eclipse.jdt.ui 4 0 2025-04-01 21:56:09.122
!MESSAGE Error in JDT Core during reconcile
!STACK 0
java.lang.IllegalArgumentException
	at org.eclipse.jdt.core.dom.InfixExpression.setOperator(InfixExpression.java:383)
	at org.eclipse.jdt.core.dom.ASTConverter.convert(ASTConverter.java:880)
	at org.eclipse.jdt.core.dom.ASTConverter.convert(ASTConverter.java:2038)
	at org.eclipse.jdt.core.dom.ASTConverter.convertToParenthesizedExpression(ASTConverter.java:3882)
	at org.eclipse.jdt.core.dom.ASTConverter.convert(ASTConverter.java:1953)
	at org.eclipse.jdt.core.dom.ASTConverter.convert(ASTConverter.java:1204)
	at org.eclipse.jdt.core.dom.ASTConverter.convert(ASTConverter.java:1990)
	at org.eclipse.jdt.core.dom.ASTConverter.convert(ASTConverter.java:3124)
	at org.eclipse.jdt.core.dom.ASTConverter.convert(ASTConverter.java:2273)
	at org.eclipse.jdt.core.dom.ASTConverter.convert(ASTConverter.java:3066)
	at org.eclipse.jdt.core.dom.ASTConverter.convert(ASTConverter.java:1383)
	at org.eclipse.jdt.core.dom.ASTConverter.convert(ASTConverter.java:3042)
	at org.eclipse.jdt.core.dom.ASTConverter.convert(ASTConverter.java:2220)
	at org.eclipse.jdt.core.dom.ASTConverter.convert(ASTConverter.java:3063)
	at org.eclipse.jdt.core.dom.ASTConverter.convert(ASTConverter.java:751)
	at org.eclipse.jdt.core.dom.ASTConverter.buildBodyDeclarations(ASTConverter.java:208)
	at org.eclipse.jdt.core.dom.ASTConverter.convert(ASTConverter.java:3419)
	at org.eclipse.jdt.core.dom.ASTConverter.convert(ASTConverter.java:1534)
	at org.eclipse.jdt.core.dom.AST.convertCompilationUnit(AST.java:561)
	at org.eclipse.jdt.internal.core.CompilationUnit.buildStructure(CompilationUnit.java:201)
	at org.eclipse.jdt.internal.core.Openable.generateInfos(Openable.java:266)
	at org.eclipse.jdt.internal.core.JavaElement.openWhenClosed(JavaElement.java:597)
	at org.eclipse.jdt.internal.core.CompilationUnit.makeConsistent(CompilationUnit.java:1148)
	at org.eclipse.jdt.internal.core.ReconcileWorkingCopyOperation.makeConsistent(ReconcileWorkingCopyOperation.java:173)
	at org.eclipse.jdt.internal.core.ReconcileWorkingCopyOperation.executeOperation(ReconcileWorkingCopyOperation.java:94)
	at org.eclipse.jdt.internal.core.JavaModelOperation.run(JavaModelOperation.java:740)
	at org.eclipse.jdt.internal.core.JavaModelOperation.runOperation(JavaModelOperation.java:806)
	at org.eclipse.jdt.internal.core.CompilationUnit.reconcile(CompilationUnit.java:1325)
	at org.eclipse.jdt.internal.ui.text.java.JavaReconcilingStrategy.reconcile(JavaReconcilingStrategy.java:132)
	at org.eclipse.jdt.internal.ui.text.java.JavaReconcilingStrategy$1.run(JavaReconcilingStrategy.java:94)
	at org.eclipse.core.runtime.SafeRunner.run(SafeRunner.java:45)
	at org.eclipse.jdt.internal.ui.text.java.JavaReconcilingStrategy.reconcile(JavaReconcilingStrategy.java:91)
	at org.eclipse.jdt.internal.ui.text.java.JavaReconcilingStrategy.reconcile(JavaReconcilingStrategy.java:158)
	at org.eclipse.jdt.internal.ui.text.CompositeReconcilingStrategy.reconcile(CompositeReconcilingStrategy.java:94)
	at org.eclipse.jdt.internal.ui.text.JavaCompositeReconcilingStrategy.reconcile(JavaCompositeReconcilingStrategy.java:107)
	at org.eclipse.jface.text.reconciler.MonoReconciler.process(MonoReconciler.java:78)
	at org.eclipse.jface.text.reconciler.AbstractReconciler$BackgroundThread.run(AbstractReconciler.java:207)

!ENTRY org.eclipse.jdt.core 4 4 2025-04-01 21:56:09.240
!MESSAGE Exception occurred during compilation unit conversion:
----------------------------------- SOURCE BEGIN -------------------------------------
package _250401;

public class A_강조하기 {

	public static void main(String[] args) {
		// TODO Auto-generated method stub
		String myString = "abstract algebra";
//		String myString = "PrOgRaMmErS";
		String answer ="";
		
		
		
		for(int i =0; i<myString.length(); i++) {
			
			if(myString.charAt(i)=='a') {
				
				answer+= Character.toUpperCase(myString.charAt(i));
			}else(myString.charAt(i)!='A' && Character.isUpper(myString.charAt(i)) ) {
				answer+=  Character.toLowerCase(myString.charAt(i));
			}
							
		}
		
		
		
		//char배열로 생성후 풀이
//		char[] arr  = myString.toCharArray(); 
//		
//		for(int i =0; i<myString.length(); i++) {
//			
//			if(arr[i]=='a') {
//				
//				answer+= Character.toUpperCase(arr[i]);
//			}else {
//				answer+=  Character.toLowerCase(arr[i]);
//			}
//							
//		}
		System.out.println(answer);
	}

}

----------------------------------- SOURCE END -------------------------------------
!STACK 0
java.lang.IllegalArgumentException
	at org.eclipse.jdt.core.dom.InfixExpression.setOperator(InfixExpression.java:383)
	at org.eclipse.jdt.core.dom.ASTConverter.convert(ASTConverter.java:880)
	at org.eclipse.jdt.core.dom.ASTConverter.convert(ASTConverter.java:2038)
	at org.eclipse.jdt.core.dom.ASTConverter.convertToParenthesizedExpression(ASTConverter.java:3882)
	at org.eclipse.jdt.core.dom.ASTConverter.convert(ASTConverter.java:1953)
	at org.eclipse.jdt.core.dom.ASTConverter.convert(ASTConverter.java:1204)
	at org.eclipse.jdt.core.dom.ASTConverter.convert(ASTConverter.java:1990)
	at org.eclipse.jdt.core.dom.ASTConverter.convert(ASTConverter.java:3124)
	at org.eclipse.jdt.core.dom.ASTConverter.convert(ASTConverter.java:2273)
	at org.eclipse.jdt.core.dom.ASTConverter.convert(ASTConverter.java:3066)
	at org.eclipse.jdt.core.dom.ASTConverter.convert(ASTConverter.java:1383)
	at org.eclipse.jdt.core.dom.ASTConverter.convert(ASTConverter.java:3042)
	at org.eclipse.jdt.core.dom.ASTConverter.convert(ASTConverter.java:2220)
	at org.eclipse.jdt.core.dom.ASTConverter.convert(ASTConverter.java:3063)
	at org.eclipse.jdt.core.dom.ASTConverter.convert(ASTConverter.java:751)
	at org.eclipse.jdt.core.dom.ASTConverter.buildBodyDeclarations(ASTConverter.java:208)
	at org.eclipse.jdt.core.dom.ASTConverter.convert(ASTConverter.java:3419)
	at org.eclipse.jdt.core.dom.ASTConverter.convert(ASTConverter.java:1534)
	at org.eclipse.jdt.core.dom.CompilationUnitResolver.convert(CompilationUnitResolver.java:344)
	at org.eclipse.jdt.core.dom.ASTParser.internalCreateAST(ASTParser.java:1272)
	at org.eclipse.jdt.core.dom.ASTParser.createAST(ASTParser.java:868)
	at org.eclipse.jdt.core.manipulation.CoreASTProvider$1.run(CoreASTProvider.java:294)
	at org.eclipse.core.runtime.SafeRunner.run(SafeRunner.java:45)
	at org.eclipse.jdt.core.manipulation.CoreASTProvider.createAST(CoreASTProvider.java:286)
	at org.eclipse.jdt.core.manipulation.CoreASTProvider.getAST(CoreASTProvider.java:199)
	at org.eclipse.jdt.core.manipulation.SharedASTProviderCore.getAST(SharedASTProviderCore.java:138)
	at org.eclipse.jdt.internal.ui.viewsupport.SelectionListenerWithASTManager$PartListenerGroup.calculateASTandInform(SelectionListenerWithASTManager.java:166)
	at org.eclipse.jdt.internal.ui.viewsupport.SelectionListenerWithASTManager$PartListenerGroup$1.run(SelectionListenerWithASTManager.java:151)
	at org.eclipse.core.internal.jobs.Worker.run(Worker.java:63)

!ENTRY org.eclipse.jdt.core.manipulation 4 2 2025-04-01 21:56:09.241
!MESSAGE Problems occurred when invoking code from plug-in: "org.eclipse.jdt.core.manipulation".
!STACK 0
java.lang.IllegalArgumentException
	at org.eclipse.jdt.core.dom.InfixExpression.setOperator(InfixExpression.java:383)
	at org.eclipse.jdt.core.dom.ASTConverter.convert(ASTConverter.java:880)
	at org.eclipse.jdt.core.dom.ASTConverter.convert(ASTConverter.java:2038)
	at org.eclipse.jdt.core.dom.ASTConverter.convertToParenthesizedExpression(ASTConverter.java:3882)
	at org.eclipse.jdt.core.dom.ASTConverter.convert(ASTConverter.java:1953)
	at org.eclipse.jdt.core.dom.ASTConverter.convert(ASTConverter.java:1204)
	at org.eclipse.jdt.core.dom.ASTConverter.convert(ASTConverter.java:1990)
	at org.eclipse.jdt.core.dom.ASTConverter.convert(ASTConverter.java:3124)
	at org.eclipse.jdt.core.dom.ASTConverter.convert(ASTConverter.java:2273)
	at org.eclipse.jdt.core.dom.ASTConverter.convert(ASTConverter.java:3066)
	at org.eclipse.jdt.core.dom.ASTConverter.convert(ASTConverter.java:1383)
	at org.eclipse.jdt.core.dom.ASTConverter.convert(ASTConverter.java:3042)
	at org.eclipse.jdt.core.dom.ASTConverter.convert(ASTConverter.java:2220)
	at org.eclipse.jdt.core.dom.ASTConverter.convert(ASTConverter.java:3063)
	at org.eclipse.jdt.core.dom.ASTConverter.convert(ASTConverter.java:751)
	at org.eclipse.jdt.core.dom.ASTConverter.buildBodyDeclarations(ASTConverter.java:208)
	at org.eclipse.jdt.core.dom.ASTConverter.convert(ASTConverter.java:3419)
	at org.eclipse.jdt.core.dom.ASTConverter.convert(ASTConverter.java:1534)
	at org.eclipse.jdt.core.dom.CompilationUnitResolver.convert(CompilationUnitResolver.java:344)
	at org.eclipse.jdt.core.dom.ASTParser.internalCreateAST(ASTParser.java:1272)
	at org.eclipse.jdt.core.dom.ASTParser.createAST(ASTParser.java:868)
	at org.eclipse.jdt.core.manipulation.CoreASTProvider$1.run(CoreASTProvider.java:294)
	at org.eclipse.core.runtime.SafeRunner.run(SafeRunner.java:45)
	at org.eclipse.jdt.core.manipulation.CoreASTProvider.createAST(CoreASTProvider.java:286)
	at org.eclipse.jdt.core.manipulation.CoreASTProvider.getAST(CoreASTProvider.java:199)
	at org.eclipse.jdt.core.manipulation.SharedASTProviderCore.getAST(SharedASTProviderCore.java:138)
	at org.eclipse.jdt.internal.ui.viewsupport.SelectionListenerWithASTManager$PartListenerGroup.calculateASTandInform(SelectionListenerWithASTManager.java:166)
	at org.eclipse.jdt.internal.ui.viewsupport.SelectionListenerWithASTManager$PartListenerGroup$1.run(SelectionListenerWithASTManager.java:151)
	at org.eclipse.core.internal.jobs.Worker.run(Worker.java:63)

!ENTRY org.eclipse.jdt.core.manipulation 4 0 2025-04-01 21:56:09.241
!MESSAGE Error in JDT Core during AST creation
!STACK 0
java.lang.IllegalArgumentException
	at org.eclipse.jdt.core.dom.InfixExpression.setOperator(InfixExpression.java:383)
	at org.eclipse.jdt.core.dom.ASTConverter.convert(ASTConverter.java:880)
	at org.eclipse.jdt.core.dom.ASTConverter.convert(ASTConverter.java:2038)
	at org.eclipse.jdt.core.dom.ASTConverter.convertToParenthesizedExpression(ASTConverter.java:3882)
	at org.eclipse.jdt.core.dom.ASTConverter.convert(ASTConverter.java:1953)
	at org.eclipse.jdt.core.dom.ASTConverter.convert(ASTConverter.java:1204)
	at org.eclipse.jdt.core.dom.ASTConverter.convert(ASTConverter.java:1990)
	at org.eclipse.jdt.core.dom.ASTConverter.convert(ASTConverter.java:3124)
	at org.eclipse.jdt.core.dom.ASTConverter.convert(ASTConverter.java:2273)
	at org.eclipse.jdt.core.dom.ASTConverter.convert(ASTConverter.java:3066)
	at org.eclipse.jdt.core.dom.ASTConverter.convert(ASTConverter.java:1383)
	at org.eclipse.jdt.core.dom.ASTConverter.convert(ASTConverter.java:3042)
	at org.eclipse.jdt.core.dom.ASTConverter.convert(ASTConverter.java:2220)
	at org.eclipse.jdt.core.dom.ASTConverter.convert(ASTConverter.java:3063)
	at org.eclipse.jdt.core.dom.ASTConverter.convert(ASTConverter.java:751)
	at org.eclipse.jdt.core.dom.ASTConverter.buildBodyDeclarations(ASTConverter.java:208)
	at org.eclipse.jdt.core.dom.ASTConverter.convert(ASTConverter.java:3419)
	at org.eclipse.jdt.core.dom.ASTConverter.convert(ASTConverter.java:1534)
	at org.eclipse.jdt.core.dom.CompilationUnitResolver.convert(CompilationUnitResolver.java:344)
	at org.eclipse.jdt.core.dom.ASTParser.internalCreateAST(ASTParser.java:1272)
	at org.eclipse.jdt.core.dom.ASTParser.createAST(ASTParser.java:868)
	at org.eclipse.jdt.core.manipulation.CoreASTProvider$1.run(CoreASTProvider.java:294)
	at org.eclipse.core.runtime.SafeRunner.run(SafeRunner.java:45)
	at org.eclipse.jdt.core.manipulation.CoreASTProvider.createAST(CoreASTProvider.java:286)
	at org.eclipse.jdt.core.manipulation.CoreASTProvider.getAST(CoreASTProvider.java:199)
	at org.eclipse.jdt.core.manipulation.SharedASTProviderCore.getAST(SharedASTProviderCore.java:138)
	at org.eclipse.jdt.internal.ui.viewsupport.SelectionListenerWithASTManager$PartListenerGroup.calculateASTandInform(SelectionListenerWithASTManager.java:166)
	at org.eclipse.jdt.internal.ui.viewsupport.SelectionListenerWithASTManager$PartListenerGroup$1.run(SelectionListenerWithASTManager.java:151)
	at org.eclipse.core.internal.jobs.Worker.run(Worker.java:63)

!ENTRY org.eclipse.jdt.core 4 4 2025-04-01 21:56:09.919
!MESSAGE Exception occurred during compilation unit conversion:
----------------------------------- SOURCE BEGIN -------------------------------------
package _250401;

public class A_강조하기 {

	public static void main(String[] args) {
		// TODO Auto-generated method stub
		String myString = "abstract algebra";
//		String myString = "PrOgRaMmErS";
		String answer ="";
		
		
		
		for(int i =0; i<myString.length(); i++) {
			
			if(myString.charAt(i)=='a') {
				
				answer+= Character.toUpperCase(myString.charAt(i));
			}else(myString.charAt(i)!='A' && Character.isUpperca(myString.charAt(i)) ) {
				answer+=  Character.toLowerCase(myString.charAt(i));
			}
							
		}
		
		
		
		//char배열로 생성후 풀이
//		char[] arr  = myString.toCharArray(); 
//		
//		for(int i =0; i<myString.length(); i++) {
//			
//			if(arr[i]=='a') {
//				
//				answer+= Character.toUpperCase(arr[i]);
//			}else {
//				answer+=  Character.toLowerCase(arr[i]);
//			}
//							
//		}
		System.out.println(answer);
	}

}

----------------------------------- SOURCE END -------------------------------------
!STACK 0
java.lang.IllegalArgumentException
	at org.eclipse.jdt.core.dom.InfixExpression.setOperator(InfixExpression.java:383)
	at org.eclipse.jdt.core.dom.ASTConverter.convert(ASTConverter.java:880)
	at org.eclipse.jdt.core.dom.ASTConverter.convert(ASTConverter.java:2038)
	at org.eclipse.jdt.core.dom.ASTConverter.convertToParenthesizedExpression(ASTConverter.java:3882)
	at org.eclipse.jdt.core.dom.ASTConverter.convert(ASTConverter.java:1953)
	at org.eclipse.jdt.core.dom.ASTConverter.convert(ASTConverter.java:1204)
	at org.eclipse.jdt.core.dom.ASTConverter.convert(ASTConverter.java:1990)
	at org.eclipse.jdt.core.dom.ASTConverter.convert(ASTConverter.java:3124)
	at org.eclipse.jdt.core.dom.ASTConverter.convert(ASTConverter.java:2273)
	at org.eclipse.jdt.core.dom.ASTConverter.convert(ASTConverter.java:3066)
	at org.eclipse.jdt.core.dom.ASTConverter.convert(ASTConverter.java:1383)
	at org.eclipse.jdt.core.dom.ASTConverter.convert(ASTConverter.java:3042)
	at org.eclipse.jdt.core.dom.ASTConverter.convert(ASTConverter.java:2220)
	at org.eclipse.jdt.core.dom.ASTConverter.convert(ASTConverter.java:3063)
	at org.eclipse.jdt.core.dom.ASTConverter.convert(ASTConverter.java:751)
	at org.eclipse.jdt.core.dom.ASTConverter.buildBodyDeclarations(ASTConverter.java:208)
	at org.eclipse.jdt.core.dom.ASTConverter.convert(ASTConverter.java:3419)
	at org.eclipse.jdt.core.dom.ASTConverter.convert(ASTConverter.java:1534)
	at org.eclipse.jdt.core.dom.AST.convertCompilationUnit(AST.java:561)
	at org.eclipse.jdt.internal.core.CompilationUnit.buildStructure(CompilationUnit.java:201)
	at org.eclipse.jdt.internal.core.Openable.generateInfos(Openable.java:266)
	at org.eclipse.jdt.internal.core.JavaElement.openWhenClosed(JavaElement.java:597)
	at org.eclipse.jdt.internal.core.CompilationUnit.makeConsistent(CompilationUnit.java:1148)
	at org.eclipse.jdt.internal.core.ReconcileWorkingCopyOperation.makeConsistent(ReconcileWorkingCopyOperation.java:173)
	at org.eclipse.jdt.internal.core.ReconcileWorkingCopyOperation.executeOperation(ReconcileWorkingCopyOperation.java:94)
	at org.eclipse.jdt.internal.core.JavaModelOperation.run(JavaModelOperation.java:740)
	at org.eclipse.jdt.internal.core.JavaModelOperation.runOperation(JavaModelOperation.java:806)
	at org.eclipse.jdt.internal.core.CompilationUnit.reconcile(CompilationUnit.java:1325)
	at org.eclipse.jdt.internal.ui.text.java.JavaReconcilingStrategy.reconcile(JavaReconcilingStrategy.java:132)
	at org.eclipse.jdt.internal.ui.text.java.JavaReconcilingStrategy$1.run(JavaReconcilingStrategy.java:94)
	at org.eclipse.core.runtime.SafeRunner.run(SafeRunner.java:45)
	at org.eclipse.jdt.internal.ui.text.java.JavaReconcilingStrategy.reconcile(JavaReconcilingStrategy.java:91)
	at org.eclipse.jdt.internal.ui.text.java.JavaReconcilingStrategy.reconcile(JavaReconcilingStrategy.java:158)
	at org.eclipse.jdt.internal.ui.text.CompositeReconcilingStrategy.reconcile(CompositeReconcilingStrategy.java:94)
	at org.eclipse.jdt.internal.ui.text.JavaCompositeReconcilingStrategy.reconcile(JavaCompositeReconcilingStrategy.java:107)
	at org.eclipse.jface.text.reconciler.MonoReconciler.process(MonoReconciler.java:78)
	at org.eclipse.jface.text.reconciler.AbstractReconciler$BackgroundThread.run(AbstractReconciler.java:207)

!ENTRY org.eclipse.jdt.ui 4 2 2025-04-01 21:56:09.920
!MESSAGE Problems occurred when invoking code from plug-in: "org.eclipse.jdt.ui".
!STACK 0
java.lang.IllegalArgumentException
	at org.eclipse.jdt.core.dom.InfixExpression.setOperator(InfixExpression.java:383)
	at org.eclipse.jdt.core.dom.ASTConverter.convert(ASTConverter.java:880)
	at org.eclipse.jdt.core.dom.ASTConverter.convert(ASTConverter.java:2038)
	at org.eclipse.jdt.core.dom.ASTConverter.convertToParenthesizedExpression(ASTConverter.java:3882)
	at org.eclipse.jdt.core.dom.ASTConverter.convert(ASTConverter.java:1953)
	at org.eclipse.jdt.core.dom.ASTConverter.convert(ASTConverter.java:1204)
	at org.eclipse.jdt.core.dom.ASTConverter.convert(ASTConverter.java:1990)
	at org.eclipse.jdt.core.dom.ASTConverter.convert(ASTConverter.java:3124)
	at org.eclipse.jdt.core.dom.ASTConverter.convert(ASTConverter.java:2273)
	at org.eclipse.jdt.core.dom.ASTConverter.convert(ASTConverter.java:3066)
	at org.eclipse.jdt.core.dom.ASTConverter.convert(ASTConverter.java:1383)
	at org.eclipse.jdt.core.dom.ASTConverter.convert(ASTConverter.java:3042)
	at org.eclipse.jdt.core.dom.ASTConverter.convert(ASTConverter.java:2220)
	at org.eclipse.jdt.core.dom.ASTConverter.convert(ASTConverter.java:3063)
	at org.eclipse.jdt.core.dom.ASTConverter.convert(ASTConverter.java:751)
	at org.eclipse.jdt.core.dom.ASTConverter.buildBodyDeclarations(ASTConverter.java:208)
	at org.eclipse.jdt.core.dom.ASTConverter.convert(ASTConverter.java:3419)
	at org.eclipse.jdt.core.dom.ASTConverter.convert(ASTConverter.java:1534)
	at org.eclipse.jdt.core.dom.AST.convertCompilationUnit(AST.java:561)
	at org.eclipse.jdt.internal.core.CompilationUnit.buildStructure(CompilationUnit.java:201)
	at org.eclipse.jdt.internal.core.Openable.generateInfos(Openable.java:266)
	at org.eclipse.jdt.internal.core.JavaElement.openWhenClosed(JavaElement.java:597)
	at org.eclipse.jdt.internal.core.CompilationUnit.makeConsistent(CompilationUnit.java:1148)
	at org.eclipse.jdt.internal.core.ReconcileWorkingCopyOperation.makeConsistent(ReconcileWorkingCopyOperation.java:173)
	at org.eclipse.jdt.internal.core.ReconcileWorkingCopyOperation.executeOperation(ReconcileWorkingCopyOperation.java:94)
	at org.eclipse.jdt.internal.core.JavaModelOperation.run(JavaModelOperation.java:740)
	at org.eclipse.jdt.internal.core.JavaModelOperation.runOperation(JavaModelOperation.java:806)
	at org.eclipse.jdt.internal.core.CompilationUnit.reconcile(CompilationUnit.java:1325)
	at org.eclipse.jdt.internal.ui.text.java.JavaReconcilingStrategy.reconcile(JavaReconcilingStrategy.java:132)
	at org.eclipse.jdt.internal.ui.text.java.JavaReconcilingStrategy$1.run(JavaReconcilingStrategy.java:94)
	at org.eclipse.core.runtime.SafeRunner.run(SafeRunner.java:45)
	at org.eclipse.jdt.internal.ui.text.java.JavaReconcilingStrategy.reconcile(JavaReconcilingStrategy.java:91)
	at org.eclipse.jdt.internal.ui.text.java.JavaReconcilingStrategy.reconcile(JavaReconcilingStrategy.java:158)
	at org.eclipse.jdt.internal.ui.text.CompositeReconcilingStrategy.reconcile(CompositeReconcilingStrategy.java:94)
	at org.eclipse.jdt.internal.ui.text.JavaCompositeReconcilingStrategy.reconcile(JavaCompositeReconcilingStrategy.java:107)
	at org.eclipse.jface.text.reconciler.MonoReconciler.process(MonoReconciler.java:78)
	at org.eclipse.jface.text.reconciler.AbstractReconciler$BackgroundThread.run(AbstractReconciler.java:207)

!ENTRY org.eclipse.jdt.ui 4 0 2025-04-01 21:56:09.921
!MESSAGE Error in JDT Core during reconcile
!STACK 0
java.lang.IllegalArgumentException
	at org.eclipse.jdt.core.dom.InfixExpression.setOperator(InfixExpression.java:383)
	at org.eclipse.jdt.core.dom.ASTConverter.convert(ASTConverter.java:880)
	at org.eclipse.jdt.core.dom.ASTConverter.convert(ASTConverter.java:2038)
	at org.eclipse.jdt.core.dom.ASTConverter.convertToParenthesizedExpression(ASTConverter.java:3882)
	at org.eclipse.jdt.core.dom.ASTConverter.convert(ASTConverter.java:1953)
	at org.eclipse.jdt.core.dom.ASTConverter.convert(ASTConverter.java:1204)
	at org.eclipse.jdt.core.dom.ASTConverter.convert(ASTConverter.java:1990)
	at org.eclipse.jdt.core.dom.ASTConverter.convert(ASTConverter.java:3124)
	at org.eclipse.jdt.core.dom.ASTConverter.convert(ASTConverter.java:2273)
	at org.eclipse.jdt.core.dom.ASTConverter.convert(ASTConverter.java:3066)
	at org.eclipse.jdt.core.dom.ASTConverter.convert(ASTConverter.java:1383)
	at org.eclipse.jdt.core.dom.ASTConverter.convert(ASTConverter.java:3042)
	at org.eclipse.jdt.core.dom.ASTConverter.convert(ASTConverter.java:2220)
	at org.eclipse.jdt.core.dom.ASTConverter.convert(ASTConverter.java:3063)
	at org.eclipse.jdt.core.dom.ASTConverter.convert(ASTConverter.java:751)
	at org.eclipse.jdt.core.dom.ASTConverter.buildBodyDeclarations(ASTConverter.java:208)
	at org.eclipse.jdt.core.dom.ASTConverter.convert(ASTConverter.java:3419)
	at org.eclipse.jdt.core.dom.ASTConverter.convert(ASTConverter.java:1534)
	at org.eclipse.jdt.core.dom.AST.convertCompilationUnit(AST.java:561)
	at org.eclipse.jdt.internal.core.CompilationUnit.buildStructure(CompilationUnit.java:201)
	at org.eclipse.jdt.internal.core.Openable.generateInfos(Openable.java:266)
	at org.eclipse.jdt.internal.core.JavaElement.openWhenClosed(JavaElement.java:597)
	at org.eclipse.jdt.internal.core.CompilationUnit.makeConsistent(CompilationUnit.java:1148)
	at org.eclipse.jdt.internal.core.ReconcileWorkingCopyOperation.makeConsistent(ReconcileWorkingCopyOperation.java:173)
	at org.eclipse.jdt.internal.core.ReconcileWorkingCopyOperation.executeOperation(ReconcileWorkingCopyOperation.java:94)
	at org.eclipse.jdt.internal.core.JavaModelOperation.run(JavaModelOperation.java:740)
	at org.eclipse.jdt.internal.core.JavaModelOperation.runOperation(JavaModelOperation.java:806)
	at org.eclipse.jdt.internal.core.CompilationUnit.reconcile(CompilationUnit.java:1325)
	at org.eclipse.jdt.internal.ui.text.java.JavaReconcilingStrategy.reconcile(JavaReconcilingStrategy.java:132)
	at org.eclipse.jdt.internal.ui.text.java.JavaReconcilingStrategy$1.run(JavaReconcilingStrategy.java:94)
	at org.eclipse.core.runtime.SafeRunner.run(SafeRunner.java:45)
	at org.eclipse.jdt.internal.ui.text.java.JavaReconcilingStrategy.reconcile(JavaReconcilingStrategy.java:91)
	at org.eclipse.jdt.internal.ui.text.java.JavaReconcilingStrategy.reconcile(JavaReconcilingStrategy.java:158)
	at org.eclipse.jdt.internal.ui.text.CompositeReconcilingStrategy.reconcile(CompositeReconcilingStrategy.java:94)
	at org.eclipse.jdt.internal.ui.text.JavaCompositeReconcilingStrategy.reconcile(JavaCompositeReconcilingStrategy.java:107)
	at org.eclipse.jface.text.reconciler.MonoReconciler.process(MonoReconciler.java:78)
	at org.eclipse.jface.text.reconciler.AbstractReconciler$BackgroundThread.run(AbstractReconciler.java:207)

!ENTRY org.eclipse.jdt.core 4 4 2025-04-01 21:56:09.956
!MESSAGE Exception occurred during compilation unit conversion:
----------------------------------- SOURCE BEGIN -------------------------------------
package _250401;

public class A_강조하기 {

	public static void main(String[] args) {
		// TODO Auto-generated method stub
		String myString = "abstract algebra";
//		String myString = "PrOgRaMmErS";
		String answer ="";
		
		
		
		for(int i =0; i<myString.length(); i++) {
			
			if(myString.charAt(i)=='a') {
				
				answer+= Character.toUpperCase(myString.charAt(i));
			}else(myString.charAt(i)!='A' && Character.isUpperca(myString.charAt(i)) ) {
				answer+=  Character.toLowerCase(myString.charAt(i));
			}
							
		}
		
		
		
		//char배열로 생성후 풀이
//		char[] arr  = myString.toCharArray(); 
//		
//		for(int i =0; i<myString.length(); i++) {
//			
//			if(arr[i]=='a') {
//				
//				answer+= Character.toUpperCase(arr[i]);
//			}else {
//				answer+=  Character.toLowerCase(arr[i]);
//			}
//							
//		}
		System.out.println(answer);
	}

}

----------------------------------- SOURCE END -------------------------------------
!STACK 0
java.lang.IllegalArgumentException
	at org.eclipse.jdt.core.dom.InfixExpression.setOperator(InfixExpression.java:383)
	at org.eclipse.jdt.core.dom.ASTConverter.convert(ASTConverter.java:880)
	at org.eclipse.jdt.core.dom.ASTConverter.convert(ASTConverter.java:2038)
	at org.eclipse.jdt.core.dom.ASTConverter.convertToParenthesizedExpression(ASTConverter.java:3882)
	at org.eclipse.jdt.core.dom.ASTConverter.convert(ASTConverter.java:1953)
	at org.eclipse.jdt.core.dom.ASTConverter.convert(ASTConverter.java:1204)
	at org.eclipse.jdt.core.dom.ASTConverter.convert(ASTConverter.java:1990)
	at org.eclipse.jdt.core.dom.ASTConverter.convert(ASTConverter.java:3124)
	at org.eclipse.jdt.core.dom.ASTConverter.convert(ASTConverter.java:2273)
	at org.eclipse.jdt.core.dom.ASTConverter.convert(ASTConverter.java:3066)
	at org.eclipse.jdt.core.dom.ASTConverter.convert(ASTConverter.java:1383)
	at org.eclipse.jdt.core.dom.ASTConverter.convert(ASTConverter.java:3042)
	at org.eclipse.jdt.core.dom.ASTConverter.convert(ASTConverter.java:2220)
	at org.eclipse.jdt.core.dom.ASTConverter.convert(ASTConverter.java:3063)
	at org.eclipse.jdt.core.dom.ASTConverter.convert(ASTConverter.java:751)
	at org.eclipse.jdt.core.dom.ASTConverter.buildBodyDeclarations(ASTConverter.java:208)
	at org.eclipse.jdt.core.dom.ASTConverter.convert(ASTConverter.java:3419)
	at org.eclipse.jdt.core.dom.ASTConverter.convert(ASTConverter.java:1534)
	at org.eclipse.jdt.core.dom.CompilationUnitResolver.convert(CompilationUnitResolver.java:344)
	at org.eclipse.jdt.core.dom.ASTParser.internalCreateAST(ASTParser.java:1272)
	at org.eclipse.jdt.core.dom.ASTParser.createAST(ASTParser.java:868)
	at org.eclipse.jdt.core.manipulation.CoreASTProvider$1.run(CoreASTProvider.java:294)
	at org.eclipse.core.runtime.SafeRunner.run(SafeRunner.java:45)
	at org.eclipse.jdt.core.manipulation.CoreASTProvider.createAST(CoreASTProvider.java:286)
	at org.eclipse.jdt.core.manipulation.CoreASTProvider.getAST(CoreASTProvider.java:199)
	at org.eclipse.jdt.core.manipulation.SharedASTProviderCore.getAST(SharedASTProviderCore.java:138)
	at org.eclipse.jdt.internal.ui.viewsupport.SelectionListenerWithASTManager$PartListenerGroup.calculateASTandInform(SelectionListenerWithASTManager.java:166)
	at org.eclipse.jdt.internal.ui.viewsupport.SelectionListenerWithASTManager$PartListenerGroup$1.run(SelectionListenerWithASTManager.java:151)
	at org.eclipse.core.internal.jobs.Worker.run(Worker.java:63)

!ENTRY org.eclipse.jdt.core.manipulation 4 2 2025-04-01 21:56:09.957
!MESSAGE Problems occurred when invoking code from plug-in: "org.eclipse.jdt.core.manipulation".
!STACK 0
java.lang.IllegalArgumentException
	at org.eclipse.jdt.core.dom.InfixExpression.setOperator(InfixExpression.java:383)
	at org.eclipse.jdt.core.dom.ASTConverter.convert(ASTConverter.java:880)
	at org.eclipse.jdt.core.dom.ASTConverter.convert(ASTConverter.java:2038)
	at org.eclipse.jdt.core.dom.ASTConverter.convertToParenthesizedExpression(ASTConverter.java:3882)
	at org.eclipse.jdt.core.dom.ASTConverter.convert(ASTConverter.java:1953)
	at org.eclipse.jdt.core.dom.ASTConverter.convert(ASTConverter.java:1204)
	at org.eclipse.jdt.core.dom.ASTConverter.convert(ASTConverter.java:1990)
	at org.eclipse.jdt.core.dom.ASTConverter.convert(ASTConverter.java:3124)
	at org.eclipse.jdt.core.dom.ASTConverter.convert(ASTConverter.java:2273)
	at org.eclipse.jdt.core.dom.ASTConverter.convert(ASTConverter.java:3066)
	at org.eclipse.jdt.core.dom.ASTConverter.convert(ASTConverter.java:1383)
	at org.eclipse.jdt.core.dom.ASTConverter.convert(ASTConverter.java:3042)
	at org.eclipse.jdt.core.dom.ASTConverter.convert(ASTConverter.java:2220)
	at org.eclipse.jdt.core.dom.ASTConverter.convert(ASTConverter.java:3063)
	at org.eclipse.jdt.core.dom.ASTConverter.convert(ASTConverter.java:751)
	at org.eclipse.jdt.core.dom.ASTConverter.buildBodyDeclarations(ASTConverter.java:208)
	at org.eclipse.jdt.core.dom.ASTConverter.convert(ASTConverter.java:3419)
	at org.eclipse.jdt.core.dom.ASTConverter.convert(ASTConverter.java:1534)
	at org.eclipse.jdt.core.dom.CompilationUnitResolver.convert(CompilationUnitResolver.java:344)
	at org.eclipse.jdt.core.dom.ASTParser.internalCreateAST(ASTParser.java:1272)
	at org.eclipse.jdt.core.dom.ASTParser.createAST(ASTParser.java:868)
	at org.eclipse.jdt.core.manipulation.CoreASTProvider$1.run(CoreASTProvider.java:294)
	at org.eclipse.core.runtime.SafeRunner.run(SafeRunner.java:45)
	at org.eclipse.jdt.core.manipulation.CoreASTProvider.createAST(CoreASTProvider.java:286)
	at org.eclipse.jdt.core.manipulation.CoreASTProvider.getAST(CoreASTProvider.java:199)
	at org.eclipse.jdt.core.manipulation.SharedASTProviderCore.getAST(SharedASTProviderCore.java:138)
	at org.eclipse.jdt.internal.ui.viewsupport.SelectionListenerWithASTManager$PartListenerGroup.calculateASTandInform(SelectionListenerWithASTManager.java:166)
	at org.eclipse.jdt.internal.ui.viewsupport.SelectionListenerWithASTManager$PartListenerGroup$1.run(SelectionListenerWithASTManager.java:151)
	at org.eclipse.core.internal.jobs.Worker.run(Worker.java:63)

!ENTRY org.eclipse.jdt.core.manipulation 4 0 2025-04-01 21:56:09.958
!MESSAGE Error in JDT Core during AST creation
!STACK 0
java.lang.IllegalArgumentException
	at org.eclipse.jdt.core.dom.InfixExpression.setOperator(InfixExpression.java:383)
	at org.eclipse.jdt.core.dom.ASTConverter.convert(ASTConverter.java:880)
	at org.eclipse.jdt.core.dom.ASTConverter.convert(ASTConverter.java:2038)
	at org.eclipse.jdt.core.dom.ASTConverter.convertToParenthesizedExpression(ASTConverter.java:3882)
	at org.eclipse.jdt.core.dom.ASTConverter.convert(ASTConverter.java:1953)
	at org.eclipse.jdt.core.dom.ASTConverter.convert(ASTConverter.java:1204)
	at org.eclipse.jdt.core.dom.ASTConverter.convert(ASTConverter.java:1990)
	at org.eclipse.jdt.core.dom.ASTConverter.convert(ASTConverter.java:3124)
	at org.eclipse.jdt.core.dom.ASTConverter.convert(ASTConverter.java:2273)
	at org.eclipse.jdt.core.dom.ASTConverter.convert(ASTConverter.java:3066)
	at org.eclipse.jdt.core.dom.ASTConverter.convert(ASTConverter.java:1383)
	at org.eclipse.jdt.core.dom.ASTConverter.convert(ASTConverter.java:3042)
	at org.eclipse.jdt.core.dom.ASTConverter.convert(ASTConverter.java:2220)
	at org.eclipse.jdt.core.dom.ASTConverter.convert(ASTConverter.java:3063)
	at org.eclipse.jdt.core.dom.ASTConverter.convert(ASTConverter.java:751)
	at org.eclipse.jdt.core.dom.ASTConverter.buildBodyDeclarations(ASTConverter.java:208)
	at org.eclipse.jdt.core.dom.ASTConverter.convert(ASTConverter.java:3419)
	at org.eclipse.jdt.core.dom.ASTConverter.convert(ASTConverter.java:1534)
	at org.eclipse.jdt.core.dom.CompilationUnitResolver.convert(CompilationUnitResolver.java:344)
	at org.eclipse.jdt.core.dom.ASTParser.internalCreateAST(ASTParser.java:1272)
	at org.eclipse.jdt.core.dom.ASTParser.createAST(ASTParser.java:868)
	at org.eclipse.jdt.core.manipulation.CoreASTProvider$1.run(CoreASTProvider.java:294)
	at org.eclipse.core.runtime.SafeRunner.run(SafeRunner.java:45)
	at org.eclipse.jdt.core.manipulation.CoreASTProvider.createAST(CoreASTProvider.java:286)
	at org.eclipse.jdt.core.manipulation.CoreASTProvider.getAST(CoreASTProvider.java:199)
	at org.eclipse.jdt.core.manipulation.SharedASTProviderCore.getAST(SharedASTProviderCore.java:138)
	at org.eclipse.jdt.internal.ui.viewsupport.SelectionListenerWithASTManager$PartListenerGroup.calculateASTandInform(SelectionListenerWithASTManager.java:166)
	at org.eclipse.jdt.internal.ui.viewsupport.SelectionListenerWithASTManager$PartListenerGroup$1.run(SelectionListenerWithASTManager.java:151)
	at org.eclipse.core.internal.jobs.Worker.run(Worker.java:63)

!ENTRY org.eclipse.jdt.core 4 4 2025-04-01 21:56:11.143
!MESSAGE Exception occurred during compilation unit conversion:
----------------------------------- SOURCE BEGIN -------------------------------------
package _250401;

public class A_강조하기 {

	public static void main(String[] args) {
		// TODO Auto-generated method stub
		String myString = "abstract algebra";
//		String myString = "PrOgRaMmErS";
		String answer ="";
		
		
		
		for(int i =0; i<myString.length(); i++) {
			
			if(myString.charAt(i)=='a') {
				
				answer+= Character.toUpperCase(myString.charAt(i));
			}else(myString.charAt(i)!='A' && Character.isUppercase(myString.charAt(i)) ) {
				answer+=  Character.toLowerCase(myString.charAt(i));
			}
							
		}
		
		
		
		//char배열로 생성후 풀이
//		char[] arr  = myString.toCharArray(); 
//		
//		for(int i =0; i<myString.length(); i++) {
//			
//			if(arr[i]=='a') {
//				
//				answer+= Character.toUpperCase(arr[i]);
//			}else {
//				answer+=  Character.toLowerCase(arr[i]);
//			}
//							
//		}
		System.out.println(answer);
	}

}

----------------------------------- SOURCE END -------------------------------------
!STACK 0
java.lang.IllegalArgumentException
	at org.eclipse.jdt.core.dom.InfixExpression.setOperator(InfixExpression.java:383)
	at org.eclipse.jdt.core.dom.ASTConverter.convert(ASTConverter.java:880)
	at org.eclipse.jdt.core.dom.ASTConverter.convert(ASTConverter.java:2038)
	at org.eclipse.jdt.core.dom.ASTConverter.convertToParenthesizedExpression(ASTConverter.java:3882)
	at org.eclipse.jdt.core.dom.ASTConverter.convert(ASTConverter.java:1953)
	at org.eclipse.jdt.core.dom.ASTConverter.convert(ASTConverter.java:1204)
	at org.eclipse.jdt.core.dom.ASTConverter.convert(ASTConverter.java:1990)
	at org.eclipse.jdt.core.dom.ASTConverter.convert(ASTConverter.java:3124)
	at org.eclipse.jdt.core.dom.ASTConverter.convert(ASTConverter.java:2273)
	at org.eclipse.jdt.core.dom.ASTConverter.convert(ASTConverter.java:3066)
	at org.eclipse.jdt.core.dom.ASTConverter.convert(ASTConverter.java:1383)
	at org.eclipse.jdt.core.dom.ASTConverter.convert(ASTConverter.java:3042)
	at org.eclipse.jdt.core.dom.ASTConverter.convert(ASTConverter.java:2220)
	at org.eclipse.jdt.core.dom.ASTConverter.convert(ASTConverter.java:3063)
	at org.eclipse.jdt.core.dom.ASTConverter.convert(ASTConverter.java:751)
	at org.eclipse.jdt.core.dom.ASTConverter.buildBodyDeclarations(ASTConverter.java:208)
	at org.eclipse.jdt.core.dom.ASTConverter.convert(ASTConverter.java:3419)
	at org.eclipse.jdt.core.dom.ASTConverter.convert(ASTConverter.java:1534)
	at org.eclipse.jdt.core.dom.AST.convertCompilationUnit(AST.java:561)
	at org.eclipse.jdt.internal.core.CompilationUnit.buildStructure(CompilationUnit.java:201)
	at org.eclipse.jdt.internal.core.Openable.generateInfos(Openable.java:266)
	at org.eclipse.jdt.internal.core.JavaElement.openWhenClosed(JavaElement.java:597)
	at org.eclipse.jdt.internal.core.CompilationUnit.makeConsistent(CompilationUnit.java:1148)
	at org.eclipse.jdt.internal.core.ReconcileWorkingCopyOperation.makeConsistent(ReconcileWorkingCopyOperation.java:173)
	at org.eclipse.jdt.internal.core.ReconcileWorkingCopyOperation.executeOperation(ReconcileWorkingCopyOperation.java:94)
	at org.eclipse.jdt.internal.core.JavaModelOperation.run(JavaModelOperation.java:740)
	at org.eclipse.jdt.internal.core.JavaModelOperation.runOperation(JavaModelOperation.java:806)
	at org.eclipse.jdt.internal.core.CompilationUnit.reconcile(CompilationUnit.java:1325)
	at org.eclipse.jdt.internal.ui.text.java.JavaReconcilingStrategy.reconcile(JavaReconcilingStrategy.java:132)
	at org.eclipse.jdt.internal.ui.text.java.JavaReconcilingStrategy$1.run(JavaReconcilingStrategy.java:94)
	at org.eclipse.core.runtime.SafeRunner.run(SafeRunner.java:45)
	at org.eclipse.jdt.internal.ui.text.java.JavaReconcilingStrategy.reconcile(JavaReconcilingStrategy.java:91)
	at org.eclipse.jdt.internal.ui.text.java.JavaReconcilingStrategy.reconcile(JavaReconcilingStrategy.java:158)
	at org.eclipse.jdt.internal.ui.text.CompositeReconcilingStrategy.reconcile(CompositeReconcilingStrategy.java:94)
	at org.eclipse.jdt.internal.ui.text.JavaCompositeReconcilingStrategy.reconcile(JavaCompositeReconcilingStrategy.java:107)
	at org.eclipse.jface.text.reconciler.MonoReconciler.process(MonoReconciler.java:78)
	at org.eclipse.jface.text.reconciler.AbstractReconciler$BackgroundThread.run(AbstractReconciler.java:207)

!ENTRY org.eclipse.jdt.ui 4 2 2025-04-01 21:56:11.144
!MESSAGE Problems occurred when invoking code from plug-in: "org.eclipse.jdt.ui".
!STACK 0
java.lang.IllegalArgumentException
	at org.eclipse.jdt.core.dom.InfixExpression.setOperator(InfixExpression.java:383)
	at org.eclipse.jdt.core.dom.ASTConverter.convert(ASTConverter.java:880)
	at org.eclipse.jdt.core.dom.ASTConverter.convert(ASTConverter.java:2038)
	at org.eclipse.jdt.core.dom.ASTConverter.convertToParenthesizedExpression(ASTConverter.java:3882)
	at org.eclipse.jdt.core.dom.ASTConverter.convert(ASTConverter.java:1953)
	at org.eclipse.jdt.core.dom.ASTConverter.convert(ASTConverter.java:1204)
	at org.eclipse.jdt.core.dom.ASTConverter.convert(ASTConverter.java:1990)
	at org.eclipse.jdt.core.dom.ASTConverter.convert(ASTConverter.java:3124)
	at org.eclipse.jdt.core.dom.ASTConverter.convert(ASTConverter.java:2273)
	at org.eclipse.jdt.core.dom.ASTConverter.convert(ASTConverter.java:3066)
	at org.eclipse.jdt.core.dom.ASTConverter.convert(ASTConverter.java:1383)
	at org.eclipse.jdt.core.dom.ASTConverter.convert(ASTConverter.java:3042)
	at org.eclipse.jdt.core.dom.ASTConverter.convert(ASTConverter.java:2220)
	at org.eclipse.jdt.core.dom.ASTConverter.convert(ASTConverter.java:3063)
	at org.eclipse.jdt.core.dom.ASTConverter.convert(ASTConverter.java:751)
	at org.eclipse.jdt.core.dom.ASTConverter.buildBodyDeclarations(ASTConverter.java:208)
	at org.eclipse.jdt.core.dom.ASTConverter.convert(ASTConverter.java:3419)
	at org.eclipse.jdt.core.dom.ASTConverter.convert(ASTConverter.java:1534)
	at org.eclipse.jdt.core.dom.AST.convertCompilationUnit(AST.java:561)
	at org.eclipse.jdt.internal.core.CompilationUnit.buildStructure(CompilationUnit.java:201)
	at org.eclipse.jdt.internal.core.Openable.generateInfos(Openable.java:266)
	at org.eclipse.jdt.internal.core.JavaElement.openWhenClosed(JavaElement.java:597)
	at org.eclipse.jdt.internal.core.CompilationUnit.makeConsistent(CompilationUnit.java:1148)
	at org.eclipse.jdt.internal.core.ReconcileWorkingCopyOperation.makeConsistent(ReconcileWorkingCopyOperation.java:173)
	at org.eclipse.jdt.internal.core.ReconcileWorkingCopyOperation.executeOperation(ReconcileWorkingCopyOperation.java:94)
	at org.eclipse.jdt.internal.core.JavaModelOperation.run(JavaModelOperation.java:740)
	at org.eclipse.jdt.internal.core.JavaModelOperation.runOperation(JavaModelOperation.java:806)
	at org.eclipse.jdt.internal.core.CompilationUnit.reconcile(CompilationUnit.java:1325)
	at org.eclipse.jdt.internal.ui.text.java.JavaReconcilingStrategy.reconcile(JavaReconcilingStrategy.java:132)
	at org.eclipse.jdt.internal.ui.text.java.JavaReconcilingStrategy$1.run(JavaReconcilingStrategy.java:94)
	at org.eclipse.core.runtime.SafeRunner.run(SafeRunner.java:45)
	at org.eclipse.jdt.internal.ui.text.java.JavaReconcilingStrategy.reconcile(JavaReconcilingStrategy.java:91)
	at org.eclipse.jdt.internal.ui.text.java.JavaReconcilingStrategy.reconcile(JavaReconcilingStrategy.java:158)
	at org.eclipse.jdt.internal.ui.text.CompositeReconcilingStrategy.reconcile(CompositeReconcilingStrategy.java:94)
	at org.eclipse.jdt.internal.ui.text.JavaCompositeReconcilingStrategy.reconcile(JavaCompositeReconcilingStrategy.java:107)
	at org.eclipse.jface.text.reconciler.MonoReconciler.process(MonoReconciler.java:78)
	at org.eclipse.jface.text.reconciler.AbstractReconciler$BackgroundThread.run(AbstractReconciler.java:207)

!ENTRY org.eclipse.jdt.ui 4 0 2025-04-01 21:56:11.144
!MESSAGE Error in JDT Core during reconcile
!STACK 0
java.lang.IllegalArgumentException
	at org.eclipse.jdt.core.dom.InfixExpression.setOperator(InfixExpression.java:383)
	at org.eclipse.jdt.core.dom.ASTConverter.convert(ASTConverter.java:880)
	at org.eclipse.jdt.core.dom.ASTConverter.convert(ASTConverter.java:2038)
	at org.eclipse.jdt.core.dom.ASTConverter.convertToParenthesizedExpression(ASTConverter.java:3882)
	at org.eclipse.jdt.core.dom.ASTConverter.convert(ASTConverter.java:1953)
	at org.eclipse.jdt.core.dom.ASTConverter.convert(ASTConverter.java:1204)
	at org.eclipse.jdt.core.dom.ASTConverter.convert(ASTConverter.java:1990)
	at org.eclipse.jdt.core.dom.ASTConverter.convert(ASTConverter.java:3124)
	at org.eclipse.jdt.core.dom.ASTConverter.convert(ASTConverter.java:2273)
	at org.eclipse.jdt.core.dom.ASTConverter.convert(ASTConverter.java:3066)
	at org.eclipse.jdt.core.dom.ASTConverter.convert(ASTConverter.java:1383)
	at org.eclipse.jdt.core.dom.ASTConverter.convert(ASTConverter.java:3042)
	at org.eclipse.jdt.core.dom.ASTConverter.convert(ASTConverter.java:2220)
	at org.eclipse.jdt.core.dom.ASTConverter.convert(ASTConverter.java:3063)
	at org.eclipse.jdt.core.dom.ASTConverter.convert(ASTConverter.java:751)
	at org.eclipse.jdt.core.dom.ASTConverter.buildBodyDeclarations(ASTConverter.java:208)
	at org.eclipse.jdt.core.dom.ASTConverter.convert(ASTConverter.java:3419)
	at org.eclipse.jdt.core.dom.ASTConverter.convert(ASTConverter.java:1534)
	at org.eclipse.jdt.core.dom.AST.convertCompilationUnit(AST.java:561)
	at org.eclipse.jdt.internal.core.CompilationUnit.buildStructure(CompilationUnit.java:201)
	at org.eclipse.jdt.internal.core.Openable.generateInfos(Openable.java:266)
	at org.eclipse.jdt.internal.core.JavaElement.openWhenClosed(JavaElement.java:597)
	at org.eclipse.jdt.internal.core.CompilationUnit.makeConsistent(CompilationUnit.java:1148)
	at org.eclipse.jdt.internal.core.ReconcileWorkingCopyOperation.makeConsistent(ReconcileWorkingCopyOperation.java:173)
	at org.eclipse.jdt.internal.core.ReconcileWorkingCopyOperation.executeOperation(ReconcileWorkingCopyOperation.java:94)
	at org.eclipse.jdt.internal.core.JavaModelOperation.run(JavaModelOperation.java:740)
	at org.eclipse.jdt.internal.core.JavaModelOperation.runOperation(JavaModelOperation.java:806)
	at org.eclipse.jdt.internal.core.CompilationUnit.reconcile(CompilationUnit.java:1325)
	at org.eclipse.jdt.internal.ui.text.java.JavaReconcilingStrategy.reconcile(JavaReconcilingStrategy.java:132)
	at org.eclipse.jdt.internal.ui.text.java.JavaReconcilingStrategy$1.run(JavaReconcilingStrategy.java:94)
	at org.eclipse.core.runtime.SafeRunner.run(SafeRunner.java:45)
	at org.eclipse.jdt.internal.ui.text.java.JavaReconcilingStrategy.reconcile(JavaReconcilingStrategy.java:91)
	at org.eclipse.jdt.internal.ui.text.java.JavaReconcilingStrategy.reconcile(JavaReconcilingStrategy.java:158)
	at org.eclipse.jdt.internal.ui.text.CompositeReconcilingStrategy.reconcile(CompositeReconcilingStrategy.java:94)
	at org.eclipse.jdt.internal.ui.text.JavaCompositeReconcilingStrategy.reconcile(JavaCompositeReconcilingStrategy.java:107)
	at org.eclipse.jface.text.reconciler.MonoReconciler.process(MonoReconciler.java:78)
	at org.eclipse.jface.text.reconciler.AbstractReconciler$BackgroundThread.run(AbstractReconciler.java:207)

!ENTRY org.eclipse.jdt.core 4 4 2025-04-01 21:56:11.242
!MESSAGE Exception occurred during compilation unit conversion:
----------------------------------- SOURCE BEGIN -------------------------------------
package _250401;

public class A_강조하기 {

	public static void main(String[] args) {
		// TODO Auto-generated method stub
		String myString = "abstract algebra";
//		String myString = "PrOgRaMmErS";
		String answer ="";
		
		
		
		for(int i =0; i<myString.length(); i++) {
			
			if(myString.charAt(i)=='a') {
				
				answer+= Character.toUpperCase(myString.charAt(i));
			}else(myString.charAt(i)!='A' && Character.isUppercase(myString.charAt(i)) ) {
				answer+=  Character.toLowerCase(myString.charAt(i));
			}
							
		}
		
		
		
		//char배열로 생성후 풀이
//		char[] arr  = myString.toCharArray(); 
//		
//		for(int i =0; i<myString.length(); i++) {
//			
//			if(arr[i]=='a') {
//				
//				answer+= Character.toUpperCase(arr[i]);
//			}else {
//				answer+=  Character.toLowerCase(arr[i]);
//			}
//							
//		}
		System.out.println(answer);
	}

}

----------------------------------- SOURCE END -------------------------------------
!STACK 0
java.lang.IllegalArgumentException
	at org.eclipse.jdt.core.dom.InfixExpression.setOperator(InfixExpression.java:383)
	at org.eclipse.jdt.core.dom.ASTConverter.convert(ASTConverter.java:880)
	at org.eclipse.jdt.core.dom.ASTConverter.convert(ASTConverter.java:2038)
	at org.eclipse.jdt.core.dom.ASTConverter.convertToParenthesizedExpression(ASTConverter.java:3882)
	at org.eclipse.jdt.core.dom.ASTConverter.convert(ASTConverter.java:1953)
	at org.eclipse.jdt.core.dom.ASTConverter.convert(ASTConverter.java:1204)
	at org.eclipse.jdt.core.dom.ASTConverter.convert(ASTConverter.java:1990)
	at org.eclipse.jdt.core.dom.ASTConverter.convert(ASTConverter.java:3124)
	at org.eclipse.jdt.core.dom.ASTConverter.convert(ASTConverter.java:2273)
	at org.eclipse.jdt.core.dom.ASTConverter.convert(ASTConverter.java:3066)
	at org.eclipse.jdt.core.dom.ASTConverter.convert(ASTConverter.java:1383)
	at org.eclipse.jdt.core.dom.ASTConverter.convert(ASTConverter.java:3042)
	at org.eclipse.jdt.core.dom.ASTConverter.convert(ASTConverter.java:2220)
	at org.eclipse.jdt.core.dom.ASTConverter.convert(ASTConverter.java:3063)
	at org.eclipse.jdt.core.dom.ASTConverter.convert(ASTConverter.java:751)
	at org.eclipse.jdt.core.dom.ASTConverter.buildBodyDeclarations(ASTConverter.java:208)
	at org.eclipse.jdt.core.dom.ASTConverter.convert(ASTConverter.java:3419)
	at org.eclipse.jdt.core.dom.ASTConverter.convert(ASTConverter.java:1534)
	at org.eclipse.jdt.core.dom.CompilationUnitResolver.convert(CompilationUnitResolver.java:344)
	at org.eclipse.jdt.core.dom.ASTParser.internalCreateAST(ASTParser.java:1272)
	at org.eclipse.jdt.core.dom.ASTParser.createAST(ASTParser.java:868)
	at org.eclipse.jdt.core.manipulation.CoreASTProvider$1.run(CoreASTProvider.java:294)
	at org.eclipse.core.runtime.SafeRunner.run(SafeRunner.java:45)
	at org.eclipse.jdt.core.manipulation.CoreASTProvider.createAST(CoreASTProvider.java:286)
	at org.eclipse.jdt.core.manipulation.CoreASTProvider.getAST(CoreASTProvider.java:199)
	at org.eclipse.jdt.core.manipulation.SharedASTProviderCore.getAST(SharedASTProviderCore.java:138)
	at org.eclipse.jdt.internal.ui.viewsupport.SelectionListenerWithASTManager$PartListenerGroup.calculateASTandInform(SelectionListenerWithASTManager.java:166)
	at org.eclipse.jdt.internal.ui.viewsupport.SelectionListenerWithASTManager$PartListenerGroup$1.run(SelectionListenerWithASTManager.java:151)
	at org.eclipse.core.internal.jobs.Worker.run(Worker.java:63)

!ENTRY org.eclipse.jdt.core.manipulation 4 2 2025-04-01 21:56:11.243
!MESSAGE Problems occurred when invoking code from plug-in: "org.eclipse.jdt.core.manipulation".
!STACK 0
java.lang.IllegalArgumentException
	at org.eclipse.jdt.core.dom.InfixExpression.setOperator(InfixExpression.java:383)
	at org.eclipse.jdt.core.dom.ASTConverter.convert(ASTConverter.java:880)
	at org.eclipse.jdt.core.dom.ASTConverter.convert(ASTConverter.java:2038)
	at org.eclipse.jdt.core.dom.ASTConverter.convertToParenthesizedExpression(ASTConverter.java:3882)
	at org.eclipse.jdt.core.dom.ASTConverter.convert(ASTConverter.java:1953)
	at org.eclipse.jdt.core.dom.ASTConverter.convert(ASTConverter.java:1204)
	at org.eclipse.jdt.core.dom.ASTConverter.convert(ASTConverter.java:1990)
	at org.eclipse.jdt.core.dom.ASTConverter.convert(ASTConverter.java:3124)
	at org.eclipse.jdt.core.dom.ASTConverter.convert(ASTConverter.java:2273)
	at org.eclipse.jdt.core.dom.ASTConverter.convert(ASTConverter.java:3066)
	at org.eclipse.jdt.core.dom.ASTConverter.convert(ASTConverter.java:1383)
	at org.eclipse.jdt.core.dom.ASTConverter.convert(ASTConverter.java:3042)
	at org.eclipse.jdt.core.dom.ASTConverter.convert(ASTConverter.java:2220)
	at org.eclipse.jdt.core.dom.ASTConverter.convert(ASTConverter.java:3063)
	at org.eclipse.jdt.core.dom.ASTConverter.convert(ASTConverter.java:751)
	at org.eclipse.jdt.core.dom.ASTConverter.buildBodyDeclarations(ASTConverter.java:208)
	at org.eclipse.jdt.core.dom.ASTConverter.convert(ASTConverter.java:3419)
	at org.eclipse.jdt.core.dom.ASTConverter.convert(ASTConverter.java:1534)
	at org.eclipse.jdt.core.dom.CompilationUnitResolver.convert(CompilationUnitResolver.java:344)
	at org.eclipse.jdt.core.dom.ASTParser.internalCreateAST(ASTParser.java:1272)
	at org.eclipse.jdt.core.dom.ASTParser.createAST(ASTParser.java:868)
	at org.eclipse.jdt.core.manipulation.CoreASTProvider$1.run(CoreASTProvider.java:294)
	at org.eclipse.core.runtime.SafeRunner.run(SafeRunner.java:45)
	at org.eclipse.jdt.core.manipulation.CoreASTProvider.createAST(CoreASTProvider.java:286)
	at org.eclipse.jdt.core.manipulation.CoreASTProvider.getAST(CoreASTProvider.java:199)
	at org.eclipse.jdt.core.manipulation.SharedASTProviderCore.getAST(SharedASTProviderCore.java:138)
	at org.eclipse.jdt.internal.ui.viewsupport.SelectionListenerWithASTManager$PartListenerGroup.calculateASTandInform(SelectionListenerWithASTManager.java:166)
	at org.eclipse.jdt.internal.ui.viewsupport.SelectionListenerWithASTManager$PartListenerGroup$1.run(SelectionListenerWithASTManager.java:151)
	at org.eclipse.core.internal.jobs.Worker.run(Worker.java:63)

!ENTRY org.eclipse.jdt.core.manipulation 4 0 2025-04-01 21:56:11.244
!MESSAGE Error in JDT Core during AST creation
!STACK 0
java.lang.IllegalArgumentException
	at org.eclipse.jdt.core.dom.InfixExpression.setOperator(InfixExpression.java:383)
	at org.eclipse.jdt.core.dom.ASTConverter.convert(ASTConverter.java:880)
	at org.eclipse.jdt.core.dom.ASTConverter.convert(ASTConverter.java:2038)
	at org.eclipse.jdt.core.dom.ASTConverter.convertToParenthesizedExpression(ASTConverter.java:3882)
	at org.eclipse.jdt.core.dom.ASTConverter.convert(ASTConverter.java:1953)
	at org.eclipse.jdt.core.dom.ASTConverter.convert(ASTConverter.java:1204)
	at org.eclipse.jdt.core.dom.ASTConverter.convert(ASTConverter.java:1990)
	at org.eclipse.jdt.core.dom.ASTConverter.convert(ASTConverter.java:3124)
	at org.eclipse.jdt.core.dom.ASTConverter.convert(ASTConverter.java:2273)
	at org.eclipse.jdt.core.dom.ASTConverter.convert(ASTConverter.java:3066)
	at org.eclipse.jdt.core.dom.ASTConverter.convert(ASTConverter.java:1383)
	at org.eclipse.jdt.core.dom.ASTConverter.convert(ASTConverter.java:3042)
	at org.eclipse.jdt.core.dom.ASTConverter.convert(ASTConverter.java:2220)
	at org.eclipse.jdt.core.dom.ASTConverter.convert(ASTConverter.java:3063)
	at org.eclipse.jdt.core.dom.ASTConverter.convert(ASTConverter.java:751)
	at org.eclipse.jdt.core.dom.ASTConverter.buildBodyDeclarations(ASTConverter.java:208)
	at org.eclipse.jdt.core.dom.ASTConverter.convert(ASTConverter.java:3419)
	at org.eclipse.jdt.core.dom.ASTConverter.convert(ASTConverter.java:1534)
	at org.eclipse.jdt.core.dom.CompilationUnitResolver.convert(CompilationUnitResolver.java:344)
	at org.eclipse.jdt.core.dom.ASTParser.internalCreateAST(ASTParser.java:1272)
	at org.eclipse.jdt.core.dom.ASTParser.createAST(ASTParser.java:868)
	at org.eclipse.jdt.core.manipulation.CoreASTProvider$1.run(CoreASTProvider.java:294)
	at org.eclipse.core.runtime.SafeRunner.run(SafeRunner.java:45)
	at org.eclipse.jdt.core.manipulation.CoreASTProvider.createAST(CoreASTProvider.java:286)
	at org.eclipse.jdt.core.manipulation.CoreASTProvider.getAST(CoreASTProvider.java:199)
	at org.eclipse.jdt.core.manipulation.SharedASTProviderCore.getAST(SharedASTProviderCore.java:138)
	at org.eclipse.jdt.internal.ui.viewsupport.SelectionListenerWithASTManager$PartListenerGroup.calculateASTandInform(SelectionListenerWithASTManager.java:166)
	at org.eclipse.jdt.internal.ui.viewsupport.SelectionListenerWithASTManager$PartListenerGroup$1.run(SelectionListenerWithASTManager.java:151)
	at org.eclipse.core.internal.jobs.Worker.run(Worker.java:63)

!ENTRY org.eclipse.jdt.core 4 4 2025-04-01 21:56:14.381
!MESSAGE Exception occurred during compilation unit conversion:
----------------------------------- SOURCE BEGIN -------------------------------------
package _250401;

public class A_강조하기 {

	public static void main(String[] args) {
		// TODO Auto-generated method stub
		String myString = "abstract algebra";
//		String myString = "PrOgRaMmErS";
		String answer ="";
		
		
		
		for(int i =0; i<myString.length(); i++) {
			
			if(myString.charAt(i)=='a') {
				
				answer+= Character.toUpperCase(myString.charAt(i));
			}else(myString.charAt(i)!='A' && Character.isUppercase(myString.charAt(i)) ) {
				answer+=  Character.toLowerCase(myString.charAt(i));
			}
							
		}
		
		
		
		//char배열로 생성후 풀이
//		char[] arr  = myString.toCharArray(); 
//		
//		for(int i =0; i<myString.length(); i++) {
//			
//			if(arr[i]=='a') {
//				
//				answer+= Character.toUpperCase(arr[i]);
//			}else {
//				answer+=  Character.toLowerCase(arr[i]);
//			}
//							
//		}
		System.out.println(answer);
	}

}

----------------------------------- SOURCE END -------------------------------------
!STACK 0
java.lang.IllegalArgumentException
	at org.eclipse.jdt.core.dom.InfixExpression.setOperator(InfixExpression.java:383)
	at org.eclipse.jdt.core.dom.ASTConverter.convert(ASTConverter.java:880)
	at org.eclipse.jdt.core.dom.ASTConverter.convert(ASTConverter.java:2038)
	at org.eclipse.jdt.core.dom.ASTConverter.convertToParenthesizedExpression(ASTConverter.java:3882)
	at org.eclipse.jdt.core.dom.ASTConverter.convert(ASTConverter.java:1953)
	at org.eclipse.jdt.core.dom.ASTConverter.convert(ASTConverter.java:1204)
	at org.eclipse.jdt.core.dom.ASTConverter.convert(ASTConverter.java:1990)
	at org.eclipse.jdt.core.dom.ASTConverter.convert(ASTConverter.java:3124)
	at org.eclipse.jdt.core.dom.ASTConverter.convert(ASTConverter.java:2273)
	at org.eclipse.jdt.core.dom.ASTConverter.convert(ASTConverter.java:3066)
	at org.eclipse.jdt.core.dom.ASTConverter.convert(ASTConverter.java:1383)
	at org.eclipse.jdt.core.dom.ASTConverter.convert(ASTConverter.java:3042)
	at org.eclipse.jdt.core.dom.ASTConverter.convert(ASTConverter.java:2220)
	at org.eclipse.jdt.core.dom.ASTConverter.convert(ASTConverter.java:3063)
	at org.eclipse.jdt.core.dom.ASTConverter.convert(ASTConverter.java:751)
	at org.eclipse.jdt.core.dom.ASTConverter.buildBodyDeclarations(ASTConverter.java:208)
	at org.eclipse.jdt.core.dom.ASTConverter.convert(ASTConverter.java:3419)
	at org.eclipse.jdt.core.dom.ASTConverter.convert(ASTConverter.java:1534)
	at org.eclipse.jdt.core.dom.AST.convertCompilationUnit(AST.java:561)
	at org.eclipse.jdt.internal.core.ReconcileWorkingCopyOperation.makeConsistent(ReconcileWorkingCopyOperation.java:209)
	at org.eclipse.jdt.internal.core.ReconcileWorkingCopyOperation.executeOperation(ReconcileWorkingCopyOperation.java:94)
	at org.eclipse.jdt.internal.core.JavaModelOperation.run(JavaModelOperation.java:740)
	at org.eclipse.jdt.internal.core.JavaModelOperation.runOperation(JavaModelOperation.java:806)
	at org.eclipse.jdt.internal.core.CompilationUnit.reconcile(CompilationUnit.java:1325)
	at org.eclipse.jdt.internal.ui.text.java.JavaReconcilingStrategy.reconcile(JavaReconcilingStrategy.java:132)
	at org.eclipse.jdt.internal.ui.text.java.JavaReconcilingStrategy$1.run(JavaReconcilingStrategy.java:94)
	at org.eclipse.core.runtime.SafeRunner.run(SafeRunner.java:45)
	at org.eclipse.jdt.internal.ui.text.java.JavaReconcilingStrategy.reconcile(JavaReconcilingStrategy.java:91)
	at org.eclipse.jdt.internal.ui.text.java.JavaReconcilingStrategy.reconcile(JavaReconcilingStrategy.java:158)
	at org.eclipse.jdt.internal.ui.text.CompositeReconcilingStrategy.reconcile(CompositeReconcilingStrategy.java:94)
	at org.eclipse.jdt.internal.ui.text.JavaCompositeReconcilingStrategy.reconcile(JavaCompositeReconcilingStrategy.java:107)
	at org.eclipse.jface.text.reconciler.MonoReconciler.process(MonoReconciler.java:78)
	at org.eclipse.jface.text.reconciler.AbstractReconciler$BackgroundThread.run(AbstractReconciler.java:207)

!ENTRY org.eclipse.jdt.ui 4 2 2025-04-01 21:56:14.382
!MESSAGE Problems occurred when invoking code from plug-in: "org.eclipse.jdt.ui".
!STACK 0
java.lang.IllegalArgumentException
	at org.eclipse.jdt.core.dom.InfixExpression.setOperator(InfixExpression.java:383)
	at org.eclipse.jdt.core.dom.ASTConverter.convert(ASTConverter.java:880)
	at org.eclipse.jdt.core.dom.ASTConverter.convert(ASTConverter.java:2038)
	at org.eclipse.jdt.core.dom.ASTConverter.convertToParenthesizedExpression(ASTConverter.java:3882)
	at org.eclipse.jdt.core.dom.ASTConverter.convert(ASTConverter.java:1953)
	at org.eclipse.jdt.core.dom.ASTConverter.convert(ASTConverter.java:1204)
	at org.eclipse.jdt.core.dom.ASTConverter.convert(ASTConverter.java:1990)
	at org.eclipse.jdt.core.dom.ASTConverter.convert(ASTConverter.java:3124)
	at org.eclipse.jdt.core.dom.ASTConverter.convert(ASTConverter.java:2273)
	at org.eclipse.jdt.core.dom.ASTConverter.convert(ASTConverter.java:3066)
	at org.eclipse.jdt.core.dom.ASTConverter.convert(ASTConverter.java:1383)
	at org.eclipse.jdt.core.dom.ASTConverter.convert(ASTConverter.java:3042)
	at org.eclipse.jdt.core.dom.ASTConverter.convert(ASTConverter.java:2220)
	at org.eclipse.jdt.core.dom.ASTConverter.convert(ASTConverter.java:3063)
	at org.eclipse.jdt.core.dom.ASTConverter.convert(ASTConverter.java:751)
	at org.eclipse.jdt.core.dom.ASTConverter.buildBodyDeclarations(ASTConverter.java:208)
	at org.eclipse.jdt.core.dom.ASTConverter.convert(ASTConverter.java:3419)
	at org.eclipse.jdt.core.dom.ASTConverter.convert(ASTConverter.java:1534)
	at org.eclipse.jdt.core.dom.AST.convertCompilationUnit(AST.java:561)
	at org.eclipse.jdt.internal.core.ReconcileWorkingCopyOperation.makeConsistent(ReconcileWorkingCopyOperation.java:209)
	at org.eclipse.jdt.internal.core.ReconcileWorkingCopyOperation.executeOperation(ReconcileWorkingCopyOperation.java:94)
	at org.eclipse.jdt.internal.core.JavaModelOperation.run(JavaModelOperation.java:740)
	at org.eclipse.jdt.internal.core.JavaModelOperation.runOperation(JavaModelOperation.java:806)
	at org.eclipse.jdt.internal.core.CompilationUnit.reconcile(CompilationUnit.java:1325)
	at org.eclipse.jdt.internal.ui.text.java.JavaReconcilingStrategy.reconcile(JavaReconcilingStrategy.java:132)
	at org.eclipse.jdt.internal.ui.text.java.JavaReconcilingStrategy$1.run(JavaReconcilingStrategy.java:94)
	at org.eclipse.core.runtime.SafeRunner.run(SafeRunner.java:45)
	at org.eclipse.jdt.internal.ui.text.java.JavaReconcilingStrategy.reconcile(JavaReconcilingStrategy.java:91)
	at org.eclipse.jdt.internal.ui.text.java.JavaReconcilingStrategy.reconcile(JavaReconcilingStrategy.java:158)
	at org.eclipse.jdt.internal.ui.text.CompositeReconcilingStrategy.reconcile(CompositeReconcilingStrategy.java:94)
	at org.eclipse.jdt.internal.ui.text.JavaCompositeReconcilingStrategy.reconcile(JavaCompositeReconcilingStrategy.java:107)
	at org.eclipse.jface.text.reconciler.MonoReconciler.process(MonoReconciler.java:78)
	at org.eclipse.jface.text.reconciler.AbstractReconciler$BackgroundThread.run(AbstractReconciler.java:207)

!ENTRY org.eclipse.jdt.ui 4 0 2025-04-01 21:56:14.382
!MESSAGE Error in JDT Core during reconcile
!STACK 0
java.lang.IllegalArgumentException
	at org.eclipse.jdt.core.dom.InfixExpression.setOperator(InfixExpression.java:383)
	at org.eclipse.jdt.core.dom.ASTConverter.convert(ASTConverter.java:880)
	at org.eclipse.jdt.core.dom.ASTConverter.convert(ASTConverter.java:2038)
	at org.eclipse.jdt.core.dom.ASTConverter.convertToParenthesizedExpression(ASTConverter.java:3882)
	at org.eclipse.jdt.core.dom.ASTConverter.convert(ASTConverter.java:1953)
	at org.eclipse.jdt.core.dom.ASTConverter.convert(ASTConverter.java:1204)
	at org.eclipse.jdt.core.dom.ASTConverter.convert(ASTConverter.java:1990)
	at org.eclipse.jdt.core.dom.ASTConverter.convert(ASTConverter.java:3124)
	at org.eclipse.jdt.core.dom.ASTConverter.convert(ASTConverter.java:2273)
	at org.eclipse.jdt.core.dom.ASTConverter.convert(ASTConverter.java:3066)
	at org.eclipse.jdt.core.dom.ASTConverter.convert(ASTConverter.java:1383)
	at org.eclipse.jdt.core.dom.ASTConverter.convert(ASTConverter.java:3042)
	at org.eclipse.jdt.core.dom.ASTConverter.convert(ASTConverter.java:2220)
	at org.eclipse.jdt.core.dom.ASTConverter.convert(ASTConverter.java:3063)
	at org.eclipse.jdt.core.dom.ASTConverter.convert(ASTConverter.java:751)
	at org.eclipse.jdt.core.dom.ASTConverter.buildBodyDeclarations(ASTConverter.java:208)
	at org.eclipse.jdt.core.dom.ASTConverter.convert(ASTConverter.java:3419)
	at org.eclipse.jdt.core.dom.ASTConverter.convert(ASTConverter.java:1534)
	at org.eclipse.jdt.core.dom.AST.convertCompilationUnit(AST.java:561)
	at org.eclipse.jdt.internal.core.ReconcileWorkingCopyOperation.makeConsistent(ReconcileWorkingCopyOperation.java:209)
	at org.eclipse.jdt.internal.core.ReconcileWorkingCopyOperation.executeOperation(ReconcileWorkingCopyOperation.java:94)
	at org.eclipse.jdt.internal.core.JavaModelOperation.run(JavaModelOperation.java:740)
	at org.eclipse.jdt.internal.core.JavaModelOperation.runOperation(JavaModelOperation.java:806)
	at org.eclipse.jdt.internal.core.CompilationUnit.reconcile(CompilationUnit.java:1325)
	at org.eclipse.jdt.internal.ui.text.java.JavaReconcilingStrategy.reconcile(JavaReconcilingStrategy.java:132)
	at org.eclipse.jdt.internal.ui.text.java.JavaReconcilingStrategy$1.run(JavaReconcilingStrategy.java:94)
	at org.eclipse.core.runtime.SafeRunner.run(SafeRunner.java:45)
	at org.eclipse.jdt.internal.ui.text.java.JavaReconcilingStrategy.reconcile(JavaReconcilingStrategy.java:91)
	at org.eclipse.jdt.internal.ui.text.java.JavaReconcilingStrategy.reconcile(JavaReconcilingStrategy.java:158)
	at org.eclipse.jdt.internal.ui.text.CompositeReconcilingStrategy.reconcile(CompositeReconcilingStrategy.java:94)
	at org.eclipse.jdt.internal.ui.text.JavaCompositeReconcilingStrategy.reconcile(JavaCompositeReconcilingStrategy.java:107)
	at org.eclipse.jface.text.reconciler.MonoReconciler.process(MonoReconciler.java:78)
	at org.eclipse.jface.text.reconciler.AbstractReconciler$BackgroundThread.run(AbstractReconciler.java:207)

!ENTRY org.eclipse.jdt.core 4 4 2025-04-01 21:56:18.311
!MESSAGE Exception occurred during compilation unit conversion:
----------------------------------- SOURCE BEGIN -------------------------------------
package _250401;

public class A_강조하기 {

	public static void main(String[] args) {
		// TODO Auto-generated method stub
		String myString = "abstract algebra";
//		String myString = "PrOgRaMmErS";
		String answer ="";
		
		
		
		for(int i =0; i<myString.length(); i++) {
			
			if(myString.charAt(i)=='a') {
				
				answer+= Character.toUpperCase(myString.charAt(i));
			}else(myString.charAt(i)!='A' && Character.isUppercas(myString.charAt(i)) ) {
				answer+=  Character.toLowerCase(myString.charAt(i));
			}
							
		}
		
		
		
		//char배열로 생성후 풀이
//		char[] arr  = myString.toCharArray(); 
//		
//		for(int i =0; i<myString.length(); i++) {
//			
//			if(arr[i]=='a') {
//				
//				answer+= Character.toUpperCase(arr[i]);
//			}else {
//				answer+=  Character.toLowerCase(arr[i]);
//			}
//							
//		}
		System.out.println(answer);
	}

}

----------------------------------- SOURCE END -------------------------------------
!STACK 0
java.lang.IllegalArgumentException
	at org.eclipse.jdt.core.dom.InfixExpression.setOperator(InfixExpression.java:383)
	at org.eclipse.jdt.core.dom.ASTConverter.convert(ASTConverter.java:880)
	at org.eclipse.jdt.core.dom.ASTConverter.convert(ASTConverter.java:2038)
	at org.eclipse.jdt.core.dom.ASTConverter.convertToParenthesizedExpression(ASTConverter.java:3882)
	at org.eclipse.jdt.core.dom.ASTConverter.convert(ASTConverter.java:1953)
	at org.eclipse.jdt.core.dom.ASTConverter.convert(ASTConverter.java:1204)
	at org.eclipse.jdt.core.dom.ASTConverter.convert(ASTConverter.java:1990)
	at org.eclipse.jdt.core.dom.ASTConverter.convert(ASTConverter.java:3124)
	at org.eclipse.jdt.core.dom.ASTConverter.convert(ASTConverter.java:2273)
	at org.eclipse.jdt.core.dom.ASTConverter.convert(ASTConverter.java:3066)
	at org.eclipse.jdt.core.dom.ASTConverter.convert(ASTConverter.java:1383)
	at org.eclipse.jdt.core.dom.ASTConverter.convert(ASTConverter.java:3042)
	at org.eclipse.jdt.core.dom.ASTConverter.convert(ASTConverter.java:2220)
	at org.eclipse.jdt.core.dom.ASTConverter.convert(ASTConverter.java:3063)
	at org.eclipse.jdt.core.dom.ASTConverter.convert(ASTConverter.java:751)
	at org.eclipse.jdt.core.dom.ASTConverter.buildBodyDeclarations(ASTConverter.java:208)
	at org.eclipse.jdt.core.dom.ASTConverter.convert(ASTConverter.java:3419)
	at org.eclipse.jdt.core.dom.ASTConverter.convert(ASTConverter.java:1534)
	at org.eclipse.jdt.core.dom.AST.convertCompilationUnit(AST.java:561)
	at org.eclipse.jdt.internal.core.CompilationUnit.buildStructure(CompilationUnit.java:201)
	at org.eclipse.jdt.internal.core.Openable.generateInfos(Openable.java:266)
	at org.eclipse.jdt.internal.core.JavaElement.openWhenClosed(JavaElement.java:597)
	at org.eclipse.jdt.internal.core.CompilationUnit.makeConsistent(CompilationUnit.java:1148)
	at org.eclipse.jdt.internal.core.ReconcileWorkingCopyOperation.makeConsistent(ReconcileWorkingCopyOperation.java:173)
	at org.eclipse.jdt.internal.core.ReconcileWorkingCopyOperation.executeOperation(ReconcileWorkingCopyOperation.java:94)
	at org.eclipse.jdt.internal.core.JavaModelOperation.run(JavaModelOperation.java:740)
	at org.eclipse.jdt.internal.core.JavaModelOperation.runOperation(JavaModelOperation.java:806)
	at org.eclipse.jdt.internal.core.CompilationUnit.reconcile(CompilationUnit.java:1325)
	at org.eclipse.jdt.internal.ui.text.java.JavaReconcilingStrategy.reconcile(JavaReconcilingStrategy.java:132)
	at org.eclipse.jdt.internal.ui.text.java.JavaReconcilingStrategy$1.run(JavaReconcilingStrategy.java:94)
	at org.eclipse.core.runtime.SafeRunner.run(SafeRunner.java:45)
	at org.eclipse.jdt.internal.ui.text.java.JavaReconcilingStrategy.reconcile(JavaReconcilingStrategy.java:91)
	at org.eclipse.jdt.internal.ui.text.java.JavaReconcilingStrategy.reconcile(JavaReconcilingStrategy.java:158)
	at org.eclipse.jdt.internal.ui.text.CompositeReconcilingStrategy.reconcile(CompositeReconcilingStrategy.java:94)
	at org.eclipse.jdt.internal.ui.text.JavaCompositeReconcilingStrategy.reconcile(JavaCompositeReconcilingStrategy.java:107)
	at org.eclipse.jface.text.reconciler.MonoReconciler.process(MonoReconciler.java:78)
	at org.eclipse.jface.text.reconciler.AbstractReconciler$BackgroundThread.run(AbstractReconciler.java:207)

!ENTRY org.eclipse.jdt.ui 4 2 2025-04-01 21:56:18.312
!MESSAGE Problems occurred when invoking code from plug-in: "org.eclipse.jdt.ui".
!STACK 0
java.lang.IllegalArgumentException
	at org.eclipse.jdt.core.dom.InfixExpression.setOperator(InfixExpression.java:383)
	at org.eclipse.jdt.core.dom.ASTConverter.convert(ASTConverter.java:880)
	at org.eclipse.jdt.core.dom.ASTConverter.convert(ASTConverter.java:2038)
	at org.eclipse.jdt.core.dom.ASTConverter.convertToParenthesizedExpression(ASTConverter.java:3882)
	at org.eclipse.jdt.core.dom.ASTConverter.convert(ASTConverter.java:1953)
	at org.eclipse.jdt.core.dom.ASTConverter.convert(ASTConverter.java:1204)
	at org.eclipse.jdt.core.dom.ASTConverter.convert(ASTConverter.java:1990)
	at org.eclipse.jdt.core.dom.ASTConverter.convert(ASTConverter.java:3124)
	at org.eclipse.jdt.core.dom.ASTConverter.convert(ASTConverter.java:2273)
	at org.eclipse.jdt.core.dom.ASTConverter.convert(ASTConverter.java:3066)
	at org.eclipse.jdt.core.dom.ASTConverter.convert(ASTConverter.java:1383)
	at org.eclipse.jdt.core.dom.ASTConverter.convert(ASTConverter.java:3042)
	at org.eclipse.jdt.core.dom.ASTConverter.convert(ASTConverter.java:2220)
	at org.eclipse.jdt.core.dom.ASTConverter.convert(ASTConverter.java:3063)
	at org.eclipse.jdt.core.dom.ASTConverter.convert(ASTConverter.java:751)
	at org.eclipse.jdt.core.dom.ASTConverter.buildBodyDeclarations(ASTConverter.java:208)
	at org.eclipse.jdt.core.dom.ASTConverter.convert(ASTConverter.java:3419)
	at org.eclipse.jdt.core.dom.ASTConverter.convert(ASTConverter.java:1534)
	at org.eclipse.jdt.core.dom.AST.convertCompilationUnit(AST.java:561)
	at org.eclipse.jdt.internal.core.CompilationUnit.buildStructure(CompilationUnit.java:201)
	at org.eclipse.jdt.internal.core.Openable.generateInfos(Openable.java:266)
	at org.eclipse.jdt.internal.core.JavaElement.openWhenClosed(JavaElement.java:597)
	at org.eclipse.jdt.internal.core.CompilationUnit.makeConsistent(CompilationUnit.java:1148)
	at org.eclipse.jdt.internal.core.ReconcileWorkingCopyOperation.makeConsistent(ReconcileWorkingCopyOperation.java:173)
	at org.eclipse.jdt.internal.core.ReconcileWorkingCopyOperation.executeOperation(ReconcileWorkingCopyOperation.java:94)
	at org.eclipse.jdt.internal.core.JavaModelOperation.run(JavaModelOperation.java:740)
	at org.eclipse.jdt.internal.core.JavaModelOperation.runOperation(JavaModelOperation.java:806)
	at org.eclipse.jdt.internal.core.CompilationUnit.reconcile(CompilationUnit.java:1325)
	at org.eclipse.jdt.internal.ui.text.java.JavaReconcilingStrategy.reconcile(JavaReconcilingStrategy.java:132)
	at org.eclipse.jdt.internal.ui.text.java.JavaReconcilingStrategy$1.run(JavaReconcilingStrategy.java:94)
	at org.eclipse.core.runtime.SafeRunner.run(SafeRunner.java:45)
	at org.eclipse.jdt.internal.ui.text.java.JavaReconcilingStrategy.reconcile(JavaReconcilingStrategy.java:91)
	at org.eclipse.jdt.internal.ui.text.java.JavaReconcilingStrategy.reconcile(JavaReconcilingStrategy.java:158)
	at org.eclipse.jdt.internal.ui.text.CompositeReconcilingStrategy.reconcile(CompositeReconcilingStrategy.java:94)
	at org.eclipse.jdt.internal.ui.text.JavaCompositeReconcilingStrategy.reconcile(JavaCompositeReconcilingStrategy.java:107)
	at org.eclipse.jface.text.reconciler.MonoReconciler.process(MonoReconciler.java:78)
	at org.eclipse.jface.text.reconciler.AbstractReconciler$BackgroundThread.run(AbstractReconciler.java:207)

!ENTRY org.eclipse.jdt.ui 4 0 2025-04-01 21:56:18.313
!MESSAGE Error in JDT Core during reconcile
!STACK 0
java.lang.IllegalArgumentException
	at org.eclipse.jdt.core.dom.InfixExpression.setOperator(InfixExpression.java:383)
	at org.eclipse.jdt.core.dom.ASTConverter.convert(ASTConverter.java:880)
	at org.eclipse.jdt.core.dom.ASTConverter.convert(ASTConverter.java:2038)
	at org.eclipse.jdt.core.dom.ASTConverter.convertToParenthesizedExpression(ASTConverter.java:3882)
	at org.eclipse.jdt.core.dom.ASTConverter.convert(ASTConverter.java:1953)
	at org.eclipse.jdt.core.dom.ASTConverter.convert(ASTConverter.java:1204)
	at org.eclipse.jdt.core.dom.ASTConverter.convert(ASTConverter.java:1990)
	at org.eclipse.jdt.core.dom.ASTConverter.convert(ASTConverter.java:3124)
	at org.eclipse.jdt.core.dom.ASTConverter.convert(ASTConverter.java:2273)
	at org.eclipse.jdt.core.dom.ASTConverter.convert(ASTConverter.java:3066)
	at org.eclipse.jdt.core.dom.ASTConverter.convert(ASTConverter.java:1383)
	at org.eclipse.jdt.core.dom.ASTConverter.convert(ASTConverter.java:3042)
	at org.eclipse.jdt.core.dom.ASTConverter.convert(ASTConverter.java:2220)
	at org.eclipse.jdt.core.dom.ASTConverter.convert(ASTConverter.java:3063)
	at org.eclipse.jdt.core.dom.ASTConverter.convert(ASTConverter.java:751)
	at org.eclipse.jdt.core.dom.ASTConverter.buildBodyDeclarations(ASTConverter.java:208)
	at org.eclipse.jdt.core.dom.ASTConverter.convert(ASTConverter.java:3419)
	at org.eclipse.jdt.core.dom.ASTConverter.convert(ASTConverter.java:1534)
	at org.eclipse.jdt.core.dom.AST.convertCompilationUnit(AST.java:561)
	at org.eclipse.jdt.internal.core.CompilationUnit.buildStructure(CompilationUnit.java:201)
	at org.eclipse.jdt.internal.core.Openable.generateInfos(Openable.java:266)
	at org.eclipse.jdt.internal.core.JavaElement.openWhenClosed(JavaElement.java:597)
	at org.eclipse.jdt.internal.core.CompilationUnit.makeConsistent(CompilationUnit.java:1148)
	at org.eclipse.jdt.internal.core.ReconcileWorkingCopyOperation.makeConsistent(ReconcileWorkingCopyOperation.java:173)
	at org.eclipse.jdt.internal.core.ReconcileWorkingCopyOperation.executeOperation(ReconcileWorkingCopyOperation.java:94)
	at org.eclipse.jdt.internal.core.JavaModelOperation.run(JavaModelOperation.java:740)
	at org.eclipse.jdt.internal.core.JavaModelOperation.runOperation(JavaModelOperation.java:806)
	at org.eclipse.jdt.internal.core.CompilationUnit.reconcile(CompilationUnit.java:1325)
	at org.eclipse.jdt.internal.ui.text.java.JavaReconcilingStrategy.reconcile(JavaReconcilingStrategy.java:132)
	at org.eclipse.jdt.internal.ui.text.java.JavaReconcilingStrategy$1.run(JavaReconcilingStrategy.java:94)
	at org.eclipse.core.runtime.SafeRunner.run(SafeRunner.java:45)
	at org.eclipse.jdt.internal.ui.text.java.JavaReconcilingStrategy.reconcile(JavaReconcilingStrategy.java:91)
	at org.eclipse.jdt.internal.ui.text.java.JavaReconcilingStrategy.reconcile(JavaReconcilingStrategy.java:158)
	at org.eclipse.jdt.internal.ui.text.CompositeReconcilingStrategy.reconcile(CompositeReconcilingStrategy.java:94)
	at org.eclipse.jdt.internal.ui.text.JavaCompositeReconcilingStrategy.reconcile(JavaCompositeReconcilingStrategy.java:107)
	at org.eclipse.jface.text.reconciler.MonoReconciler.process(MonoReconciler.java:78)
	at org.eclipse.jface.text.reconciler.AbstractReconciler$BackgroundThread.run(AbstractReconciler.java:207)

!ENTRY org.eclipse.jdt.core 4 4 2025-04-01 21:56:18.320
!MESSAGE Exception occurred during compilation unit conversion:
----------------------------------- SOURCE BEGIN -------------------------------------
package _250401;

public class A_강조하기 {

	public static void main(String[] args) {
		// TODO Auto-generated method stub
		String myString = "abstract algebra";
//		String myString = "PrOgRaMmErS";
		String answer ="";
		
		
		
		for(int i =0; i<myString.length(); i++) {
			
			if(myString.charAt(i)=='a') {
				
				answer+= Character.toUpperCase(myString.charAt(i));
			}else(myString.charAt(i)!='A' && Character.isUppercas(myString.charAt(i)) ) {
				answer+=  Character.toLowerCase(myString.charAt(i));
			}
							
		}
		
		
		
		//char배열로 생성후 풀이
//		char[] arr  = myString.toCharArray(); 
//		
//		for(int i =0; i<myString.length(); i++) {
//			
//			if(arr[i]=='a') {
//				
//				answer+= Character.toUpperCase(arr[i]);
//			}else {
//				answer+=  Character.toLowerCase(arr[i]);
//			}
//							
//		}
		System.out.println(answer);
	}

}

----------------------------------- SOURCE END -------------------------------------
!STACK 0
java.lang.IllegalArgumentException
	at org.eclipse.jdt.core.dom.InfixExpression.setOperator(InfixExpression.java:383)
	at org.eclipse.jdt.core.dom.ASTConverter.convert(ASTConverter.java:880)
	at org.eclipse.jdt.core.dom.ASTConverter.convert(ASTConverter.java:2038)
	at org.eclipse.jdt.core.dom.ASTConverter.convertToParenthesizedExpression(ASTConverter.java:3882)
	at org.eclipse.jdt.core.dom.ASTConverter.convert(ASTConverter.java:1953)
	at org.eclipse.jdt.core.dom.ASTConverter.convert(ASTConverter.java:1204)
	at org.eclipse.jdt.core.dom.ASTConverter.convert(ASTConverter.java:1990)
	at org.eclipse.jdt.core.dom.ASTConverter.convert(ASTConverter.java:3124)
	at org.eclipse.jdt.core.dom.ASTConverter.convert(ASTConverter.java:2273)
	at org.eclipse.jdt.core.dom.ASTConverter.convert(ASTConverter.java:3066)
	at org.eclipse.jdt.core.dom.ASTConverter.convert(ASTConverter.java:1383)
	at org.eclipse.jdt.core.dom.ASTConverter.convert(ASTConverter.java:3042)
	at org.eclipse.jdt.core.dom.ASTConverter.convert(ASTConverter.java:2220)
	at org.eclipse.jdt.core.dom.ASTConverter.convert(ASTConverter.java:3063)
	at org.eclipse.jdt.core.dom.ASTConverter.convert(ASTConverter.java:751)
	at org.eclipse.jdt.core.dom.ASTConverter.buildBodyDeclarations(ASTConverter.java:208)
	at org.eclipse.jdt.core.dom.ASTConverter.convert(ASTConverter.java:3419)
	at org.eclipse.jdt.core.dom.ASTConverter.convert(ASTConverter.java:1534)
	at org.eclipse.jdt.core.dom.CompilationUnitResolver.convert(CompilationUnitResolver.java:344)
	at org.eclipse.jdt.core.dom.ASTParser.internalCreateAST(ASTParser.java:1272)
	at org.eclipse.jdt.core.dom.ASTParser.createAST(ASTParser.java:868)
	at org.eclipse.jdt.core.manipulation.CoreASTProvider$1.run(CoreASTProvider.java:294)
	at org.eclipse.core.runtime.SafeRunner.run(SafeRunner.java:45)
	at org.eclipse.jdt.core.manipulation.CoreASTProvider.createAST(CoreASTProvider.java:286)
	at org.eclipse.jdt.core.manipulation.CoreASTProvider.getAST(CoreASTProvider.java:199)
	at org.eclipse.jdt.core.manipulation.CoreASTProvider.getAST(CoreASTProvider.java:189)
	at org.eclipse.jdt.core.manipulation.SharedASTProviderCore.getAST(SharedASTProviderCore.java:138)
	at org.eclipse.jdt.internal.ui.text.correction.AssistContext.getASTRoot(AssistContext.java:128)
	at org.eclipse.jdt.internal.ui.text.java.hover.ProblemHover$ProblemInfo.getJavaAnnotationFixes(ProblemHover.java:111)
	at org.eclipse.jdt.internal.ui.text.java.hover.ProblemHover$ProblemInfo.computeCompletionProposals(ProblemHover.java:89)
	at org.eclipse.jdt.internal.ui.text.java.hover.ProblemHover$ProblemInfo.<init>(ProblemHover.java:74)
	at org.eclipse.jdt.internal.ui.text.java.hover.ProblemHover.createAnnotationInfo(ProblemHover.java:178)
	at org.eclipse.jdt.internal.ui.text.java.hover.AbstractAnnotationHover.getHoverInfo2(AbstractAnnotationHover.java:755)
	at org.eclipse.jdt.internal.ui.text.java.hover.BestMatchHover.getHoverInfo2(BestMatchHover.java:163)
	at org.eclipse.jdt.internal.ui.text.java.hover.BestMatchHover.getHoverInfo2(BestMatchHover.java:130)
	at org.eclipse.jdt.internal.ui.text.java.hover.JavaEditorTextHoverProxy.getHoverInfo2(JavaEditorTextHoverProxy.java:89)
	at org.eclipse.jface.text.TextViewerHoverManager$1.run(TextViewerHoverManager.java:155)

!ENTRY org.eclipse.jdt.core.manipulation 4 2 2025-04-01 21:56:18.322
!MESSAGE Problems occurred when invoking code from plug-in: "org.eclipse.jdt.core.manipulation".
!STACK 0
java.lang.IllegalArgumentException
	at org.eclipse.jdt.core.dom.InfixExpression.setOperator(InfixExpression.java:383)
	at org.eclipse.jdt.core.dom.ASTConverter.convert(ASTConverter.java:880)
	at org.eclipse.jdt.core.dom.ASTConverter.convert(ASTConverter.java:2038)
	at org.eclipse.jdt.core.dom.ASTConverter.convertToParenthesizedExpression(ASTConverter.java:3882)
	at org.eclipse.jdt.core.dom.ASTConverter.convert(ASTConverter.java:1953)
	at org.eclipse.jdt.core.dom.ASTConverter.convert(ASTConverter.java:1204)
	at org.eclipse.jdt.core.dom.ASTConverter.convert(ASTConverter.java:1990)
	at org.eclipse.jdt.core.dom.ASTConverter.convert(ASTConverter.java:3124)
	at org.eclipse.jdt.core.dom.ASTConverter.convert(ASTConverter.java:2273)
	at org.eclipse.jdt.core.dom.ASTConverter.convert(ASTConverter.java:3066)
	at org.eclipse.jdt.core.dom.ASTConverter.convert(ASTConverter.java:1383)
	at org.eclipse.jdt.core.dom.ASTConverter.convert(ASTConverter.java:3042)
	at org.eclipse.jdt.core.dom.ASTConverter.convert(ASTConverter.java:2220)
	at org.eclipse.jdt.core.dom.ASTConverter.convert(ASTConverter.java:3063)
	at org.eclipse.jdt.core.dom.ASTConverter.convert(ASTConverter.java:751)
	at org.eclipse.jdt.core.dom.ASTConverter.buildBodyDeclarations(ASTConverter.java:208)
	at org.eclipse.jdt.core.dom.ASTConverter.convert(ASTConverter.java:3419)
	at org.eclipse.jdt.core.dom.ASTConverter.convert(ASTConverter.java:1534)
	at org.eclipse.jdt.core.dom.CompilationUnitResolver.convert(CompilationUnitResolver.java:344)
	at org.eclipse.jdt.core.dom.ASTParser.internalCreateAST(ASTParser.java:1272)
	at org.eclipse.jdt.core.dom.ASTParser.createAST(ASTParser.java:868)
	at org.eclipse.jdt.core.manipulation.CoreASTProvider$1.run(CoreASTProvider.java:294)
	at org.eclipse.core.runtime.SafeRunner.run(SafeRunner.java:45)
	at org.eclipse.jdt.core.manipulation.CoreASTProvider.createAST(CoreASTProvider.java:286)
	at org.eclipse.jdt.core.manipulation.CoreASTProvider.getAST(CoreASTProvider.java:199)
	at org.eclipse.jdt.core.manipulation.CoreASTProvider.getAST(CoreASTProvider.java:189)
	at org.eclipse.jdt.core.manipulation.SharedASTProviderCore.getAST(SharedASTProviderCore.java:138)
	at org.eclipse.jdt.internal.ui.text.correction.AssistContext.getASTRoot(AssistContext.java:128)
	at org.eclipse.jdt.internal.ui.text.java.hover.ProblemHover$ProblemInfo.getJavaAnnotationFixes(ProblemHover.java:111)
	at org.eclipse.jdt.internal.ui.text.java.hover.ProblemHover$ProblemInfo.computeCompletionProposals(ProblemHover.java:89)
	at org.eclipse.jdt.internal.ui.text.java.hover.ProblemHover$ProblemInfo.<init>(ProblemHover.java:74)
	at org.eclipse.jdt.internal.ui.text.java.hover.ProblemHover.createAnnotationInfo(ProblemHover.java:178)
	at org.eclipse.jdt.internal.ui.text.java.hover.AbstractAnnotationHover.getHoverInfo2(AbstractAnnotationHover.java:755)
	at org.eclipse.jdt.internal.ui.text.java.hover.BestMatchHover.getHoverInfo2(BestMatchHover.java:163)
	at org.eclipse.jdt.internal.ui.text.java.hover.BestMatchHover.getHoverInfo2(BestMatchHover.java:130)
	at org.eclipse.jdt.internal.ui.text.java.hover.JavaEditorTextHoverProxy.getHoverInfo2(JavaEditorTextHoverProxy.java:89)
	at org.eclipse.jface.text.TextViewerHoverManager$1.run(TextViewerHoverManager.java:155)

!ENTRY org.eclipse.jdt.core.manipulation 4 0 2025-04-01 21:56:18.322
!MESSAGE Error in JDT Core during AST creation
!STACK 0
java.lang.IllegalArgumentException
	at org.eclipse.jdt.core.dom.InfixExpression.setOperator(InfixExpression.java:383)
	at org.eclipse.jdt.core.dom.ASTConverter.convert(ASTConverter.java:880)
	at org.eclipse.jdt.core.dom.ASTConverter.convert(ASTConverter.java:2038)
	at org.eclipse.jdt.core.dom.ASTConverter.convertToParenthesizedExpression(ASTConverter.java:3882)
	at org.eclipse.jdt.core.dom.ASTConverter.convert(ASTConverter.java:1953)
	at org.eclipse.jdt.core.dom.ASTConverter.convert(ASTConverter.java:1204)
	at org.eclipse.jdt.core.dom.ASTConverter.convert(ASTConverter.java:1990)
	at org.eclipse.jdt.core.dom.ASTConverter.convert(ASTConverter.java:3124)
	at org.eclipse.jdt.core.dom.ASTConverter.convert(ASTConverter.java:2273)
	at org.eclipse.jdt.core.dom.ASTConverter.convert(ASTConverter.java:3066)
	at org.eclipse.jdt.core.dom.ASTConverter.convert(ASTConverter.java:1383)
	at org.eclipse.jdt.core.dom.ASTConverter.convert(ASTConverter.java:3042)
	at org.eclipse.jdt.core.dom.ASTConverter.convert(ASTConverter.java:2220)
	at org.eclipse.jdt.core.dom.ASTConverter.convert(ASTConverter.java:3063)
	at org.eclipse.jdt.core.dom.ASTConverter.convert(ASTConverter.java:751)
	at org.eclipse.jdt.core.dom.ASTConverter.buildBodyDeclarations(ASTConverter.java:208)
	at org.eclipse.jdt.core.dom.ASTConverter.convert(ASTConverter.java:3419)
	at org.eclipse.jdt.core.dom.ASTConverter.convert(ASTConverter.java:1534)
	at org.eclipse.jdt.core.dom.CompilationUnitResolver.convert(CompilationUnitResolver.java:344)
	at org.eclipse.jdt.core.dom.ASTParser.internalCreateAST(ASTParser.java:1272)
	at org.eclipse.jdt.core.dom.ASTParser.createAST(ASTParser.java:868)
	at org.eclipse.jdt.core.manipulation.CoreASTProvider$1.run(CoreASTProvider.java:294)
	at org.eclipse.core.runtime.SafeRunner.run(SafeRunner.java:45)
	at org.eclipse.jdt.core.manipulation.CoreASTProvider.createAST(CoreASTProvider.java:286)
	at org.eclipse.jdt.core.manipulation.CoreASTProvider.getAST(CoreASTProvider.java:199)
	at org.eclipse.jdt.core.manipulation.CoreASTProvider.getAST(CoreASTProvider.java:189)
	at org.eclipse.jdt.core.manipulation.SharedASTProviderCore.getAST(SharedASTProviderCore.java:138)
	at org.eclipse.jdt.internal.ui.text.correction.AssistContext.getASTRoot(AssistContext.java:128)
	at org.eclipse.jdt.internal.ui.text.java.hover.ProblemHover$ProblemInfo.getJavaAnnotationFixes(ProblemHover.java:111)
	at org.eclipse.jdt.internal.ui.text.java.hover.ProblemHover$ProblemInfo.computeCompletionProposals(ProblemHover.java:89)
	at org.eclipse.jdt.internal.ui.text.java.hover.ProblemHover$ProblemInfo.<init>(ProblemHover.java:74)
	at org.eclipse.jdt.internal.ui.text.java.hover.ProblemHover.createAnnotationInfo(ProblemHover.java:178)
	at org.eclipse.jdt.internal.ui.text.java.hover.AbstractAnnotationHover.getHoverInfo2(AbstractAnnotationHover.java:755)
	at org.eclipse.jdt.internal.ui.text.java.hover.BestMatchHover.getHoverInfo2(BestMatchHover.java:163)
	at org.eclipse.jdt.internal.ui.text.java.hover.BestMatchHover.getHoverInfo2(BestMatchHover.java:130)
	at org.eclipse.jdt.internal.ui.text.java.hover.JavaEditorTextHoverProxy.getHoverInfo2(JavaEditorTextHoverProxy.java:89)
	at org.eclipse.jface.text.TextViewerHoverManager$1.run(TextViewerHoverManager.java:155)

!ENTRY org.eclipse.jdt.core 4 4 2025-04-01 21:56:18.326
!MESSAGE Exception occurred during compilation unit conversion:
----------------------------------- SOURCE BEGIN -------------------------------------
package _250401;

public class A_강조하기 {

	public static void main(String[] args) {
		// TODO Auto-generated method stub
		String myString = "abstract algebra";
//		String myString = "PrOgRaMmErS";
		String answer ="";
		
		
		
		for(int i =0; i<myString.length(); i++) {
			
			if(myString.charAt(i)=='a') {
				
				answer+= Character.toUpperCase(myString.charAt(i));
			}else(myString.charAt(i)!='A' && Character.isUppercas(myString.charAt(i)) ) {
				answer+=  Character.toLowerCase(myString.charAt(i));
			}
							
		}
		
		
		
		//char배열로 생성후 풀이
//		char[] arr  = myString.toCharArray(); 
//		
//		for(int i =0; i<myString.length(); i++) {
//			
//			if(arr[i]=='a') {
//				
//				answer+= Character.toUpperCase(arr[i]);
//			}else {
//				answer+=  Character.toLowerCase(arr[i]);
//			}
//							
//		}
		System.out.println(answer);
	}

}

----------------------------------- SOURCE END -------------------------------------
!STACK 0
java.lang.IllegalArgumentException
	at org.eclipse.jdt.core.dom.InfixExpression.setOperator(InfixExpression.java:383)
	at org.eclipse.jdt.core.dom.ASTConverter.convert(ASTConverter.java:880)
	at org.eclipse.jdt.core.dom.ASTConverter.convert(ASTConverter.java:2038)
	at org.eclipse.jdt.core.dom.ASTConverter.convertToParenthesizedExpression(ASTConverter.java:3882)
	at org.eclipse.jdt.core.dom.ASTConverter.convert(ASTConverter.java:1953)
	at org.eclipse.jdt.core.dom.ASTConverter.convert(ASTConverter.java:1204)
	at org.eclipse.jdt.core.dom.ASTConverter.convert(ASTConverter.java:1990)
	at org.eclipse.jdt.core.dom.ASTConverter.convert(ASTConverter.java:3124)
	at org.eclipse.jdt.core.dom.ASTConverter.convert(ASTConverter.java:2273)
	at org.eclipse.jdt.core.dom.ASTConverter.convert(ASTConverter.java:3066)
	at org.eclipse.jdt.core.dom.ASTConverter.convert(ASTConverter.java:1383)
	at org.eclipse.jdt.core.dom.ASTConverter.convert(ASTConverter.java:3042)
	at org.eclipse.jdt.core.dom.ASTConverter.convert(ASTConverter.java:2220)
	at org.eclipse.jdt.core.dom.ASTConverter.convert(ASTConverter.java:3063)
	at org.eclipse.jdt.core.dom.ASTConverter.convert(ASTConverter.java:751)
	at org.eclipse.jdt.core.dom.ASTConverter.buildBodyDeclarations(ASTConverter.java:208)
	at org.eclipse.jdt.core.dom.ASTConverter.convert(ASTConverter.java:3419)
	at org.eclipse.jdt.core.dom.ASTConverter.convert(ASTConverter.java:1534)
	at org.eclipse.jdt.core.dom.CompilationUnitResolver.convert(CompilationUnitResolver.java:344)
	at org.eclipse.jdt.core.dom.ASTParser.internalCreateAST(ASTParser.java:1272)
	at org.eclipse.jdt.core.dom.ASTParser.createAST(ASTParser.java:868)
	at org.eclipse.jdt.internal.core.manipulation.dom.ASTResolving.createQuickFixAST(ASTResolving.java:1052)
	at org.eclipse.jdt.internal.ui.text.correction.AssistContext.getASTRoot(AssistContext.java:131)
	at org.eclipse.jdt.internal.ui.text.java.hover.ProblemHover$ProblemInfo.getJavaAnnotationFixes(ProblemHover.java:111)
	at org.eclipse.jdt.internal.ui.text.java.hover.ProblemHover$ProblemInfo.computeCompletionProposals(ProblemHover.java:89)
	at org.eclipse.jdt.internal.ui.text.java.hover.ProblemHover$ProblemInfo.<init>(ProblemHover.java:74)
	at org.eclipse.jdt.internal.ui.text.java.hover.ProblemHover.createAnnotationInfo(ProblemHover.java:178)
	at org.eclipse.jdt.internal.ui.text.java.hover.AbstractAnnotationHover.getHoverInfo2(AbstractAnnotationHover.java:755)
	at org.eclipse.jdt.internal.ui.text.java.hover.BestMatchHover.getHoverInfo2(BestMatchHover.java:163)
	at org.eclipse.jdt.internal.ui.text.java.hover.BestMatchHover.getHoverInfo2(BestMatchHover.java:130)
	at org.eclipse.jdt.internal.ui.text.java.hover.JavaEditorTextHoverProxy.getHoverInfo2(JavaEditorTextHoverProxy.java:89)
	at org.eclipse.jface.text.TextViewerHoverManager$1.run(TextViewerHoverManager.java:155)

!ENTRY org.eclipse.jface.text 4 0 2025-04-01 21:56:18.327
!MESSAGE Unexpected runtime error while computing a text hover
!STACK 0
java.lang.IllegalArgumentException
	at org.eclipse.jdt.core.dom.InfixExpression.setOperator(InfixExpression.java:383)
	at org.eclipse.jdt.core.dom.ASTConverter.convert(ASTConverter.java:880)
	at org.eclipse.jdt.core.dom.ASTConverter.convert(ASTConverter.java:2038)
	at org.eclipse.jdt.core.dom.ASTConverter.convertToParenthesizedExpression(ASTConverter.java:3882)
	at org.eclipse.jdt.core.dom.ASTConverter.convert(ASTConverter.java:1953)
	at org.eclipse.jdt.core.dom.ASTConverter.convert(ASTConverter.java:1204)
	at org.eclipse.jdt.core.dom.ASTConverter.convert(ASTConverter.java:1990)
	at org.eclipse.jdt.core.dom.ASTConverter.convert(ASTConverter.java:3124)
	at org.eclipse.jdt.core.dom.ASTConverter.convert(ASTConverter.java:2273)
	at org.eclipse.jdt.core.dom.ASTConverter.convert(ASTConverter.java:3066)
	at org.eclipse.jdt.core.dom.ASTConverter.convert(ASTConverter.java:1383)
	at org.eclipse.jdt.core.dom.ASTConverter.convert(ASTConverter.java:3042)
	at org.eclipse.jdt.core.dom.ASTConverter.convert(ASTConverter.java:2220)
	at org.eclipse.jdt.core.dom.ASTConverter.convert(ASTConverter.java:3063)
	at org.eclipse.jdt.core.dom.ASTConverter.convert(ASTConverter.java:751)
	at org.eclipse.jdt.core.dom.ASTConverter.buildBodyDeclarations(ASTConverter.java:208)
	at org.eclipse.jdt.core.dom.ASTConverter.convert(ASTConverter.java:3419)
	at org.eclipse.jdt.core.dom.ASTConverter.convert(ASTConverter.java:1534)
	at org.eclipse.jdt.core.dom.CompilationUnitResolver.convert(CompilationUnitResolver.java:344)
	at org.eclipse.jdt.core.dom.ASTParser.internalCreateAST(ASTParser.java:1272)
	at org.eclipse.jdt.core.dom.ASTParser.createAST(ASTParser.java:868)
	at org.eclipse.jdt.internal.core.manipulation.dom.ASTResolving.createQuickFixAST(ASTResolving.java:1052)
	at org.eclipse.jdt.internal.ui.text.correction.AssistContext.getASTRoot(AssistContext.java:131)
	at org.eclipse.jdt.internal.ui.text.java.hover.ProblemHover$ProblemInfo.getJavaAnnotationFixes(ProblemHover.java:111)
	at org.eclipse.jdt.internal.ui.text.java.hover.ProblemHover$ProblemInfo.computeCompletionProposals(ProblemHover.java:89)
	at org.eclipse.jdt.internal.ui.text.java.hover.ProblemHover$ProblemInfo.<init>(ProblemHover.java:74)
	at org.eclipse.jdt.internal.ui.text.java.hover.ProblemHover.createAnnotationInfo(ProblemHover.java:178)
	at org.eclipse.jdt.internal.ui.text.java.hover.AbstractAnnotationHover.getHoverInfo2(AbstractAnnotationHover.java:755)
	at org.eclipse.jdt.internal.ui.text.java.hover.BestMatchHover.getHoverInfo2(BestMatchHover.java:163)
	at org.eclipse.jdt.internal.ui.text.java.hover.BestMatchHover.getHoverInfo2(BestMatchHover.java:130)
	at org.eclipse.jdt.internal.ui.text.java.hover.JavaEditorTextHoverProxy.getHoverInfo2(JavaEditorTextHoverProxy.java:89)
	at org.eclipse.jface.text.TextViewerHoverManager$1.run(TextViewerHoverManager.java:155)

!ENTRY org.eclipse.jdt.core 4 4 2025-04-01 21:56:19.126
!MESSAGE Exception occurred during compilation unit conversion:
----------------------------------- SOURCE BEGIN -------------------------------------
package _250401;

public class A_강조하기 {

	public static void main(String[] args) {
		// TODO Auto-generated method stub
		String myString = "abstract algebra";
//		String myString = "PrOgRaMmErS";
		String answer ="";
		
		
		
		for(int i =0; i<myString.length(); i++) {
			
			if(myString.charAt(i)=='a') {
				
				answer+= Character.toUpperCase(myString.charAt(i));
			}else(myString.charAt(i)!='A' && Character.isUppercas(myString.charAt(i)) ) {
				answer+=  Character.toLowerCase(myString.charAt(i));
			}
							
		}
		
		
		
		//char배열로 생성후 풀이
//		char[] arr  = myString.toCharArray(); 
//		
//		for(int i =0; i<myString.length(); i++) {
//			
//			if(arr[i]=='a') {
//				
//				answer+= Character.toUpperCase(arr[i]);
//			}else {
//				answer+=  Character.toLowerCase(arr[i]);
//			}
//							
//		}
		System.out.println(answer);
	}

}

----------------------------------- SOURCE END -------------------------------------
!STACK 0
java.lang.IllegalArgumentException
	at org.eclipse.jdt.core.dom.InfixExpression.setOperator(InfixExpression.java:383)
	at org.eclipse.jdt.core.dom.ASTConverter.convert(ASTConverter.java:880)
	at org.eclipse.jdt.core.dom.ASTConverter.convert(ASTConverter.java:2038)
	at org.eclipse.jdt.core.dom.ASTConverter.convertToParenthesizedExpression(ASTConverter.java:3882)
	at org.eclipse.jdt.core.dom.ASTConverter.convert(ASTConverter.java:1953)
	at org.eclipse.jdt.core.dom.ASTConverter.convert(ASTConverter.java:1204)
	at org.eclipse.jdt.core.dom.ASTConverter.convert(ASTConverter.java:1990)
	at org.eclipse.jdt.core.dom.ASTConverter.convert(ASTConverter.java:3124)
	at org.eclipse.jdt.core.dom.ASTConverter.convert(ASTConverter.java:2273)
	at org.eclipse.jdt.core.dom.ASTConverter.convert(ASTConverter.java:3066)
	at org.eclipse.jdt.core.dom.ASTConverter.convert(ASTConverter.java:1383)
	at org.eclipse.jdt.core.dom.ASTConverter.convert(ASTConverter.java:3042)
	at org.eclipse.jdt.core.dom.ASTConverter.convert(ASTConverter.java:2220)
	at org.eclipse.jdt.core.dom.ASTConverter.convert(ASTConverter.java:3063)
	at org.eclipse.jdt.core.dom.ASTConverter.convert(ASTConverter.java:751)
	at org.eclipse.jdt.core.dom.ASTConverter.buildBodyDeclarations(ASTConverter.java:208)
	at org.eclipse.jdt.core.dom.ASTConverter.convert(ASTConverter.java:3419)
	at org.eclipse.jdt.core.dom.ASTConverter.convert(ASTConverter.java:1534)
	at org.eclipse.jdt.core.dom.CompilationUnitResolver.convert(CompilationUnitResolver.java:344)
	at org.eclipse.jdt.core.dom.ASTParser.internalCreateAST(ASTParser.java:1272)
	at org.eclipse.jdt.core.dom.ASTParser.createAST(ASTParser.java:868)
	at org.eclipse.jdt.core.manipulation.CoreASTProvider$1.run(CoreASTProvider.java:294)
	at org.eclipse.core.runtime.SafeRunner.run(SafeRunner.java:45)
	at org.eclipse.jdt.core.manipulation.CoreASTProvider.createAST(CoreASTProvider.java:286)
	at org.eclipse.jdt.core.manipulation.CoreASTProvider.getAST(CoreASTProvider.java:199)
	at org.eclipse.jdt.core.manipulation.SharedASTProviderCore.getAST(SharedASTProviderCore.java:138)
	at org.eclipse.jdt.internal.ui.viewsupport.SelectionListenerWithASTManager$PartListenerGroup.calculateASTandInform(SelectionListenerWithASTManager.java:166)
	at org.eclipse.jdt.internal.ui.viewsupport.SelectionListenerWithASTManager$PartListenerGroup$1.run(SelectionListenerWithASTManager.java:151)
	at org.eclipse.core.internal.jobs.Worker.run(Worker.java:63)

!ENTRY org.eclipse.jdt.core.manipulation 4 2 2025-04-01 21:56:19.127
!MESSAGE Problems occurred when invoking code from plug-in: "org.eclipse.jdt.core.manipulation".
!STACK 0
java.lang.IllegalArgumentException
	at org.eclipse.jdt.core.dom.InfixExpression.setOperator(InfixExpression.java:383)
	at org.eclipse.jdt.core.dom.ASTConverter.convert(ASTConverter.java:880)
	at org.eclipse.jdt.core.dom.ASTConverter.convert(ASTConverter.java:2038)
	at org.eclipse.jdt.core.dom.ASTConverter.convertToParenthesizedExpression(ASTConverter.java:3882)
	at org.eclipse.jdt.core.dom.ASTConverter.convert(ASTConverter.java:1953)
	at org.eclipse.jdt.core.dom.ASTConverter.convert(ASTConverter.java:1204)
	at org.eclipse.jdt.core.dom.ASTConverter.convert(ASTConverter.java:1990)
	at org.eclipse.jdt.core.dom.ASTConverter.convert(ASTConverter.java:3124)
	at org.eclipse.jdt.core.dom.ASTConverter.convert(ASTConverter.java:2273)
	at org.eclipse.jdt.core.dom.ASTConverter.convert(ASTConverter.java:3066)
	at org.eclipse.jdt.core.dom.ASTConverter.convert(ASTConverter.java:1383)
	at org.eclipse.jdt.core.dom.ASTConverter.convert(ASTConverter.java:3042)
	at org.eclipse.jdt.core.dom.ASTConverter.convert(ASTConverter.java:2220)
	at org.eclipse.jdt.core.dom.ASTConverter.convert(ASTConverter.java:3063)
	at org.eclipse.jdt.core.dom.ASTConverter.convert(ASTConverter.java:751)
	at org.eclipse.jdt.core.dom.ASTConverter.buildBodyDeclarations(ASTConverter.java:208)
	at org.eclipse.jdt.core.dom.ASTConverter.convert(ASTConverter.java:3419)
	at org.eclipse.jdt.core.dom.ASTConverter.convert(ASTConverter.java:1534)
	at org.eclipse.jdt.core.dom.CompilationUnitResolver.convert(CompilationUnitResolver.java:344)
	at org.eclipse.jdt.core.dom.ASTParser.internalCreateAST(ASTParser.java:1272)
	at org.eclipse.jdt.core.dom.ASTParser.createAST(ASTParser.java:868)
	at org.eclipse.jdt.core.manipulation.CoreASTProvider$1.run(CoreASTProvider.java:294)
	at org.eclipse.core.runtime.SafeRunner.run(SafeRunner.java:45)
	at org.eclipse.jdt.core.manipulation.CoreASTProvider.createAST(CoreASTProvider.java:286)
	at org.eclipse.jdt.core.manipulation.CoreASTProvider.getAST(CoreASTProvider.java:199)
	at org.eclipse.jdt.core.manipulation.SharedASTProviderCore.getAST(SharedASTProviderCore.java:138)
	at org.eclipse.jdt.internal.ui.viewsupport.SelectionListenerWithASTManager$PartListenerGroup.calculateASTandInform(SelectionListenerWithASTManager.java:166)
	at org.eclipse.jdt.internal.ui.viewsupport.SelectionListenerWithASTManager$PartListenerGroup$1.run(SelectionListenerWithASTManager.java:151)
	at org.eclipse.core.internal.jobs.Worker.run(Worker.java:63)

!ENTRY org.eclipse.jdt.core.manipulation 4 0 2025-04-01 21:56:19.128
!MESSAGE Error in JDT Core during AST creation
!STACK 0
java.lang.IllegalArgumentException
	at org.eclipse.jdt.core.dom.InfixExpression.setOperator(InfixExpression.java:383)
	at org.eclipse.jdt.core.dom.ASTConverter.convert(ASTConverter.java:880)
	at org.eclipse.jdt.core.dom.ASTConverter.convert(ASTConverter.java:2038)
	at org.eclipse.jdt.core.dom.ASTConverter.convertToParenthesizedExpression(ASTConverter.java:3882)
	at org.eclipse.jdt.core.dom.ASTConverter.convert(ASTConverter.java:1953)
	at org.eclipse.jdt.core.dom.ASTConverter.convert(ASTConverter.java:1204)
	at org.eclipse.jdt.core.dom.ASTConverter.convert(ASTConverter.java:1990)
	at org.eclipse.jdt.core.dom.ASTConverter.convert(ASTConverter.java:3124)
	at org.eclipse.jdt.core.dom.ASTConverter.convert(ASTConverter.java:2273)
	at org.eclipse.jdt.core.dom.ASTConverter.convert(ASTConverter.java:3066)
	at org.eclipse.jdt.core.dom.ASTConverter.convert(ASTConverter.java:1383)
	at org.eclipse.jdt.core.dom.ASTConverter.convert(ASTConverter.java:3042)
	at org.eclipse.jdt.core.dom.ASTConverter.convert(ASTConverter.java:2220)
	at org.eclipse.jdt.core.dom.ASTConverter.convert(ASTConverter.java:3063)
	at org.eclipse.jdt.core.dom.ASTConverter.convert(ASTConverter.java:751)
	at org.eclipse.jdt.core.dom.ASTConverter.buildBodyDeclarations(ASTConverter.java:208)
	at org.eclipse.jdt.core.dom.ASTConverter.convert(ASTConverter.java:3419)
	at org.eclipse.jdt.core.dom.ASTConverter.convert(ASTConverter.java:1534)
	at org.eclipse.jdt.core.dom.CompilationUnitResolver.convert(CompilationUnitResolver.java:344)
	at org.eclipse.jdt.core.dom.ASTParser.internalCreateAST(ASTParser.java:1272)
	at org.eclipse.jdt.core.dom.ASTParser.createAST(ASTParser.java:868)
	at org.eclipse.jdt.core.manipulation.CoreASTProvider$1.run(CoreASTProvider.java:294)
	at org.eclipse.core.runtime.SafeRunner.run(SafeRunner.java:45)
	at org.eclipse.jdt.core.manipulation.CoreASTProvider.createAST(CoreASTProvider.java:286)
	at org.eclipse.jdt.core.manipulation.CoreASTProvider.getAST(CoreASTProvider.java:199)
	at org.eclipse.jdt.core.manipulation.SharedASTProviderCore.getAST(SharedASTProviderCore.java:138)
	at org.eclipse.jdt.internal.ui.viewsupport.SelectionListenerWithASTManager$PartListenerGroup.calculateASTandInform(SelectionListenerWithASTManager.java:166)
	at org.eclipse.jdt.internal.ui.viewsupport.SelectionListenerWithASTManager$PartListenerGroup$1.run(SelectionListenerWithASTManager.java:151)
	at org.eclipse.core.internal.jobs.Worker.run(Worker.java:63)

!ENTRY org.eclipse.jdt.core 4 4 2025-04-01 21:56:22.281
!MESSAGE Exception occurred during compilation unit conversion:
----------------------------------- SOURCE BEGIN -------------------------------------
package _250401;

public class A_강조하기 {

	public static void main(String[] args) {
		// TODO Auto-generated method stub
		String myString = "abstract algebra";
//		String myString = "PrOgRaMmErS";
		String answer ="";
		
		
		
		for(int i =0; i<myString.length(); i++) {
			
			if(myString.charAt(i)=='a') {
				
				answer+= Character.toUpperCase(myString.charAt(i));
			}else(myString.charAt(i)!='A' && Character.isUpperc(myString.charAt(i)) ) {
				answer+=  Character.toLowerCase(myString.charAt(i));
			}
							
		}
		
		
		
		//char배열로 생성후 풀이
//		char[] arr  = myString.toCharArray(); 
//		
//		for(int i =0; i<myString.length(); i++) {
//			
//			if(arr[i]=='a') {
//				
//				answer+= Character.toUpperCase(arr[i]);
//			}else {
//				answer+=  Character.toLowerCase(arr[i]);
//			}
//							
//		}
		System.out.println(answer);
	}

}

----------------------------------- SOURCE END -------------------------------------
!STACK 0
java.lang.IllegalArgumentException
	at org.eclipse.jdt.core.dom.InfixExpression.setOperator(InfixExpression.java:383)
	at org.eclipse.jdt.core.dom.ASTConverter.convert(ASTConverter.java:880)
	at org.eclipse.jdt.core.dom.ASTConverter.convert(ASTConverter.java:2038)
	at org.eclipse.jdt.core.dom.ASTConverter.convertToParenthesizedExpression(ASTConverter.java:3882)
	at org.eclipse.jdt.core.dom.ASTConverter.convert(ASTConverter.java:1953)
	at org.eclipse.jdt.core.dom.ASTConverter.convert(ASTConverter.java:1204)
	at org.eclipse.jdt.core.dom.ASTConverter.convert(ASTConverter.java:1990)
	at org.eclipse.jdt.core.dom.ASTConverter.convert(ASTConverter.java:3124)
	at org.eclipse.jdt.core.dom.ASTConverter.convert(ASTConverter.java:2273)
	at org.eclipse.jdt.core.dom.ASTConverter.convert(ASTConverter.java:3066)
	at org.eclipse.jdt.core.dom.ASTConverter.convert(ASTConverter.java:1383)
	at org.eclipse.jdt.core.dom.ASTConverter.convert(ASTConverter.java:3042)
	at org.eclipse.jdt.core.dom.ASTConverter.convert(ASTConverter.java:2220)
	at org.eclipse.jdt.core.dom.ASTConverter.convert(ASTConverter.java:3063)
	at org.eclipse.jdt.core.dom.ASTConverter.convert(ASTConverter.java:751)
	at org.eclipse.jdt.core.dom.ASTConverter.buildBodyDeclarations(ASTConverter.java:208)
	at org.eclipse.jdt.core.dom.ASTConverter.convert(ASTConverter.java:3419)
	at org.eclipse.jdt.core.dom.ASTConverter.convert(ASTConverter.java:1534)
	at org.eclipse.jdt.core.dom.AST.convertCompilationUnit(AST.java:561)
	at org.eclipse.jdt.internal.core.CompilationUnit.buildStructure(CompilationUnit.java:201)
	at org.eclipse.jdt.internal.core.Openable.generateInfos(Openable.java:266)
	at org.eclipse.jdt.internal.core.JavaElement.openWhenClosed(JavaElement.java:597)
	at org.eclipse.jdt.internal.core.CompilationUnit.makeConsistent(CompilationUnit.java:1148)
	at org.eclipse.jdt.internal.core.ReconcileWorkingCopyOperation.makeConsistent(ReconcileWorkingCopyOperation.java:173)
	at org.eclipse.jdt.internal.core.ReconcileWorkingCopyOperation.executeOperation(ReconcileWorkingCopyOperation.java:94)
	at org.eclipse.jdt.internal.core.JavaModelOperation.run(JavaModelOperation.java:740)
	at org.eclipse.jdt.internal.core.JavaModelOperation.runOperation(JavaModelOperation.java:806)
	at org.eclipse.jdt.internal.core.CompilationUnit.reconcile(CompilationUnit.java:1325)
	at org.eclipse.jdt.internal.ui.text.java.JavaReconcilingStrategy.reconcile(JavaReconcilingStrategy.java:132)
	at org.eclipse.jdt.internal.ui.text.java.JavaReconcilingStrategy$1.run(JavaReconcilingStrategy.java:94)
	at org.eclipse.core.runtime.SafeRunner.run(SafeRunner.java:45)
	at org.eclipse.jdt.internal.ui.text.java.JavaReconcilingStrategy.reconcile(JavaReconcilingStrategy.java:91)
	at org.eclipse.jdt.internal.ui.text.java.JavaReconcilingStrategy.reconcile(JavaReconcilingStrategy.java:158)
	at org.eclipse.jdt.internal.ui.text.CompositeReconcilingStrategy.reconcile(CompositeReconcilingStrategy.java:94)
	at org.eclipse.jdt.internal.ui.text.JavaCompositeReconcilingStrategy.reconcile(JavaCompositeReconcilingStrategy.java:107)
	at org.eclipse.jface.text.reconciler.MonoReconciler.process(MonoReconciler.java:78)
	at org.eclipse.jface.text.reconciler.AbstractReconciler$BackgroundThread.run(AbstractReconciler.java:207)

!ENTRY org.eclipse.jdt.ui 4 2 2025-04-01 21:56:22.282
!MESSAGE Problems occurred when invoking code from plug-in: "org.eclipse.jdt.ui".
!STACK 0
java.lang.IllegalArgumentException
	at org.eclipse.jdt.core.dom.InfixExpression.setOperator(InfixExpression.java:383)
	at org.eclipse.jdt.core.dom.ASTConverter.convert(ASTConverter.java:880)
	at org.eclipse.jdt.core.dom.ASTConverter.convert(ASTConverter.java:2038)
	at org.eclipse.jdt.core.dom.ASTConverter.convertToParenthesizedExpression(ASTConverter.java:3882)
	at org.eclipse.jdt.core.dom.ASTConverter.convert(ASTConverter.java:1953)
	at org.eclipse.jdt.core.dom.ASTConverter.convert(ASTConverter.java:1204)
	at org.eclipse.jdt.core.dom.ASTConverter.convert(ASTConverter.java:1990)
	at org.eclipse.jdt.core.dom.ASTConverter.convert(ASTConverter.java:3124)
	at org.eclipse.jdt.core.dom.ASTConverter.convert(ASTConverter.java:2273)
	at org.eclipse.jdt.core.dom.ASTConverter.convert(ASTConverter.java:3066)
	at org.eclipse.jdt.core.dom.ASTConverter.convert(ASTConverter.java:1383)
	at org.eclipse.jdt.core.dom.ASTConverter.convert(ASTConverter.java:3042)
	at org.eclipse.jdt.core.dom.ASTConverter.convert(ASTConverter.java:2220)
	at org.eclipse.jdt.core.dom.ASTConverter.convert(ASTConverter.java:3063)
	at org.eclipse.jdt.core.dom.ASTConverter.convert(ASTConverter.java:751)
	at org.eclipse.jdt.core.dom.ASTConverter.buildBodyDeclarations(ASTConverter.java:208)
	at org.eclipse.jdt.core.dom.ASTConverter.convert(ASTConverter.java:3419)
	at org.eclipse.jdt.core.dom.ASTConverter.convert(ASTConverter.java:1534)
	at org.eclipse.jdt.core.dom.AST.convertCompilationUnit(AST.java:561)
	at org.eclipse.jdt.internal.core.CompilationUnit.buildStructure(CompilationUnit.java:201)
	at org.eclipse.jdt.internal.core.Openable.generateInfos(Openable.java:266)
	at org.eclipse.jdt.internal.core.JavaElement.openWhenClosed(JavaElement.java:597)
	at org.eclipse.jdt.internal.core.CompilationUnit.makeConsistent(CompilationUnit.java:1148)
	at org.eclipse.jdt.internal.core.ReconcileWorkingCopyOperation.makeConsistent(ReconcileWorkingCopyOperation.java:173)
	at org.eclipse.jdt.internal.core.ReconcileWorkingCopyOperation.executeOperation(ReconcileWorkingCopyOperation.java:94)
	at org.eclipse.jdt.internal.core.JavaModelOperation.run(JavaModelOperation.java:740)
	at org.eclipse.jdt.internal.core.JavaModelOperation.runOperation(JavaModelOperation.java:806)
	at org.eclipse.jdt.internal.core.CompilationUnit.reconcile(CompilationUnit.java:1325)
	at org.eclipse.jdt.internal.ui.text.java.JavaReconcilingStrategy.reconcile(JavaReconcilingStrategy.java:132)
	at org.eclipse.jdt.internal.ui.text.java.JavaReconcilingStrategy$1.run(JavaReconcilingStrategy.java:94)
	at org.eclipse.core.runtime.SafeRunner.run(SafeRunner.java:45)
	at org.eclipse.jdt.internal.ui.text.java.JavaReconcilingStrategy.reconcile(JavaReconcilingStrategy.java:91)
	at org.eclipse.jdt.internal.ui.text.java.JavaReconcilingStrategy.reconcile(JavaReconcilingStrategy.java:158)
	at org.eclipse.jdt.internal.ui.text.CompositeReconcilingStrategy.reconcile(CompositeReconcilingStrategy.java:94)
	at org.eclipse.jdt.internal.ui.text.JavaCompositeReconcilingStrategy.reconcile(JavaCompositeReconcilingStrategy.java:107)
	at org.eclipse.jface.text.reconciler.MonoReconciler.process(MonoReconciler.java:78)
	at org.eclipse.jface.text.reconciler.AbstractReconciler$BackgroundThread.run(AbstractReconciler.java:207)

!ENTRY org.eclipse.jdt.ui 4 0 2025-04-01 21:56:22.282
!MESSAGE Error in JDT Core during reconcile
!STACK 0
java.lang.IllegalArgumentException
	at org.eclipse.jdt.core.dom.InfixExpression.setOperator(InfixExpression.java:383)
	at org.eclipse.jdt.core.dom.ASTConverter.convert(ASTConverter.java:880)
	at org.eclipse.jdt.core.dom.ASTConverter.convert(ASTConverter.java:2038)
	at org.eclipse.jdt.core.dom.ASTConverter.convertToParenthesizedExpression(ASTConverter.java:3882)
	at org.eclipse.jdt.core.dom.ASTConverter.convert(ASTConverter.java:1953)
	at org.eclipse.jdt.core.dom.ASTConverter.convert(ASTConverter.java:1204)
	at org.eclipse.jdt.core.dom.ASTConverter.convert(ASTConverter.java:1990)
	at org.eclipse.jdt.core.dom.ASTConverter.convert(ASTConverter.java:3124)
	at org.eclipse.jdt.core.dom.ASTConverter.convert(ASTConverter.java:2273)
	at org.eclipse.jdt.core.dom.ASTConverter.convert(ASTConverter.java:3066)
	at org.eclipse.jdt.core.dom.ASTConverter.convert(ASTConverter.java:1383)
	at org.eclipse.jdt.core.dom.ASTConverter.convert(ASTConverter.java:3042)
	at org.eclipse.jdt.core.dom.ASTConverter.convert(ASTConverter.java:2220)
	at org.eclipse.jdt.core.dom.ASTConverter.convert(ASTConverter.java:3063)
	at org.eclipse.jdt.core.dom.ASTConverter.convert(ASTConverter.java:751)
	at org.eclipse.jdt.core.dom.ASTConverter.buildBodyDeclarations(ASTConverter.java:208)
	at org.eclipse.jdt.core.dom.ASTConverter.convert(ASTConverter.java:3419)
	at org.eclipse.jdt.core.dom.ASTConverter.convert(ASTConverter.java:1534)
	at org.eclipse.jdt.core.dom.AST.convertCompilationUnit(AST.java:561)
	at org.eclipse.jdt.internal.core.CompilationUnit.buildStructure(CompilationUnit.java:201)
	at org.eclipse.jdt.internal.core.Openable.generateInfos(Openable.java:266)
	at org.eclipse.jdt.internal.core.JavaElement.openWhenClosed(JavaElement.java:597)
	at org.eclipse.jdt.internal.core.CompilationUnit.makeConsistent(CompilationUnit.java:1148)
	at org.eclipse.jdt.internal.core.ReconcileWorkingCopyOperation.makeConsistent(ReconcileWorkingCopyOperation.java:173)
	at org.eclipse.jdt.internal.core.ReconcileWorkingCopyOperation.executeOperation(ReconcileWorkingCopyOperation.java:94)
	at org.eclipse.jdt.internal.core.JavaModelOperation.run(JavaModelOperation.java:740)
	at org.eclipse.jdt.internal.core.JavaModelOperation.runOperation(JavaModelOperation.java:806)
	at org.eclipse.jdt.internal.core.CompilationUnit.reconcile(CompilationUnit.java:1325)
	at org.eclipse.jdt.internal.ui.text.java.JavaReconcilingStrategy.reconcile(JavaReconcilingStrategy.java:132)
	at org.eclipse.jdt.internal.ui.text.java.JavaReconcilingStrategy$1.run(JavaReconcilingStrategy.java:94)
	at org.eclipse.core.runtime.SafeRunner.run(SafeRunner.java:45)
	at org.eclipse.jdt.internal.ui.text.java.JavaReconcilingStrategy.reconcile(JavaReconcilingStrategy.java:91)
	at org.eclipse.jdt.internal.ui.text.java.JavaReconcilingStrategy.reconcile(JavaReconcilingStrategy.java:158)
	at org.eclipse.jdt.internal.ui.text.CompositeReconcilingStrategy.reconcile(CompositeReconcilingStrategy.java:94)
	at org.eclipse.jdt.internal.ui.text.JavaCompositeReconcilingStrategy.reconcile(JavaCompositeReconcilingStrategy.java:107)
	at org.eclipse.jface.text.reconciler.MonoReconciler.process(MonoReconciler.java:78)
	at org.eclipse.jface.text.reconciler.AbstractReconciler$BackgroundThread.run(AbstractReconciler.java:207)

!ENTRY org.eclipse.jdt.core 4 4 2025-04-01 21:56:22.421
!MESSAGE Exception occurred during compilation unit conversion:
----------------------------------- SOURCE BEGIN -------------------------------------
package _250401;

public class A_강조하기 {

	public static void main(String[] args) {
		// TODO Auto-generated method stub
		String myString = "abstract algebra";
//		String myString = "PrOgRaMmErS";
		String answer ="";
		
		
		
		for(int i =0; i<myString.length(); i++) {
			
			if(myString.charAt(i)=='a') {
				
				answer+= Character.toUpperCase(myString.charAt(i));
			}else(myString.charAt(i)!='A' && Character.isUpperc(myString.charAt(i)) ) {
				answer+=  Character.toLowerCase(myString.charAt(i));
			}
							
		}
		
		
		
		//char배열로 생성후 풀이
//		char[] arr  = myString.toCharArray(); 
//		
//		for(int i =0; i<myString.length(); i++) {
//			
//			if(arr[i]=='a') {
//				
//				answer+= Character.toUpperCase(arr[i]);
//			}else {
//				answer+=  Character.toLowerCase(arr[i]);
//			}
//							
//		}
		System.out.println(answer);
	}

}

----------------------------------- SOURCE END -------------------------------------
!STACK 0
java.lang.IllegalArgumentException
	at org.eclipse.jdt.core.dom.InfixExpression.setOperator(InfixExpression.java:383)
	at org.eclipse.jdt.core.dom.ASTConverter.convert(ASTConverter.java:880)
	at org.eclipse.jdt.core.dom.ASTConverter.convert(ASTConverter.java:2038)
	at org.eclipse.jdt.core.dom.ASTConverter.convertToParenthesizedExpression(ASTConverter.java:3882)
	at org.eclipse.jdt.core.dom.ASTConverter.convert(ASTConverter.java:1953)
	at org.eclipse.jdt.core.dom.ASTConverter.convert(ASTConverter.java:1204)
	at org.eclipse.jdt.core.dom.ASTConverter.convert(ASTConverter.java:1990)
	at org.eclipse.jdt.core.dom.ASTConverter.convert(ASTConverter.java:3124)
	at org.eclipse.jdt.core.dom.ASTConverter.convert(ASTConverter.java:2273)
	at org.eclipse.jdt.core.dom.ASTConverter.convert(ASTConverter.java:3066)
	at org.eclipse.jdt.core.dom.ASTConverter.convert(ASTConverter.java:1383)
	at org.eclipse.jdt.core.dom.ASTConverter.convert(ASTConverter.java:3042)
	at org.eclipse.jdt.core.dom.ASTConverter.convert(ASTConverter.java:2220)
	at org.eclipse.jdt.core.dom.ASTConverter.convert(ASTConverter.java:3063)
	at org.eclipse.jdt.core.dom.ASTConverter.convert(ASTConverter.java:751)
	at org.eclipse.jdt.core.dom.ASTConverter.buildBodyDeclarations(ASTConverter.java:208)
	at org.eclipse.jdt.core.dom.ASTConverter.convert(ASTConverter.java:3419)
	at org.eclipse.jdt.core.dom.ASTConverter.convert(ASTConverter.java:1534)
	at org.eclipse.jdt.core.dom.CompilationUnitResolver.convert(CompilationUnitResolver.java:344)
	at org.eclipse.jdt.core.dom.ASTParser.internalCreateAST(ASTParser.java:1272)
	at org.eclipse.jdt.core.dom.ASTParser.createAST(ASTParser.java:868)
	at org.eclipse.jdt.core.manipulation.CoreASTProvider$1.run(CoreASTProvider.java:294)
	at org.eclipse.core.runtime.SafeRunner.run(SafeRunner.java:45)
	at org.eclipse.jdt.core.manipulation.CoreASTProvider.createAST(CoreASTProvider.java:286)
	at org.eclipse.jdt.core.manipulation.CoreASTProvider.getAST(CoreASTProvider.java:199)
	at org.eclipse.jdt.core.manipulation.SharedASTProviderCore.getAST(SharedASTProviderCore.java:138)
	at org.eclipse.jdt.internal.ui.viewsupport.SelectionListenerWithASTManager$PartListenerGroup.calculateASTandInform(SelectionListenerWithASTManager.java:166)
	at org.eclipse.jdt.internal.ui.viewsupport.SelectionListenerWithASTManager$PartListenerGroup$1.run(SelectionListenerWithASTManager.java:151)
	at org.eclipse.core.internal.jobs.Worker.run(Worker.java:63)

!ENTRY org.eclipse.jdt.core.manipulation 4 2 2025-04-01 21:56:22.421
!MESSAGE Problems occurred when invoking code from plug-in: "org.eclipse.jdt.core.manipulation".
!STACK 0
java.lang.IllegalArgumentException
	at org.eclipse.jdt.core.dom.InfixExpression.setOperator(InfixExpression.java:383)
	at org.eclipse.jdt.core.dom.ASTConverter.convert(ASTConverter.java:880)
	at org.eclipse.jdt.core.dom.ASTConverter.convert(ASTConverter.java:2038)
	at org.eclipse.jdt.core.dom.ASTConverter.convertToParenthesizedExpression(ASTConverter.java:3882)
	at org.eclipse.jdt.core.dom.ASTConverter.convert(ASTConverter.java:1953)
	at org.eclipse.jdt.core.dom.ASTConverter.convert(ASTConverter.java:1204)
	at org.eclipse.jdt.core.dom.ASTConverter.convert(ASTConverter.java:1990)
	at org.eclipse.jdt.core.dom.ASTConverter.convert(ASTConverter.java:3124)
	at org.eclipse.jdt.core.dom.ASTConverter.convert(ASTConverter.java:2273)
	at org.eclipse.jdt.core.dom.ASTConverter.convert(ASTConverter.java:3066)
	at org.eclipse.jdt.core.dom.ASTConverter.convert(ASTConverter.java:1383)
	at org.eclipse.jdt.core.dom.ASTConverter.convert(ASTConverter.java:3042)
	at org.eclipse.jdt.core.dom.ASTConverter.convert(ASTConverter.java:2220)
	at org.eclipse.jdt.core.dom.ASTConverter.convert(ASTConverter.java:3063)
	at org.eclipse.jdt.core.dom.ASTConverter.convert(ASTConverter.java:751)
	at org.eclipse.jdt.core.dom.ASTConverter.buildBodyDeclarations(ASTConverter.java:208)
	at org.eclipse.jdt.core.dom.ASTConverter.convert(ASTConverter.java:3419)
	at org.eclipse.jdt.core.dom.ASTConverter.convert(ASTConverter.java:1534)
	at org.eclipse.jdt.core.dom.CompilationUnitResolver.convert(CompilationUnitResolver.java:344)
	at org.eclipse.jdt.core.dom.ASTParser.internalCreateAST(ASTParser.java:1272)
	at org.eclipse.jdt.core.dom.ASTParser.createAST(ASTParser.java:868)
	at org.eclipse.jdt.core.manipulation.CoreASTProvider$1.run(CoreASTProvider.java:294)
	at org.eclipse.core.runtime.SafeRunner.run(SafeRunner.java:45)
	at org.eclipse.jdt.core.manipulation.CoreASTProvider.createAST(CoreASTProvider.java:286)
	at org.eclipse.jdt.core.manipulation.CoreASTProvider.getAST(CoreASTProvider.java:199)
	at org.eclipse.jdt.core.manipulation.SharedASTProviderCore.getAST(SharedASTProviderCore.java:138)
	at org.eclipse.jdt.internal.ui.viewsupport.SelectionListenerWithASTManager$PartListenerGroup.calculateASTandInform(SelectionListenerWithASTManager.java:166)
	at org.eclipse.jdt.internal.ui.viewsupport.SelectionListenerWithASTManager$PartListenerGroup$1.run(SelectionListenerWithASTManager.java:151)
	at org.eclipse.core.internal.jobs.Worker.run(Worker.java:63)

!ENTRY org.eclipse.jdt.core.manipulation 4 0 2025-04-01 21:56:22.422
!MESSAGE Error in JDT Core during AST creation
!STACK 0
java.lang.IllegalArgumentException
	at org.eclipse.jdt.core.dom.InfixExpression.setOperator(InfixExpression.java:383)
	at org.eclipse.jdt.core.dom.ASTConverter.convert(ASTConverter.java:880)
	at org.eclipse.jdt.core.dom.ASTConverter.convert(ASTConverter.java:2038)
	at org.eclipse.jdt.core.dom.ASTConverter.convertToParenthesizedExpression(ASTConverter.java:3882)
	at org.eclipse.jdt.core.dom.ASTConverter.convert(ASTConverter.java:1953)
	at org.eclipse.jdt.core.dom.ASTConverter.convert(ASTConverter.java:1204)
	at org.eclipse.jdt.core.dom.ASTConverter.convert(ASTConverter.java:1990)
	at org.eclipse.jdt.core.dom.ASTConverter.convert(ASTConverter.java:3124)
	at org.eclipse.jdt.core.dom.ASTConverter.convert(ASTConverter.java:2273)
	at org.eclipse.jdt.core.dom.ASTConverter.convert(ASTConverter.java:3066)
	at org.eclipse.jdt.core.dom.ASTConverter.convert(ASTConverter.java:1383)
	at org.eclipse.jdt.core.dom.ASTConverter.convert(ASTConverter.java:3042)
	at org.eclipse.jdt.core.dom.ASTConverter.convert(ASTConverter.java:2220)
	at org.eclipse.jdt.core.dom.ASTConverter.convert(ASTConverter.java:3063)
	at org.eclipse.jdt.core.dom.ASTConverter.convert(ASTConverter.java:751)
	at org.eclipse.jdt.core.dom.ASTConverter.buildBodyDeclarations(ASTConverter.java:208)
	at org.eclipse.jdt.core.dom.ASTConverter.convert(ASTConverter.java:3419)
	at org.eclipse.jdt.core.dom.ASTConverter.convert(ASTConverter.java:1534)
	at org.eclipse.jdt.core.dom.CompilationUnitResolver.convert(CompilationUnitResolver.java:344)
	at org.eclipse.jdt.core.dom.ASTParser.internalCreateAST(ASTParser.java:1272)
	at org.eclipse.jdt.core.dom.ASTParser.createAST(ASTParser.java:868)
	at org.eclipse.jdt.core.manipulation.CoreASTProvider$1.run(CoreASTProvider.java:294)
	at org.eclipse.core.runtime.SafeRunner.run(SafeRunner.java:45)
	at org.eclipse.jdt.core.manipulation.CoreASTProvider.createAST(CoreASTProvider.java:286)
	at org.eclipse.jdt.core.manipulation.CoreASTProvider.getAST(CoreASTProvider.java:199)
	at org.eclipse.jdt.core.manipulation.SharedASTProviderCore.getAST(SharedASTProviderCore.java:138)
	at org.eclipse.jdt.internal.ui.viewsupport.SelectionListenerWithASTManager$PartListenerGroup.calculateASTandInform(SelectionListenerWithASTManager.java:166)
	at org.eclipse.jdt.internal.ui.viewsupport.SelectionListenerWithASTManager$PartListenerGroup$1.run(SelectionListenerWithASTManager.java:151)
	at org.eclipse.core.internal.jobs.Worker.run(Worker.java:63)

!ENTRY org.eclipse.jdt.core 4 4 2025-04-01 21:56:23.214
!MESSAGE Exception occurred during compilation unit conversion:
----------------------------------- SOURCE BEGIN -------------------------------------
package _250401;

public class A_강조하기 {

	public static void main(String[] args) {
		// TODO Auto-generated method stub
		String myString = "abstract algebra";
//		String myString = "PrOgRaMmErS";
		String answer ="";
		
		
		
		for(int i =0; i<myString.length(); i++) {
			
			if(myString.charAt(i)=='a') {
				
				answer+= Character.toUpperCase(myString.charAt(i));
			}else(myString.charAt(i)!='A' && Character.isUpperC(myString.charAt(i)) ) {
				answer+=  Character.toLowerCase(myString.charAt(i));
			}
							
		}
		
		
		
		//char배열로 생성후 풀이
//		char[] arr  = myString.toCharArray(); 
//		
//		for(int i =0; i<myString.length(); i++) {
//			
//			if(arr[i]=='a') {
//				
//				answer+= Character.toUpperCase(arr[i]);
//			}else {
//				answer+=  Character.toLowerCase(arr[i]);
//			}
//							
//		}
		System.out.println(answer);
	}

}

----------------------------------- SOURCE END -------------------------------------
!STACK 0
java.lang.IllegalArgumentException
	at org.eclipse.jdt.core.dom.InfixExpression.setOperator(InfixExpression.java:383)
	at org.eclipse.jdt.core.dom.ASTConverter.convert(ASTConverter.java:880)
	at org.eclipse.jdt.core.dom.ASTConverter.convert(ASTConverter.java:2038)
	at org.eclipse.jdt.core.dom.ASTConverter.convertToParenthesizedExpression(ASTConverter.java:3882)
	at org.eclipse.jdt.core.dom.ASTConverter.convert(ASTConverter.java:1953)
	at org.eclipse.jdt.core.dom.ASTConverter.convert(ASTConverter.java:1204)
	at org.eclipse.jdt.core.dom.ASTConverter.convert(ASTConverter.java:1990)
	at org.eclipse.jdt.core.dom.ASTConverter.convert(ASTConverter.java:3124)
	at org.eclipse.jdt.core.dom.ASTConverter.convert(ASTConverter.java:2273)
	at org.eclipse.jdt.core.dom.ASTConverter.convert(ASTConverter.java:3066)
	at org.eclipse.jdt.core.dom.ASTConverter.convert(ASTConverter.java:1383)
	at org.eclipse.jdt.core.dom.ASTConverter.convert(ASTConverter.java:3042)
	at org.eclipse.jdt.core.dom.ASTConverter.convert(ASTConverter.java:2220)
	at org.eclipse.jdt.core.dom.ASTConverter.convert(ASTConverter.java:3063)
	at org.eclipse.jdt.core.dom.ASTConverter.convert(ASTConverter.java:751)
	at org.eclipse.jdt.core.dom.ASTConverter.buildBodyDeclarations(ASTConverter.java:208)
	at org.eclipse.jdt.core.dom.ASTConverter.convert(ASTConverter.java:3419)
	at org.eclipse.jdt.core.dom.ASTConverter.convert(ASTConverter.java:1534)
	at org.eclipse.jdt.core.dom.AST.convertCompilationUnit(AST.java:561)
	at org.eclipse.jdt.internal.core.CompilationUnit.buildStructure(CompilationUnit.java:201)
	at org.eclipse.jdt.internal.core.Openable.generateInfos(Openable.java:266)
	at org.eclipse.jdt.internal.core.JavaElement.openWhenClosed(JavaElement.java:597)
	at org.eclipse.jdt.internal.core.CompilationUnit.makeConsistent(CompilationUnit.java:1148)
	at org.eclipse.jdt.internal.core.ReconcileWorkingCopyOperation.makeConsistent(ReconcileWorkingCopyOperation.java:173)
	at org.eclipse.jdt.internal.core.ReconcileWorkingCopyOperation.executeOperation(ReconcileWorkingCopyOperation.java:94)
	at org.eclipse.jdt.internal.core.JavaModelOperation.run(JavaModelOperation.java:740)
	at org.eclipse.jdt.internal.core.JavaModelOperation.runOperation(JavaModelOperation.java:806)
	at org.eclipse.jdt.internal.core.CompilationUnit.reconcile(CompilationUnit.java:1325)
	at org.eclipse.jdt.internal.ui.text.java.JavaReconcilingStrategy.reconcile(JavaReconcilingStrategy.java:132)
	at org.eclipse.jdt.internal.ui.text.java.JavaReconcilingStrategy$1.run(JavaReconcilingStrategy.java:94)
	at org.eclipse.core.runtime.SafeRunner.run(SafeRunner.java:45)
	at org.eclipse.jdt.internal.ui.text.java.JavaReconcilingStrategy.reconcile(JavaReconcilingStrategy.java:91)
	at org.eclipse.jdt.internal.ui.text.java.JavaReconcilingStrategy.reconcile(JavaReconcilingStrategy.java:158)
	at org.eclipse.jdt.internal.ui.text.CompositeReconcilingStrategy.reconcile(CompositeReconcilingStrategy.java:94)
	at org.eclipse.jdt.internal.ui.text.JavaCompositeReconcilingStrategy.reconcile(JavaCompositeReconcilingStrategy.java:107)
	at org.eclipse.jface.text.reconciler.MonoReconciler.process(MonoReconciler.java:78)
	at org.eclipse.jface.text.reconciler.AbstractReconciler$BackgroundThread.run(AbstractReconciler.java:207)

!ENTRY org.eclipse.jdt.ui 4 2 2025-04-01 21:56:23.215
!MESSAGE Problems occurred when invoking code from plug-in: "org.eclipse.jdt.ui".
!STACK 0
java.lang.IllegalArgumentException
	at org.eclipse.jdt.core.dom.InfixExpression.setOperator(InfixExpression.java:383)
	at org.eclipse.jdt.core.dom.ASTConverter.convert(ASTConverter.java:880)
	at org.eclipse.jdt.core.dom.ASTConverter.convert(ASTConverter.java:2038)
	at org.eclipse.jdt.core.dom.ASTConverter.convertToParenthesizedExpression(ASTConverter.java:3882)
	at org.eclipse.jdt.core.dom.ASTConverter.convert(ASTConverter.java:1953)
	at org.eclipse.jdt.core.dom.ASTConverter.convert(ASTConverter.java:1204)
	at org.eclipse.jdt.core.dom.ASTConverter.convert(ASTConverter.java:1990)
	at org.eclipse.jdt.core.dom.ASTConverter.convert(ASTConverter.java:3124)
	at org.eclipse.jdt.core.dom.ASTConverter.convert(ASTConverter.java:2273)
	at org.eclipse.jdt.core.dom.ASTConverter.convert(ASTConverter.java:3066)
	at org.eclipse.jdt.core.dom.ASTConverter.convert(ASTConverter.java:1383)
	at org.eclipse.jdt.core.dom.ASTConverter.convert(ASTConverter.java:3042)
	at org.eclipse.jdt.core.dom.ASTConverter.convert(ASTConverter.java:2220)
	at org.eclipse.jdt.core.dom.ASTConverter.convert(ASTConverter.java:3063)
	at org.eclipse.jdt.core.dom.ASTConverter.convert(ASTConverter.java:751)
	at org.eclipse.jdt.core.dom.ASTConverter.buildBodyDeclarations(ASTConverter.java:208)
	at org.eclipse.jdt.core.dom.ASTConverter.convert(ASTConverter.java:3419)
	at org.eclipse.jdt.core.dom.ASTConverter.convert(ASTConverter.java:1534)
	at org.eclipse.jdt.core.dom.AST.convertCompilationUnit(AST.java:561)
	at org.eclipse.jdt.internal.core.CompilationUnit.buildStructure(CompilationUnit.java:201)
	at org.eclipse.jdt.internal.core.Openable.generateInfos(Openable.java:266)
	at org.eclipse.jdt.internal.core.JavaElement.openWhenClosed(JavaElement.java:597)
	at org.eclipse.jdt.internal.core.CompilationUnit.makeConsistent(CompilationUnit.java:1148)
	at org.eclipse.jdt.internal.core.ReconcileWorkingCopyOperation.makeConsistent(ReconcileWorkingCopyOperation.java:173)
	at org.eclipse.jdt.internal.core.ReconcileWorkingCopyOperation.executeOperation(ReconcileWorkingCopyOperation.java:94)
	at org.eclipse.jdt.internal.core.JavaModelOperation.run(JavaModelOperation.java:740)
	at org.eclipse.jdt.internal.core.JavaModelOperation.runOperation(JavaModelOperation.java:806)
	at org.eclipse.jdt.internal.core.CompilationUnit.reconcile(CompilationUnit.java:1325)
	at org.eclipse.jdt.internal.ui.text.java.JavaReconcilingStrategy.reconcile(JavaReconcilingStrategy.java:132)
	at org.eclipse.jdt.internal.ui.text.java.JavaReconcilingStrategy$1.run(JavaReconcilingStrategy.java:94)
	at org.eclipse.core.runtime.SafeRunner.run(SafeRunner.java:45)
	at org.eclipse.jdt.internal.ui.text.java.JavaReconcilingStrategy.reconcile(JavaReconcilingStrategy.java:91)
	at org.eclipse.jdt.internal.ui.text.java.JavaReconcilingStrategy.reconcile(JavaReconcilingStrategy.java:158)
	at org.eclipse.jdt.internal.ui.text.CompositeReconcilingStrategy.reconcile(CompositeReconcilingStrategy.java:94)
	at org.eclipse.jdt.internal.ui.text.JavaCompositeReconcilingStrategy.reconcile(JavaCompositeReconcilingStrategy.java:107)
	at org.eclipse.jface.text.reconciler.MonoReconciler.process(MonoReconciler.java:78)
	at org.eclipse.jface.text.reconciler.AbstractReconciler$BackgroundThread.run(AbstractReconciler.java:207)

!ENTRY org.eclipse.jdt.ui 4 0 2025-04-01 21:56:23.216
!MESSAGE Error in JDT Core during reconcile
!STACK 0
java.lang.IllegalArgumentException
	at org.eclipse.jdt.core.dom.InfixExpression.setOperator(InfixExpression.java:383)
	at org.eclipse.jdt.core.dom.ASTConverter.convert(ASTConverter.java:880)
	at org.eclipse.jdt.core.dom.ASTConverter.convert(ASTConverter.java:2038)
	at org.eclipse.jdt.core.dom.ASTConverter.convertToParenthesizedExpression(ASTConverter.java:3882)
	at org.eclipse.jdt.core.dom.ASTConverter.convert(ASTConverter.java:1953)
	at org.eclipse.jdt.core.dom.ASTConverter.convert(ASTConverter.java:1204)
	at org.eclipse.jdt.core.dom.ASTConverter.convert(ASTConverter.java:1990)
	at org.eclipse.jdt.core.dom.ASTConverter.convert(ASTConverter.java:3124)
	at org.eclipse.jdt.core.dom.ASTConverter.convert(ASTConverter.java:2273)
	at org.eclipse.jdt.core.dom.ASTConverter.convert(ASTConverter.java:3066)
	at org.eclipse.jdt.core.dom.ASTConverter.convert(ASTConverter.java:1383)
	at org.eclipse.jdt.core.dom.ASTConverter.convert(ASTConverter.java:3042)
	at org.eclipse.jdt.core.dom.ASTConverter.convert(ASTConverter.java:2220)
	at org.eclipse.jdt.core.dom.ASTConverter.convert(ASTConverter.java:3063)
	at org.eclipse.jdt.core.dom.ASTConverter.convert(ASTConverter.java:751)
	at org.eclipse.jdt.core.dom.ASTConverter.buildBodyDeclarations(ASTConverter.java:208)
	at org.eclipse.jdt.core.dom.ASTConverter.convert(ASTConverter.java:3419)
	at org.eclipse.jdt.core.dom.ASTConverter.convert(ASTConverter.java:1534)
	at org.eclipse.jdt.core.dom.AST.convertCompilationUnit(AST.java:561)
	at org.eclipse.jdt.internal.core.CompilationUnit.buildStructure(CompilationUnit.java:201)
	at org.eclipse.jdt.internal.core.Openable.generateInfos(Openable.java:266)
	at org.eclipse.jdt.internal.core.JavaElement.openWhenClosed(JavaElement.java:597)
	at org.eclipse.jdt.internal.core.CompilationUnit.makeConsistent(CompilationUnit.java:1148)
	at org.eclipse.jdt.internal.core.ReconcileWorkingCopyOperation.makeConsistent(ReconcileWorkingCopyOperation.java:173)
	at org.eclipse.jdt.internal.core.ReconcileWorkingCopyOperation.executeOperation(ReconcileWorkingCopyOperation.java:94)
	at org.eclipse.jdt.internal.core.JavaModelOperation.run(JavaModelOperation.java:740)
	at org.eclipse.jdt.internal.core.JavaModelOperation.runOperation(JavaModelOperation.java:806)
	at org.eclipse.jdt.internal.core.CompilationUnit.reconcile(CompilationUnit.java:1325)
	at org.eclipse.jdt.internal.ui.text.java.JavaReconcilingStrategy.reconcile(JavaReconcilingStrategy.java:132)
	at org.eclipse.jdt.internal.ui.text.java.JavaReconcilingStrategy$1.run(JavaReconcilingStrategy.java:94)
	at org.eclipse.core.runtime.SafeRunner.run(SafeRunner.java:45)
	at org.eclipse.jdt.internal.ui.text.java.JavaReconcilingStrategy.reconcile(JavaReconcilingStrategy.java:91)
	at org.eclipse.jdt.internal.ui.text.java.JavaReconcilingStrategy.reconcile(JavaReconcilingStrategy.java:158)
	at org.eclipse.jdt.internal.ui.text.CompositeReconcilingStrategy.reconcile(CompositeReconcilingStrategy.java:94)
	at org.eclipse.jdt.internal.ui.text.JavaCompositeReconcilingStrategy.reconcile(JavaCompositeReconcilingStrategy.java:107)
	at org.eclipse.jface.text.reconciler.MonoReconciler.process(MonoReconciler.java:78)
	at org.eclipse.jface.text.reconciler.AbstractReconciler$BackgroundThread.run(AbstractReconciler.java:207)

!ENTRY org.eclipse.jdt.core 4 4 2025-04-01 21:56:23.892
!MESSAGE Exception occurred during compilation unit conversion:
----------------------------------- SOURCE BEGIN -------------------------------------
package _250401;

public class A_강조하기 {

	public static void main(String[] args) {
		// TODO Auto-generated method stub
		String myString = "abstract algebra";
//		String myString = "PrOgRaMmErS";
		String answer ="";
		
		
		
		for(int i =0; i<myString.length(); i++) {
			
			if(myString.charAt(i)=='a') {
				
				answer+= Character.toUpperCase(myString.charAt(i));
			}else(myString.charAt(i)!='A' && Character.isUpperCa(myString.charAt(i)) ) {
				answer+=  Character.toLowerCase(myString.charAt(i));
			}
							
		}
		
		
		
		//char배열로 생성후 풀이
//		char[] arr  = myString.toCharArray(); 
//		
//		for(int i =0; i<myString.length(); i++) {
//			
//			if(arr[i]=='a') {
//				
//				answer+= Character.toUpperCase(arr[i]);
//			}else {
//				answer+=  Character.toLowerCase(arr[i]);
//			}
//							
//		}
		System.out.println(answer);
	}

}

----------------------------------- SOURCE END -------------------------------------
!STACK 0
java.lang.IllegalArgumentException
	at org.eclipse.jdt.core.dom.InfixExpression.setOperator(InfixExpression.java:383)
	at org.eclipse.jdt.core.dom.ASTConverter.convert(ASTConverter.java:880)
	at org.eclipse.jdt.core.dom.ASTConverter.convert(ASTConverter.java:2038)
	at org.eclipse.jdt.core.dom.ASTConverter.convertToParenthesizedExpression(ASTConverter.java:3882)
	at org.eclipse.jdt.core.dom.ASTConverter.convert(ASTConverter.java:1953)
	at org.eclipse.jdt.core.dom.ASTConverter.convert(ASTConverter.java:1204)
	at org.eclipse.jdt.core.dom.ASTConverter.convert(ASTConverter.java:1990)
	at org.eclipse.jdt.core.dom.ASTConverter.convert(ASTConverter.java:3124)
	at org.eclipse.jdt.core.dom.ASTConverter.convert(ASTConverter.java:2273)
	at org.eclipse.jdt.core.dom.ASTConverter.convert(ASTConverter.java:3066)
	at org.eclipse.jdt.core.dom.ASTConverter.convert(ASTConverter.java:1383)
	at org.eclipse.jdt.core.dom.ASTConverter.convert(ASTConverter.java:3042)
	at org.eclipse.jdt.core.dom.ASTConverter.convert(ASTConverter.java:2220)
	at org.eclipse.jdt.core.dom.ASTConverter.convert(ASTConverter.java:3063)
	at org.eclipse.jdt.core.dom.ASTConverter.convert(ASTConverter.java:751)
	at org.eclipse.jdt.core.dom.ASTConverter.buildBodyDeclarations(ASTConverter.java:208)
	at org.eclipse.jdt.core.dom.ASTConverter.convert(ASTConverter.java:3419)
	at org.eclipse.jdt.core.dom.ASTConverter.convert(ASTConverter.java:1534)
	at org.eclipse.jdt.core.dom.AST.convertCompilationUnit(AST.java:561)
	at org.eclipse.jdt.internal.core.CompilationUnit.buildStructure(CompilationUnit.java:201)
	at org.eclipse.jdt.internal.core.Openable.generateInfos(Openable.java:266)
	at org.eclipse.jdt.internal.core.JavaElement.openWhenClosed(JavaElement.java:597)
	at org.eclipse.jdt.internal.core.CompilationUnit.makeConsistent(CompilationUnit.java:1148)
	at org.eclipse.jdt.internal.core.ReconcileWorkingCopyOperation.makeConsistent(ReconcileWorkingCopyOperation.java:173)
	at org.eclipse.jdt.internal.core.ReconcileWorkingCopyOperation.executeOperation(ReconcileWorkingCopyOperation.java:94)
	at org.eclipse.jdt.internal.core.JavaModelOperation.run(JavaModelOperation.java:740)
	at org.eclipse.jdt.internal.core.JavaModelOperation.runOperation(JavaModelOperation.java:806)
	at org.eclipse.jdt.internal.core.CompilationUnit.reconcile(CompilationUnit.java:1325)
	at org.eclipse.jdt.internal.ui.text.java.JavaReconcilingStrategy.reconcile(JavaReconcilingStrategy.java:132)
	at org.eclipse.jdt.internal.ui.text.java.JavaReconcilingStrategy$1.run(JavaReconcilingStrategy.java:94)
	at org.eclipse.core.runtime.SafeRunner.run(SafeRunner.java:45)
	at org.eclipse.jdt.internal.ui.text.java.JavaReconcilingStrategy.reconcile(JavaReconcilingStrategy.java:91)
	at org.eclipse.jdt.internal.ui.text.java.JavaReconcilingStrategy.reconcile(JavaReconcilingStrategy.java:158)
	at org.eclipse.jdt.internal.ui.text.CompositeReconcilingStrategy.reconcile(CompositeReconcilingStrategy.java:94)
	at org.eclipse.jdt.internal.ui.text.JavaCompositeReconcilingStrategy.reconcile(JavaCompositeReconcilingStrategy.java:107)
	at org.eclipse.jface.text.reconciler.MonoReconciler.process(MonoReconciler.java:78)
	at org.eclipse.jface.text.reconciler.AbstractReconciler$BackgroundThread.run(AbstractReconciler.java:207)

!ENTRY org.eclipse.jdt.ui 4 2 2025-04-01 21:56:23.892
!MESSAGE Problems occurred when invoking code from plug-in: "org.eclipse.jdt.ui".
!STACK 0
java.lang.IllegalArgumentException
	at org.eclipse.jdt.core.dom.InfixExpression.setOperator(InfixExpression.java:383)
	at org.eclipse.jdt.core.dom.ASTConverter.convert(ASTConverter.java:880)
	at org.eclipse.jdt.core.dom.ASTConverter.convert(ASTConverter.java:2038)
	at org.eclipse.jdt.core.dom.ASTConverter.convertToParenthesizedExpression(ASTConverter.java:3882)
	at org.eclipse.jdt.core.dom.ASTConverter.convert(ASTConverter.java:1953)
	at org.eclipse.jdt.core.dom.ASTConverter.convert(ASTConverter.java:1204)
	at org.eclipse.jdt.core.dom.ASTConverter.convert(ASTConverter.java:1990)
	at org.eclipse.jdt.core.dom.ASTConverter.convert(ASTConverter.java:3124)
	at org.eclipse.jdt.core.dom.ASTConverter.convert(ASTConverter.java:2273)
	at org.eclipse.jdt.core.dom.ASTConverter.convert(ASTConverter.java:3066)
	at org.eclipse.jdt.core.dom.ASTConverter.convert(ASTConverter.java:1383)
	at org.eclipse.jdt.core.dom.ASTConverter.convert(ASTConverter.java:3042)
	at org.eclipse.jdt.core.dom.ASTConverter.convert(ASTConverter.java:2220)
	at org.eclipse.jdt.core.dom.ASTConverter.convert(ASTConverter.java:3063)
	at org.eclipse.jdt.core.dom.ASTConverter.convert(ASTConverter.java:751)
	at org.eclipse.jdt.core.dom.ASTConverter.buildBodyDeclarations(ASTConverter.java:208)
	at org.eclipse.jdt.core.dom.ASTConverter.convert(ASTConverter.java:3419)
	at org.eclipse.jdt.core.dom.ASTConverter.convert(ASTConverter.java:1534)
	at org.eclipse.jdt.core.dom.AST.convertCompilationUnit(AST.java:561)
	at org.eclipse.jdt.internal.core.CompilationUnit.buildStructure(CompilationUnit.java:201)
	at org.eclipse.jdt.internal.core.Openable.generateInfos(Openable.java:266)
	at org.eclipse.jdt.internal.core.JavaElement.openWhenClosed(JavaElement.java:597)
	at org.eclipse.jdt.internal.core.CompilationUnit.makeConsistent(CompilationUnit.java:1148)
	at org.eclipse.jdt.internal.core.ReconcileWorkingCopyOperation.makeConsistent(ReconcileWorkingCopyOperation.java:173)
	at org.eclipse.jdt.internal.core.ReconcileWorkingCopyOperation.executeOperation(ReconcileWorkingCopyOperation.java:94)
	at org.eclipse.jdt.internal.core.JavaModelOperation.run(JavaModelOperation.java:740)
	at org.eclipse.jdt.internal.core.JavaModelOperation.runOperation(JavaModelOperation.java:806)
	at org.eclipse.jdt.internal.core.CompilationUnit.reconcile(CompilationUnit.java:1325)
	at org.eclipse.jdt.internal.ui.text.java.JavaReconcilingStrategy.reconcile(JavaReconcilingStrategy.java:132)
	at org.eclipse.jdt.internal.ui.text.java.JavaReconcilingStrategy$1.run(JavaReconcilingStrategy.java:94)
	at org.eclipse.core.runtime.SafeRunner.run(SafeRunner.java:45)
	at org.eclipse.jdt.internal.ui.text.java.JavaReconcilingStrategy.reconcile(JavaReconcilingStrategy.java:91)
	at org.eclipse.jdt.internal.ui.text.java.JavaReconcilingStrategy.reconcile(JavaReconcilingStrategy.java:158)
	at org.eclipse.jdt.internal.ui.text.CompositeReconcilingStrategy.reconcile(CompositeReconcilingStrategy.java:94)
	at org.eclipse.jdt.internal.ui.text.JavaCompositeReconcilingStrategy.reconcile(JavaCompositeReconcilingStrategy.java:107)
	at org.eclipse.jface.text.reconciler.MonoReconciler.process(MonoReconciler.java:78)
	at org.eclipse.jface.text.reconciler.AbstractReconciler$BackgroundThread.run(AbstractReconciler.java:207)

!ENTRY org.eclipse.jdt.ui 4 0 2025-04-01 21:56:23.893
!MESSAGE Error in JDT Core during reconcile
!STACK 0
java.lang.IllegalArgumentException
	at org.eclipse.jdt.core.dom.InfixExpression.setOperator(InfixExpression.java:383)
	at org.eclipse.jdt.core.dom.ASTConverter.convert(ASTConverter.java:880)
	at org.eclipse.jdt.core.dom.ASTConverter.convert(ASTConverter.java:2038)
	at org.eclipse.jdt.core.dom.ASTConverter.convertToParenthesizedExpression(ASTConverter.java:3882)
	at org.eclipse.jdt.core.dom.ASTConverter.convert(ASTConverter.java:1953)
	at org.eclipse.jdt.core.dom.ASTConverter.convert(ASTConverter.java:1204)
	at org.eclipse.jdt.core.dom.ASTConverter.convert(ASTConverter.java:1990)
	at org.eclipse.jdt.core.dom.ASTConverter.convert(ASTConverter.java:3124)
	at org.eclipse.jdt.core.dom.ASTConverter.convert(ASTConverter.java:2273)
	at org.eclipse.jdt.core.dom.ASTConverter.convert(ASTConverter.java:3066)
	at org.eclipse.jdt.core.dom.ASTConverter.convert(ASTConverter.java:1383)
	at org.eclipse.jdt.core.dom.ASTConverter.convert(ASTConverter.java:3042)
	at org.eclipse.jdt.core.dom.ASTConverter.convert(ASTConverter.java:2220)
	at org.eclipse.jdt.core.dom.ASTConverter.convert(ASTConverter.java:3063)
	at org.eclipse.jdt.core.dom.ASTConverter.convert(ASTConverter.java:751)
	at org.eclipse.jdt.core.dom.ASTConverter.buildBodyDeclarations(ASTConverter.java:208)
	at org.eclipse.jdt.core.dom.ASTConverter.convert(ASTConverter.java:3419)
	at org.eclipse.jdt.core.dom.ASTConverter.convert(ASTConverter.java:1534)
	at org.eclipse.jdt.core.dom.AST.convertCompilationUnit(AST.java:561)
	at org.eclipse.jdt.internal.core.CompilationUnit.buildStructure(CompilationUnit.java:201)
	at org.eclipse.jdt.internal.core.Openable.generateInfos(Openable.java:266)
	at org.eclipse.jdt.internal.core.JavaElement.openWhenClosed(JavaElement.java:597)
	at org.eclipse.jdt.internal.core.CompilationUnit.makeConsistent(CompilationUnit.java:1148)
	at org.eclipse.jdt.internal.core.ReconcileWorkingCopyOperation.makeConsistent(ReconcileWorkingCopyOperation.java:173)
	at org.eclipse.jdt.internal.core.ReconcileWorkingCopyOperation.executeOperation(ReconcileWorkingCopyOperation.java:94)
	at org.eclipse.jdt.internal.core.JavaModelOperation.run(JavaModelOperation.java:740)
	at org.eclipse.jdt.internal.core.JavaModelOperation.runOperation(JavaModelOperation.java:806)
	at org.eclipse.jdt.internal.core.CompilationUnit.reconcile(CompilationUnit.java:1325)
	at org.eclipse.jdt.internal.ui.text.java.JavaReconcilingStrategy.reconcile(JavaReconcilingStrategy.java:132)
	at org.eclipse.jdt.internal.ui.text.java.JavaReconcilingStrategy$1.run(JavaReconcilingStrategy.java:94)
	at org.eclipse.core.runtime.SafeRunner.run(SafeRunner.java:45)
	at org.eclipse.jdt.internal.ui.text.java.JavaReconcilingStrategy.reconcile(JavaReconcilingStrategy.java:91)
	at org.eclipse.jdt.internal.ui.text.java.JavaReconcilingStrategy.reconcile(JavaReconcilingStrategy.java:158)
	at org.eclipse.jdt.internal.ui.text.CompositeReconcilingStrategy.reconcile(CompositeReconcilingStrategy.java:94)
	at org.eclipse.jdt.internal.ui.text.JavaCompositeReconcilingStrategy.reconcile(JavaCompositeReconcilingStrategy.java:107)
	at org.eclipse.jface.text.reconciler.MonoReconciler.process(MonoReconciler.java:78)
	at org.eclipse.jface.text.reconciler.AbstractReconciler$BackgroundThread.run(AbstractReconciler.java:207)

!ENTRY org.eclipse.jdt.core 4 4 2025-04-01 21:56:24.070
!MESSAGE Exception occurred during compilation unit conversion:
----------------------------------- SOURCE BEGIN -------------------------------------
package _250401;

public class A_강조하기 {

	public static void main(String[] args) {
		// TODO Auto-generated method stub
		String myString = "abstract algebra";
//		String myString = "PrOgRaMmErS";
		String answer ="";
		
		
		
		for(int i =0; i<myString.length(); i++) {
			
			if(myString.charAt(i)=='a') {
				
				answer+= Character.toUpperCase(myString.charAt(i));
			}else(myString.charAt(i)!='A' && Character.isUpperCase(myString.charAt(i)) ) {
				answer+=  Character.toLowerCase(myString.charAt(i));
			}
							
		}
		
		
		
		//char배열로 생성후 풀이
//		char[] arr  = myString.toCharArray(); 
//		
//		for(int i =0; i<myString.length(); i++) {
//			
//			if(arr[i]=='a') {
//				
//				answer+= Character.toUpperCase(arr[i]);
//			}else {
//				answer+=  Character.toLowerCase(arr[i]);
//			}
//							
//		}
		System.out.println(answer);
	}

}

----------------------------------- SOURCE END -------------------------------------
!STACK 0
java.lang.IllegalArgumentException
	at org.eclipse.jdt.core.dom.InfixExpression.setOperator(InfixExpression.java:383)
	at org.eclipse.jdt.core.dom.ASTConverter.convert(ASTConverter.java:880)
	at org.eclipse.jdt.core.dom.ASTConverter.convert(ASTConverter.java:2038)
	at org.eclipse.jdt.core.dom.ASTConverter.convertToParenthesizedExpression(ASTConverter.java:3882)
	at org.eclipse.jdt.core.dom.ASTConverter.convert(ASTConverter.java:1953)
	at org.eclipse.jdt.core.dom.ASTConverter.convert(ASTConverter.java:1204)
	at org.eclipse.jdt.core.dom.ASTConverter.convert(ASTConverter.java:1990)
	at org.eclipse.jdt.core.dom.ASTConverter.convert(ASTConverter.java:3124)
	at org.eclipse.jdt.core.dom.ASTConverter.convert(ASTConverter.java:2273)
	at org.eclipse.jdt.core.dom.ASTConverter.convert(ASTConverter.java:3066)
	at org.eclipse.jdt.core.dom.ASTConverter.convert(ASTConverter.java:1383)
	at org.eclipse.jdt.core.dom.ASTConverter.convert(ASTConverter.java:3042)
	at org.eclipse.jdt.core.dom.ASTConverter.convert(ASTConverter.java:2220)
	at org.eclipse.jdt.core.dom.ASTConverter.convert(ASTConverter.java:3063)
	at org.eclipse.jdt.core.dom.ASTConverter.convert(ASTConverter.java:751)
	at org.eclipse.jdt.core.dom.ASTConverter.buildBodyDeclarations(ASTConverter.java:208)
	at org.eclipse.jdt.core.dom.ASTConverter.convert(ASTConverter.java:3419)
	at org.eclipse.jdt.core.dom.ASTConverter.convert(ASTConverter.java:1534)
	at org.eclipse.jdt.core.dom.AST.convertCompilationUnit(AST.java:561)
	at org.eclipse.jdt.internal.core.CompilationUnit.buildStructure(CompilationUnit.java:201)
	at org.eclipse.jdt.internal.core.Openable.generateInfos(Openable.java:266)
	at org.eclipse.jdt.internal.core.JavaElement.openWhenClosed(JavaElement.java:597)
	at org.eclipse.jdt.internal.core.CompilationUnit.makeConsistent(CompilationUnit.java:1148)
	at org.eclipse.jdt.internal.core.ReconcileWorkingCopyOperation.makeConsistent(ReconcileWorkingCopyOperation.java:173)
	at org.eclipse.jdt.internal.core.ReconcileWorkingCopyOperation.executeOperation(ReconcileWorkingCopyOperation.java:94)
	at org.eclipse.jdt.internal.core.JavaModelOperation.run(JavaModelOperation.java:740)
	at org.eclipse.jdt.internal.core.JavaModelOperation.runOperation(JavaModelOperation.java:806)
	at org.eclipse.jdt.internal.core.CompilationUnit.reconcile(CompilationUnit.java:1325)
	at org.eclipse.jdt.internal.ui.text.java.JavaReconcilingStrategy.reconcile(JavaReconcilingStrategy.java:132)
	at org.eclipse.jdt.internal.ui.text.java.JavaReconcilingStrategy$1.run(JavaReconcilingStrategy.java:94)
	at org.eclipse.core.runtime.SafeRunner.run(SafeRunner.java:45)
	at org.eclipse.jdt.internal.ui.text.java.JavaReconcilingStrategy.reconcile(JavaReconcilingStrategy.java:91)
	at org.eclipse.jdt.internal.ui.text.java.JavaReconcilingStrategy.reconcile(JavaReconcilingStrategy.java:158)
	at org.eclipse.jdt.internal.ui.text.CompositeReconcilingStrategy.reconcile(CompositeReconcilingStrategy.java:94)
	at org.eclipse.jdt.internal.ui.text.JavaCompositeReconcilingStrategy.reconcile(JavaCompositeReconcilingStrategy.java:107)
	at org.eclipse.jface.text.reconciler.MonoReconciler.process(MonoReconciler.java:78)
	at org.eclipse.jface.text.reconciler.AbstractReconciler$BackgroundThread.run(AbstractReconciler.java:207)

!ENTRY org.eclipse.jdt.ui 4 2 2025-04-01 21:56:24.071
!MESSAGE Problems occurred when invoking code from plug-in: "org.eclipse.jdt.ui".
!STACK 0
java.lang.IllegalArgumentException
	at org.eclipse.jdt.core.dom.InfixExpression.setOperator(InfixExpression.java:383)
	at org.eclipse.jdt.core.dom.ASTConverter.convert(ASTConverter.java:880)
	at org.eclipse.jdt.core.dom.ASTConverter.convert(ASTConverter.java:2038)
	at org.eclipse.jdt.core.dom.ASTConverter.convertToParenthesizedExpression(ASTConverter.java:3882)
	at org.eclipse.jdt.core.dom.ASTConverter.convert(ASTConverter.java:1953)
	at org.eclipse.jdt.core.dom.ASTConverter.convert(ASTConverter.java:1204)
	at org.eclipse.jdt.core.dom.ASTConverter.convert(ASTConverter.java:1990)
	at org.eclipse.jdt.core.dom.ASTConverter.convert(ASTConverter.java:3124)
	at org.eclipse.jdt.core.dom.ASTConverter.convert(ASTConverter.java:2273)
	at org.eclipse.jdt.core.dom.ASTConverter.convert(ASTConverter.java:3066)
	at org.eclipse.jdt.core.dom.ASTConverter.convert(ASTConverter.java:1383)
	at org.eclipse.jdt.core.dom.ASTConverter.convert(ASTConverter.java:3042)
	at org.eclipse.jdt.core.dom.ASTConverter.convert(ASTConverter.java:2220)
	at org.eclipse.jdt.core.dom.ASTConverter.convert(ASTConverter.java:3063)
	at org.eclipse.jdt.core.dom.ASTConverter.convert(ASTConverter.java:751)
	at org.eclipse.jdt.core.dom.ASTConverter.buildBodyDeclarations(ASTConverter.java:208)
	at org.eclipse.jdt.core.dom.ASTConverter.convert(ASTConverter.java:3419)
	at org.eclipse.jdt.core.dom.ASTConverter.convert(ASTConverter.java:1534)
	at org.eclipse.jdt.core.dom.AST.convertCompilationUnit(AST.java:561)
	at org.eclipse.jdt.internal.core.CompilationUnit.buildStructure(CompilationUnit.java:201)
	at org.eclipse.jdt.internal.core.Openable.generateInfos(Openable.java:266)
	at org.eclipse.jdt.internal.core.JavaElement.openWhenClosed(JavaElement.java:597)
	at org.eclipse.jdt.internal.core.CompilationUnit.makeConsistent(CompilationUnit.java:1148)
	at org.eclipse.jdt.internal.core.ReconcileWorkingCopyOperation.makeConsistent(ReconcileWorkingCopyOperation.java:173)
	at org.eclipse.jdt.internal.core.ReconcileWorkingCopyOperation.executeOperation(ReconcileWorkingCopyOperation.java:94)
	at org.eclipse.jdt.internal.core.JavaModelOperation.run(JavaModelOperation.java:740)
	at org.eclipse.jdt.internal.core.JavaModelOperation.runOperation(JavaModelOperation.java:806)
	at org.eclipse.jdt.internal.core.CompilationUnit.reconcile(CompilationUnit.java:1325)
	at org.eclipse.jdt.internal.ui.text.java.JavaReconcilingStrategy.reconcile(JavaReconcilingStrategy.java:132)
	at org.eclipse.jdt.internal.ui.text.java.JavaReconcilingStrategy$1.run(JavaReconcilingStrategy.java:94)
	at org.eclipse.core.runtime.SafeRunner.run(SafeRunner.java:45)
	at org.eclipse.jdt.internal.ui.text.java.JavaReconcilingStrategy.reconcile(JavaReconcilingStrategy.java:91)
	at org.eclipse.jdt.internal.ui.text.java.JavaReconcilingStrategy.reconcile(JavaReconcilingStrategy.java:158)
	at org.eclipse.jdt.internal.ui.text.CompositeReconcilingStrategy.reconcile(CompositeReconcilingStrategy.java:94)
	at org.eclipse.jdt.internal.ui.text.JavaCompositeReconcilingStrategy.reconcile(JavaCompositeReconcilingStrategy.java:107)
	at org.eclipse.jface.text.reconciler.MonoReconciler.process(MonoReconciler.java:78)
	at org.eclipse.jface.text.reconciler.AbstractReconciler$BackgroundThread.run(AbstractReconciler.java:207)

!ENTRY org.eclipse.jdt.ui 4 0 2025-04-01 21:56:24.071
!MESSAGE Error in JDT Core during reconcile
!STACK 0
java.lang.IllegalArgumentException
	at org.eclipse.jdt.core.dom.InfixExpression.setOperator(InfixExpression.java:383)
	at org.eclipse.jdt.core.dom.ASTConverter.convert(ASTConverter.java:880)
	at org.eclipse.jdt.core.dom.ASTConverter.convert(ASTConverter.java:2038)
	at org.eclipse.jdt.core.dom.ASTConverter.convertToParenthesizedExpression(ASTConverter.java:3882)
	at org.eclipse.jdt.core.dom.ASTConverter.convert(ASTConverter.java:1953)
	at org.eclipse.jdt.core.dom.ASTConverter.convert(ASTConverter.java:1204)
	at org.eclipse.jdt.core.dom.ASTConverter.convert(ASTConverter.java:1990)
	at org.eclipse.jdt.core.dom.ASTConverter.convert(ASTConverter.java:3124)
	at org.eclipse.jdt.core.dom.ASTConverter.convert(ASTConverter.java:2273)
	at org.eclipse.jdt.core.dom.ASTConverter.convert(ASTConverter.java:3066)
	at org.eclipse.jdt.core.dom.ASTConverter.convert(ASTConverter.java:1383)
	at org.eclipse.jdt.core.dom.ASTConverter.convert(ASTConverter.java:3042)
	at org.eclipse.jdt.core.dom.ASTConverter.convert(ASTConverter.java:2220)
	at org.eclipse.jdt.core.dom.ASTConverter.convert(ASTConverter.java:3063)
	at org.eclipse.jdt.core.dom.ASTConverter.convert(ASTConverter.java:751)
	at org.eclipse.jdt.core.dom.ASTConverter.buildBodyDeclarations(ASTConverter.java:208)
	at org.eclipse.jdt.core.dom.ASTConverter.convert(ASTConverter.java:3419)
	at org.eclipse.jdt.core.dom.ASTConverter.convert(ASTConverter.java:1534)
	at org.eclipse.jdt.core.dom.AST.convertCompilationUnit(AST.java:561)
	at org.eclipse.jdt.internal.core.CompilationUnit.buildStructure(CompilationUnit.java:201)
	at org.eclipse.jdt.internal.core.Openable.generateInfos(Openable.java:266)
	at org.eclipse.jdt.internal.core.JavaElement.openWhenClosed(JavaElement.java:597)
	at org.eclipse.jdt.internal.core.CompilationUnit.makeConsistent(CompilationUnit.java:1148)
	at org.eclipse.jdt.internal.core.ReconcileWorkingCopyOperation.makeConsistent(ReconcileWorkingCopyOperation.java:173)
	at org.eclipse.jdt.internal.core.ReconcileWorkingCopyOperation.executeOperation(ReconcileWorkingCopyOperation.java:94)
	at org.eclipse.jdt.internal.core.JavaModelOperation.run(JavaModelOperation.java:740)
	at org.eclipse.jdt.internal.core.JavaModelOperation.runOperation(JavaModelOperation.java:806)
	at org.eclipse.jdt.internal.core.CompilationUnit.reconcile(CompilationUnit.java:1325)
	at org.eclipse.jdt.internal.ui.text.java.JavaReconcilingStrategy.reconcile(JavaReconcilingStrategy.java:132)
	at org.eclipse.jdt.internal.ui.text.java.JavaReconcilingStrategy$1.run(JavaReconcilingStrategy.java:94)
	at org.eclipse.core.runtime.SafeRunner.run(SafeRunner.java:45)
	at org.eclipse.jdt.internal.ui.text.java.JavaReconcilingStrategy.reconcile(JavaReconcilingStrategy.java:91)
	at org.eclipse.jdt.internal.ui.text.java.JavaReconcilingStrategy.reconcile(JavaReconcilingStrategy.java:158)
	at org.eclipse.jdt.internal.ui.text.CompositeReconcilingStrategy.reconcile(CompositeReconcilingStrategy.java:94)
	at org.eclipse.jdt.internal.ui.text.JavaCompositeReconcilingStrategy.reconcile(JavaCompositeReconcilingStrategy.java:107)
	at org.eclipse.jface.text.reconciler.MonoReconciler.process(MonoReconciler.java:78)
	at org.eclipse.jface.text.reconciler.AbstractReconciler$BackgroundThread.run(AbstractReconciler.java:207)

!ENTRY org.eclipse.jdt.core 4 4 2025-04-01 21:56:24.077
!MESSAGE Exception occurred during compilation unit conversion:
----------------------------------- SOURCE BEGIN -------------------------------------
package _250401;

public class A_강조하기 {

	public static void main(String[] args) {
		// TODO Auto-generated method stub
		String myString = "abstract algebra";
//		String myString = "PrOgRaMmErS";
		String answer ="";
		
		
		
		for(int i =0; i<myString.length(); i++) {
			
			if(myString.charAt(i)=='a') {
				
				answer+= Character.toUpperCase(myString.charAt(i));
			}else(myString.charAt(i)!='A' && Character.isUpperCase(myString.charAt(i)) ) {
				answer+=  Character.toLowerCase(myString.charAt(i));
			}
							
		}
		
		
		
		//char배열로 생성후 풀이
//		char[] arr  = myString.toCharArray(); 
//		
//		for(int i =0; i<myString.length(); i++) {
//			
//			if(arr[i]=='a') {
//				
//				answer+= Character.toUpperCase(arr[i]);
//			}else {
//				answer+=  Character.toLowerCase(arr[i]);
//			}
//							
//		}
		System.out.println(answer);
	}

}

----------------------------------- SOURCE END -------------------------------------
!STACK 0
java.lang.IllegalArgumentException
	at org.eclipse.jdt.core.dom.InfixExpression.setOperator(InfixExpression.java:383)
	at org.eclipse.jdt.core.dom.ASTConverter.convert(ASTConverter.java:880)
	at org.eclipse.jdt.core.dom.ASTConverter.convert(ASTConverter.java:2038)
	at org.eclipse.jdt.core.dom.ASTConverter.convertToParenthesizedExpression(ASTConverter.java:3882)
	at org.eclipse.jdt.core.dom.ASTConverter.convert(ASTConverter.java:1953)
	at org.eclipse.jdt.core.dom.ASTConverter.convert(ASTConverter.java:1204)
	at org.eclipse.jdt.core.dom.ASTConverter.convert(ASTConverter.java:1990)
	at org.eclipse.jdt.core.dom.ASTConverter.convert(ASTConverter.java:3124)
	at org.eclipse.jdt.core.dom.ASTConverter.convert(ASTConverter.java:2273)
	at org.eclipse.jdt.core.dom.ASTConverter.convert(ASTConverter.java:3066)
	at org.eclipse.jdt.core.dom.ASTConverter.convert(ASTConverter.java:1383)
	at org.eclipse.jdt.core.dom.ASTConverter.convert(ASTConverter.java:3042)
	at org.eclipse.jdt.core.dom.ASTConverter.convert(ASTConverter.java:2220)
	at org.eclipse.jdt.core.dom.ASTConverter.convert(ASTConverter.java:3063)
	at org.eclipse.jdt.core.dom.ASTConverter.convert(ASTConverter.java:751)
	at org.eclipse.jdt.core.dom.ASTConverter.buildBodyDeclarations(ASTConverter.java:208)
	at org.eclipse.jdt.core.dom.ASTConverter.convert(ASTConverter.java:3419)
	at org.eclipse.jdt.core.dom.ASTConverter.convert(ASTConverter.java:1534)
	at org.eclipse.jdt.core.dom.CompilationUnitResolver.convert(CompilationUnitResolver.java:344)
	at org.eclipse.jdt.core.dom.ASTParser.internalCreateAST(ASTParser.java:1272)
	at org.eclipse.jdt.core.dom.ASTParser.createAST(ASTParser.java:868)
	at org.eclipse.jdt.core.manipulation.CoreASTProvider$1.run(CoreASTProvider.java:294)
	at org.eclipse.core.runtime.SafeRunner.run(SafeRunner.java:45)
	at org.eclipse.jdt.core.manipulation.CoreASTProvider.createAST(CoreASTProvider.java:286)
	at org.eclipse.jdt.core.manipulation.CoreASTProvider.getAST(CoreASTProvider.java:199)
	at org.eclipse.jdt.core.manipulation.CoreASTProvider.getAST(CoreASTProvider.java:189)
	at org.eclipse.jdt.core.manipulation.SharedASTProviderCore.getAST(SharedASTProviderCore.java:138)
	at org.eclipse.jdt.internal.ui.viewsupport.SelectionListenerWithASTManager$PartListenerGroup.calculateASTandInform(SelectionListenerWithASTManager.java:166)
	at org.eclipse.jdt.internal.ui.viewsupport.SelectionListenerWithASTManager$PartListenerGroup$1.run(SelectionListenerWithASTManager.java:151)
	at org.eclipse.core.internal.jobs.Worker.run(Worker.java:63)

!ENTRY org.eclipse.jdt.core.manipulation 4 2 2025-04-01 21:56:24.078
!MESSAGE Problems occurred when invoking code from plug-in: "org.eclipse.jdt.core.manipulation".
!STACK 0
java.lang.IllegalArgumentException
	at org.eclipse.jdt.core.dom.InfixExpression.setOperator(InfixExpression.java:383)
	at org.eclipse.jdt.core.dom.ASTConverter.convert(ASTConverter.java:880)
	at org.eclipse.jdt.core.dom.ASTConverter.convert(ASTConverter.java:2038)
	at org.eclipse.jdt.core.dom.ASTConverter.convertToParenthesizedExpression(ASTConverter.java:3882)
	at org.eclipse.jdt.core.dom.ASTConverter.convert(ASTConverter.java:1953)
	at org.eclipse.jdt.core.dom.ASTConverter.convert(ASTConverter.java:1204)
	at org.eclipse.jdt.core.dom.ASTConverter.convert(ASTConverter.java:1990)
	at org.eclipse.jdt.core.dom.ASTConverter.convert(ASTConverter.java:3124)
	at org.eclipse.jdt.core.dom.ASTConverter.convert(ASTConverter.java:2273)
	at org.eclipse.jdt.core.dom.ASTConverter.convert(ASTConverter.java:3066)
	at org.eclipse.jdt.core.dom.ASTConverter.convert(ASTConverter.java:1383)
	at org.eclipse.jdt.core.dom.ASTConverter.convert(ASTConverter.java:3042)
	at org.eclipse.jdt.core.dom.ASTConverter.convert(ASTConverter.java:2220)
	at org.eclipse.jdt.core.dom.ASTConverter.convert(ASTConverter.java:3063)
	at org.eclipse.jdt.core.dom.ASTConverter.convert(ASTConverter.java:751)
	at org.eclipse.jdt.core.dom.ASTConverter.buildBodyDeclarations(ASTConverter.java:208)
	at org.eclipse.jdt.core.dom.ASTConverter.convert(ASTConverter.java:3419)
	at org.eclipse.jdt.core.dom.ASTConverter.convert(ASTConverter.java:1534)
	at org.eclipse.jdt.core.dom.CompilationUnitResolver.convert(CompilationUnitResolver.java:344)
	at org.eclipse.jdt.core.dom.ASTParser.internalCreateAST(ASTParser.java:1272)
	at org.eclipse.jdt.core.dom.ASTParser.createAST(ASTParser.java:868)
	at org.eclipse.jdt.core.manipulation.CoreASTProvider$1.run(CoreASTProvider.java:294)
	at org.eclipse.core.runtime.SafeRunner.run(SafeRunner.java:45)
	at org.eclipse.jdt.core.manipulation.CoreASTProvider.createAST(CoreASTProvider.java:286)
	at org.eclipse.jdt.core.manipulation.CoreASTProvider.getAST(CoreASTProvider.java:199)
	at org.eclipse.jdt.core.manipulation.CoreASTProvider.getAST(CoreASTProvider.java:189)
	at org.eclipse.jdt.core.manipulation.SharedASTProviderCore.getAST(SharedASTProviderCore.java:138)
	at org.eclipse.jdt.internal.ui.viewsupport.SelectionListenerWithASTManager$PartListenerGroup.calculateASTandInform(SelectionListenerWithASTManager.java:166)
	at org.eclipse.jdt.internal.ui.viewsupport.SelectionListenerWithASTManager$PartListenerGroup$1.run(SelectionListenerWithASTManager.java:151)
	at org.eclipse.core.internal.jobs.Worker.run(Worker.java:63)

!ENTRY org.eclipse.jdt.core.manipulation 4 0 2025-04-01 21:56:24.078
!MESSAGE Error in JDT Core during AST creation
!STACK 0
java.lang.IllegalArgumentException
	at org.eclipse.jdt.core.dom.InfixExpression.setOperator(InfixExpression.java:383)
	at org.eclipse.jdt.core.dom.ASTConverter.convert(ASTConverter.java:880)
	at org.eclipse.jdt.core.dom.ASTConverter.convert(ASTConverter.java:2038)
	at org.eclipse.jdt.core.dom.ASTConverter.convertToParenthesizedExpression(ASTConverter.java:3882)
	at org.eclipse.jdt.core.dom.ASTConverter.convert(ASTConverter.java:1953)
	at org.eclipse.jdt.core.dom.ASTConverter.convert(ASTConverter.java:1204)
	at org.eclipse.jdt.core.dom.ASTConverter.convert(ASTConverter.java:1990)
	at org.eclipse.jdt.core.dom.ASTConverter.convert(ASTConverter.java:3124)
	at org.eclipse.jdt.core.dom.ASTConverter.convert(ASTConverter.java:2273)
	at org.eclipse.jdt.core.dom.ASTConverter.convert(ASTConverter.java:3066)
	at org.eclipse.jdt.core.dom.ASTConverter.convert(ASTConverter.java:1383)
	at org.eclipse.jdt.core.dom.ASTConverter.convert(ASTConverter.java:3042)
	at org.eclipse.jdt.core.dom.ASTConverter.convert(ASTConverter.java:2220)
	at org.eclipse.jdt.core.dom.ASTConverter.convert(ASTConverter.java:3063)
	at org.eclipse.jdt.core.dom.ASTConverter.convert(ASTConverter.java:751)
	at org.eclipse.jdt.core.dom.ASTConverter.buildBodyDeclarations(ASTConverter.java:208)
	at org.eclipse.jdt.core.dom.ASTConverter.convert(ASTConverter.java:3419)
	at org.eclipse.jdt.core.dom.ASTConverter.convert(ASTConverter.java:1534)
	at org.eclipse.jdt.core.dom.CompilationUnitResolver.convert(CompilationUnitResolver.java:344)
	at org.eclipse.jdt.core.dom.ASTParser.internalCreateAST(ASTParser.java:1272)
	at org.eclipse.jdt.core.dom.ASTParser.createAST(ASTParser.java:868)
	at org.eclipse.jdt.core.manipulation.CoreASTProvider$1.run(CoreASTProvider.java:294)
	at org.eclipse.core.runtime.SafeRunner.run(SafeRunner.java:45)
	at org.eclipse.jdt.core.manipulation.CoreASTProvider.createAST(CoreASTProvider.java:286)
	at org.eclipse.jdt.core.manipulation.CoreASTProvider.getAST(CoreASTProvider.java:199)
	at org.eclipse.jdt.core.manipulation.CoreASTProvider.getAST(CoreASTProvider.java:189)
	at org.eclipse.jdt.core.manipulation.SharedASTProviderCore.getAST(SharedASTProviderCore.java:138)
	at org.eclipse.jdt.internal.ui.viewsupport.SelectionListenerWithASTManager$PartListenerGroup.calculateASTandInform(SelectionListenerWithASTManager.java:166)
	at org.eclipse.jdt.internal.ui.viewsupport.SelectionListenerWithASTManager$PartListenerGroup$1.run(SelectionListenerWithASTManager.java:151)
	at org.eclipse.core.internal.jobs.Worker.run(Worker.java:63)

!ENTRY org.eclipse.jdt.core 4 4 2025-04-01 21:56:27.700
!MESSAGE Exception occurred during compilation unit conversion:
----------------------------------- SOURCE BEGIN -------------------------------------
package _250401;

public class A_강조하기 {

	public static void main(String[] args) {
		// TODO Auto-generated method stub
		String myString = "abstract algebra";
//		String myString = "PrOgRaMmErS";
		String answer ="";
		
		
		
		for(int i =0; i<myString.length(); i++) {
			
			if(myString.charAt(i)=='a') {
				
				answer+= Character.toUpperCase(myString.charAt(i));
			}else(myString.charAt(i)!='A' && Character.isUpperCase(myString.charAt(i)) ) {
				answer+=  Character.toLowerCase(myString.charAt(i));
			}
							
		}
		
		
		
		//char배열로 생성후 풀이
//		char[] arr  = myString.toCharArray(); 
//		
//		for(int i =0; i<myString.length(); i++) {
//			
//			if(arr[i]=='a') {
//				
//				answer+= Character.toUpperCase(arr[i]);
//			}else {
//				answer+=  Character.toLowerCase(arr[i]);
//			}
//							
//		}
		System.out.println(answer);
	}

}

----------------------------------- SOURCE END -------------------------------------
!STACK 0
java.lang.IllegalArgumentException
	at org.eclipse.jdt.core.dom.InfixExpression.setOperator(InfixExpression.java:383)
	at org.eclipse.jdt.core.dom.ASTConverter.convert(ASTConverter.java:880)
	at org.eclipse.jdt.core.dom.ASTConverter.convert(ASTConverter.java:2038)
	at org.eclipse.jdt.core.dom.ASTConverter.convertToParenthesizedExpression(ASTConverter.java:3882)
	at org.eclipse.jdt.core.dom.ASTConverter.convert(ASTConverter.java:1953)
	at org.eclipse.jdt.core.dom.ASTConverter.convert(ASTConverter.java:1204)
	at org.eclipse.jdt.core.dom.ASTConverter.convert(ASTConverter.java:1990)
	at org.eclipse.jdt.core.dom.ASTConverter.convert(ASTConverter.java:3124)
	at org.eclipse.jdt.core.dom.ASTConverter.convert(ASTConverter.java:2273)
	at org.eclipse.jdt.core.dom.ASTConverter.convert(ASTConverter.java:3066)
	at org.eclipse.jdt.core.dom.ASTConverter.convert(ASTConverter.java:1383)
	at org.eclipse.jdt.core.dom.ASTConverter.convert(ASTConverter.java:3042)
	at org.eclipse.jdt.core.dom.ASTConverter.convert(ASTConverter.java:2220)
	at org.eclipse.jdt.core.dom.ASTConverter.convert(ASTConverter.java:3063)
	at org.eclipse.jdt.core.dom.ASTConverter.convert(ASTConverter.java:751)
	at org.eclipse.jdt.core.dom.ASTConverter.buildBodyDeclarations(ASTConverter.java:208)
	at org.eclipse.jdt.core.dom.ASTConverter.convert(ASTConverter.java:3419)
	at org.eclipse.jdt.core.dom.ASTConverter.convert(ASTConverter.java:1534)
	at org.eclipse.jdt.core.dom.CompilationUnitResolver.convert(CompilationUnitResolver.java:344)
	at org.eclipse.jdt.core.dom.ASTParser.internalCreateAST(ASTParser.java:1272)
	at org.eclipse.jdt.core.dom.ASTParser.createAST(ASTParser.java:868)
	at org.eclipse.jdt.core.manipulation.CoreASTProvider$1.run(CoreASTProvider.java:294)
	at org.eclipse.core.runtime.SafeRunner.run(SafeRunner.java:45)
	at org.eclipse.jdt.core.manipulation.CoreASTProvider.createAST(CoreASTProvider.java:286)
	at org.eclipse.jdt.core.manipulation.CoreASTProvider.getAST(CoreASTProvider.java:199)
	at org.eclipse.jdt.core.manipulation.SharedASTProviderCore.getAST(SharedASTProviderCore.java:138)
	at org.eclipse.jdt.internal.ui.text.java.hover.JavadocHover.getHoveredASTNode(JavadocHover.java:1003)
	at org.eclipse.jdt.internal.ui.text.java.hover.JavadocHover.getInfoText(JavadocHover.java:799)
	at org.eclipse.jdt.internal.ui.text.java.hover.JavadocHover.getHoverInfo(JavadocHover.java:743)
	at org.eclipse.jdt.internal.ui.text.java.hover.JavadocHover.internalGetHoverInfo(JavadocHover.java:666)
	at org.eclipse.jdt.internal.ui.text.java.hover.JavadocHover.getHoverInfo2(JavadocHover.java:658)
	at org.eclipse.lsp4e.jdt.LSJavaHoverProvider.lambda$0(LSJavaHoverProvider.java:63)
	at java.base/java.util.concurrent.CompletableFuture$AsyncRun.run(CompletableFuture.java:1804)
	at java.base/java.util.concurrent.CompletableFuture$AsyncRun.exec(CompletableFuture.java:1796)
	at java.base/java.util.concurrent.ForkJoinTask.doExec(ForkJoinTask.java:373)
	at java.base/java.util.concurrent.ForkJoinPool$WorkQueue.topLevelExec(ForkJoinPool.java:1182)
	at java.base/java.util.concurrent.ForkJoinPool.scan(ForkJoinPool.java:1655)
	at java.base/java.util.concurrent.ForkJoinPool.runWorker(ForkJoinPool.java:1622)
	at java.base/java.util.concurrent.ForkJoinWorkerThread.run(ForkJoinWorkerThread.java:165)

!ENTRY org.eclipse.jdt.core.manipulation 4 2 2025-04-01 21:56:27.701
!MESSAGE Problems occurred when invoking code from plug-in: "org.eclipse.jdt.core.manipulation".
!STACK 0
java.lang.IllegalArgumentException
	at org.eclipse.jdt.core.dom.InfixExpression.setOperator(InfixExpression.java:383)
	at org.eclipse.jdt.core.dom.ASTConverter.convert(ASTConverter.java:880)
	at org.eclipse.jdt.core.dom.ASTConverter.convert(ASTConverter.java:2038)
	at org.eclipse.jdt.core.dom.ASTConverter.convertToParenthesizedExpression(ASTConverter.java:3882)
	at org.eclipse.jdt.core.dom.ASTConverter.convert(ASTConverter.java:1953)
	at org.eclipse.jdt.core.dom.ASTConverter.convert(ASTConverter.java:1204)
	at org.eclipse.jdt.core.dom.ASTConverter.convert(ASTConverter.java:1990)
	at org.eclipse.jdt.core.dom.ASTConverter.convert(ASTConverter.java:3124)
	at org.eclipse.jdt.core.dom.ASTConverter.convert(ASTConverter.java:2273)
	at org.eclipse.jdt.core.dom.ASTConverter.convert(ASTConverter.java:3066)
	at org.eclipse.jdt.core.dom.ASTConverter.convert(ASTConverter.java:1383)
	at org.eclipse.jdt.core.dom.ASTConverter.convert(ASTConverter.java:3042)
	at org.eclipse.jdt.core.dom.ASTConverter.convert(ASTConverter.java:2220)
	at org.eclipse.jdt.core.dom.ASTConverter.convert(ASTConverter.java:3063)
	at org.eclipse.jdt.core.dom.ASTConverter.convert(ASTConverter.java:751)
	at org.eclipse.jdt.core.dom.ASTConverter.buildBodyDeclarations(ASTConverter.java:208)
	at org.eclipse.jdt.core.dom.ASTConverter.convert(ASTConverter.java:3419)
	at org.eclipse.jdt.core.dom.ASTConverter.convert(ASTConverter.java:1534)
	at org.eclipse.jdt.core.dom.CompilationUnitResolver.convert(CompilationUnitResolver.java:344)
	at org.eclipse.jdt.core.dom.ASTParser.internalCreateAST(ASTParser.java:1272)
	at org.eclipse.jdt.core.dom.ASTParser.createAST(ASTParser.java:868)
	at org.eclipse.jdt.core.manipulation.CoreASTProvider$1.run(CoreASTProvider.java:294)
	at org.eclipse.core.runtime.SafeRunner.run(SafeRunner.java:45)
	at org.eclipse.jdt.core.manipulation.CoreASTProvider.createAST(CoreASTProvider.java:286)
	at org.eclipse.jdt.core.manipulation.CoreASTProvider.getAST(CoreASTProvider.java:199)
	at org.eclipse.jdt.core.manipulation.SharedASTProviderCore.getAST(SharedASTProviderCore.java:138)
	at org.eclipse.jdt.internal.ui.text.java.hover.JavadocHover.getHoveredASTNode(JavadocHover.java:1003)
	at org.eclipse.jdt.internal.ui.text.java.hover.JavadocHover.getInfoText(JavadocHover.java:799)
	at org.eclipse.jdt.internal.ui.text.java.hover.JavadocHover.getHoverInfo(JavadocHover.java:743)
	at org.eclipse.jdt.internal.ui.text.java.hover.JavadocHover.internalGetHoverInfo(JavadocHover.java:666)
	at org.eclipse.jdt.internal.ui.text.java.hover.JavadocHover.getHoverInfo2(JavadocHover.java:658)
	at org.eclipse.lsp4e.jdt.LSJavaHoverProvider.lambda$0(LSJavaHoverProvider.java:63)
	at java.base/java.util.concurrent.CompletableFuture$AsyncRun.run(CompletableFuture.java:1804)
	at java.base/java.util.concurrent.CompletableFuture$AsyncRun.exec(CompletableFuture.java:1796)
	at java.base/java.util.concurrent.ForkJoinTask.doExec(ForkJoinTask.java:373)
	at java.base/java.util.concurrent.ForkJoinPool$WorkQueue.topLevelExec(ForkJoinPool.java:1182)
	at java.base/java.util.concurrent.ForkJoinPool.scan(ForkJoinPool.java:1655)
	at java.base/java.util.concurrent.ForkJoinPool.runWorker(ForkJoinPool.java:1622)
	at java.base/java.util.concurrent.ForkJoinWorkerThread.run(ForkJoinWorkerThread.java:165)

!ENTRY org.eclipse.jdt.core.manipulation 4 0 2025-04-01 21:56:27.703
!MESSAGE Error in JDT Core during AST creation
!STACK 0
java.lang.IllegalArgumentException
	at org.eclipse.jdt.core.dom.InfixExpression.setOperator(InfixExpression.java:383)
	at org.eclipse.jdt.core.dom.ASTConverter.convert(ASTConverter.java:880)
	at org.eclipse.jdt.core.dom.ASTConverter.convert(ASTConverter.java:2038)
	at org.eclipse.jdt.core.dom.ASTConverter.convertToParenthesizedExpression(ASTConverter.java:3882)
	at org.eclipse.jdt.core.dom.ASTConverter.convert(ASTConverter.java:1953)
	at org.eclipse.jdt.core.dom.ASTConverter.convert(ASTConverter.java:1204)
	at org.eclipse.jdt.core.dom.ASTConverter.convert(ASTConverter.java:1990)
	at org.eclipse.jdt.core.dom.ASTConverter.convert(ASTConverter.java:3124)
	at org.eclipse.jdt.core.dom.ASTConverter.convert(ASTConverter.java:2273)
	at org.eclipse.jdt.core.dom.ASTConverter.convert(ASTConverter.java:3066)
	at org.eclipse.jdt.core.dom.ASTConverter.convert(ASTConverter.java:1383)
	at org.eclipse.jdt.core.dom.ASTConverter.convert(ASTConverter.java:3042)
	at org.eclipse.jdt.core.dom.ASTConverter.convert(ASTConverter.java:2220)
	at org.eclipse.jdt.core.dom.ASTConverter.convert(ASTConverter.java:3063)
	at org.eclipse.jdt.core.dom.ASTConverter.convert(ASTConverter.java:751)
	at org.eclipse.jdt.core.dom.ASTConverter.buildBodyDeclarations(ASTConverter.java:208)
	at org.eclipse.jdt.core.dom.ASTConverter.convert(ASTConverter.java:3419)
	at org.eclipse.jdt.core.dom.ASTConverter.convert(ASTConverter.java:1534)
	at org.eclipse.jdt.core.dom.CompilationUnitResolver.convert(CompilationUnitResolver.java:344)
	at org.eclipse.jdt.core.dom.ASTParser.internalCreateAST(ASTParser.java:1272)
	at org.eclipse.jdt.core.dom.ASTParser.createAST(ASTParser.java:868)
	at org.eclipse.jdt.core.manipulation.CoreASTProvider$1.run(CoreASTProvider.java:294)
	at org.eclipse.core.runtime.SafeRunner.run(SafeRunner.java:45)
	at org.eclipse.jdt.core.manipulation.CoreASTProvider.createAST(CoreASTProvider.java:286)
	at org.eclipse.jdt.core.manipulation.CoreASTProvider.getAST(CoreASTProvider.java:199)
	at org.eclipse.jdt.core.manipulation.SharedASTProviderCore.getAST(SharedASTProviderCore.java:138)
	at org.eclipse.jdt.internal.ui.text.java.hover.JavadocHover.getHoveredASTNode(JavadocHover.java:1003)
	at org.eclipse.jdt.internal.ui.text.java.hover.JavadocHover.getInfoText(JavadocHover.java:799)
	at org.eclipse.jdt.internal.ui.text.java.hover.JavadocHover.getHoverInfo(JavadocHover.java:743)
	at org.eclipse.jdt.internal.ui.text.java.hover.JavadocHover.internalGetHoverInfo(JavadocHover.java:666)
	at org.eclipse.jdt.internal.ui.text.java.hover.JavadocHover.getHoverInfo2(JavadocHover.java:658)
	at org.eclipse.lsp4e.jdt.LSJavaHoverProvider.lambda$0(LSJavaHoverProvider.java:63)
	at java.base/java.util.concurrent.CompletableFuture$AsyncRun.run(CompletableFuture.java:1804)
	at java.base/java.util.concurrent.CompletableFuture$AsyncRun.exec(CompletableFuture.java:1796)
	at java.base/java.util.concurrent.ForkJoinTask.doExec(ForkJoinTask.java:373)
	at java.base/java.util.concurrent.ForkJoinPool$WorkQueue.topLevelExec(ForkJoinPool.java:1182)
	at java.base/java.util.concurrent.ForkJoinPool.scan(ForkJoinPool.java:1655)
	at java.base/java.util.concurrent.ForkJoinPool.runWorker(ForkJoinPool.java:1622)
	at java.base/java.util.concurrent.ForkJoinWorkerThread.run(ForkJoinWorkerThread.java:165)

!ENTRY org.eclipse.jdt.core 4 4 2025-04-01 21:56:27.709
!MESSAGE Exception occurred during compilation unit conversion:
----------------------------------- SOURCE BEGIN -------------------------------------
package _250401;

public class A_강조하기 {

	public static void main(String[] args) {
		// TODO Auto-generated method stub
		String myString = "abstract algebra";
//		String myString = "PrOgRaMmErS";
		String answer ="";
		
		
		
		for(int i =0; i<myString.length(); i++) {
			
			if(myString.charAt(i)=='a') {
				
				answer+= Character.toUpperCase(myString.charAt(i));
			}else(myString.charAt(i)!='A' && Character.isUpperCase(myString.charAt(i)) ) {
				answer+=  Character.toLowerCase(myString.charAt(i));
			}
							
		}
		
		
		
		//char배열로 생성후 풀이
//		char[] arr  = myString.toCharArray(); 
//		
//		for(int i =0; i<myString.length(); i++) {
//			
//			if(arr[i]=='a') {
//				
//				answer+= Character.toUpperCase(arr[i]);
//			}else {
//				answer+=  Character.toLowerCase(arr[i]);
//			}
//							
//		}
		System.out.println(answer);
	}

}

----------------------------------- SOURCE END -------------------------------------
!STACK 0
java.lang.IllegalArgumentException
	at org.eclipse.jdt.core.dom.InfixExpression.setOperator(InfixExpression.java:383)
	at org.eclipse.jdt.core.dom.ASTConverter.convert(ASTConverter.java:880)
	at org.eclipse.jdt.core.dom.ASTConverter.convert(ASTConverter.java:2038)
	at org.eclipse.jdt.core.dom.ASTConverter.convertToParenthesizedExpression(ASTConverter.java:3882)
	at org.eclipse.jdt.core.dom.ASTConverter.convert(ASTConverter.java:1953)
	at org.eclipse.jdt.core.dom.ASTConverter.convert(ASTConverter.java:1204)
	at org.eclipse.jdt.core.dom.ASTConverter.convert(ASTConverter.java:1990)
	at org.eclipse.jdt.core.dom.ASTConverter.convert(ASTConverter.java:3124)
	at org.eclipse.jdt.core.dom.ASTConverter.convert(ASTConverter.java:2273)
	at org.eclipse.jdt.core.dom.ASTConverter.convert(ASTConverter.java:3066)
	at org.eclipse.jdt.core.dom.ASTConverter.convert(ASTConverter.java:1383)
	at org.eclipse.jdt.core.dom.ASTConverter.convert(ASTConverter.java:3042)
	at org.eclipse.jdt.core.dom.ASTConverter.convert(ASTConverter.java:2220)
	at org.eclipse.jdt.core.dom.ASTConverter.convert(ASTConverter.java:3063)
	at org.eclipse.jdt.core.dom.ASTConverter.convert(ASTConverter.java:751)
	at org.eclipse.jdt.core.dom.ASTConverter.buildBodyDeclarations(ASTConverter.java:208)
	at org.eclipse.jdt.core.dom.ASTConverter.convert(ASTConverter.java:3419)
	at org.eclipse.jdt.core.dom.ASTConverter.convert(ASTConverter.java:1534)
	at org.eclipse.jdt.core.dom.CompilationUnitResolver.convert(CompilationUnitResolver.java:344)
	at org.eclipse.jdt.core.dom.ASTParser.internalCreateAST(ASTParser.java:1272)
	at org.eclipse.jdt.core.dom.ASTParser.createAST(ASTParser.java:868)
	at org.eclipse.jdt.core.manipulation.CoreASTProvider$1.run(CoreASTProvider.java:294)
	at org.eclipse.core.runtime.SafeRunner.run(SafeRunner.java:45)
	at org.eclipse.jdt.core.manipulation.CoreASTProvider.createAST(CoreASTProvider.java:286)
	at org.eclipse.jdt.core.manipulation.CoreASTProvider.getAST(CoreASTProvider.java:199)
	at org.eclipse.jdt.core.manipulation.SharedASTProviderCore.getAST(SharedASTProviderCore.java:138)
	at org.eclipse.jdt.internal.ui.text.java.hover.NLSStringHover.internalGetHoverInfo(NLSStringHover.java:141)
	at org.eclipse.jdt.internal.ui.text.java.hover.NLSStringHover.getHoverInfo2(NLSStringHover.java:120)
	at org.eclipse.jdt.internal.ui.text.java.hover.BestMatchHover.getHoverInfo2(BestMatchHover.java:163)
	at org.eclipse.jdt.internal.ui.text.java.hover.BestMatchHover.getHoverInfo2(BestMatchHover.java:130)
	at org.eclipse.jdt.internal.ui.text.java.hover.JavaEditorTextHoverProxy.getHoverInfo2(JavaEditorTextHoverProxy.java:89)
	at org.eclipse.jface.text.TextViewerHoverManager$1.run(TextViewerHoverManager.java:155)

!ENTRY org.eclipse.jdt.core.manipulation 4 2 2025-04-01 21:56:27.710
!MESSAGE Problems occurred when invoking code from plug-in: "org.eclipse.jdt.core.manipulation".
!STACK 0
java.lang.IllegalArgumentException
	at org.eclipse.jdt.core.dom.InfixExpression.setOperator(InfixExpression.java:383)
	at org.eclipse.jdt.core.dom.ASTConverter.convert(ASTConverter.java:880)
	at org.eclipse.jdt.core.dom.ASTConverter.convert(ASTConverter.java:2038)
	at org.eclipse.jdt.core.dom.ASTConverter.convertToParenthesizedExpression(ASTConverter.java:3882)
	at org.eclipse.jdt.core.dom.ASTConverter.convert(ASTConverter.java:1953)
	at org.eclipse.jdt.core.dom.ASTConverter.convert(ASTConverter.java:1204)
	at org.eclipse.jdt.core.dom.ASTConverter.convert(ASTConverter.java:1990)
	at org.eclipse.jdt.core.dom.ASTConverter.convert(ASTConverter.java:3124)
	at org.eclipse.jdt.core.dom.ASTConverter.convert(ASTConverter.java:2273)
	at org.eclipse.jdt.core.dom.ASTConverter.convert(ASTConverter.java:3066)
	at org.eclipse.jdt.core.dom.ASTConverter.convert(ASTConverter.java:1383)
	at org.eclipse.jdt.core.dom.ASTConverter.convert(ASTConverter.java:3042)
	at org.eclipse.jdt.core.dom.ASTConverter.convert(ASTConverter.java:2220)
	at org.eclipse.jdt.core.dom.ASTConverter.convert(ASTConverter.java:3063)
	at org.eclipse.jdt.core.dom.ASTConverter.convert(ASTConverter.java:751)
	at org.eclipse.jdt.core.dom.ASTConverter.buildBodyDeclarations(ASTConverter.java:208)
	at org.eclipse.jdt.core.dom.ASTConverter.convert(ASTConverter.java:3419)
	at org.eclipse.jdt.core.dom.ASTConverter.convert(ASTConverter.java:1534)
	at org.eclipse.jdt.core.dom.CompilationUnitResolver.convert(CompilationUnitResolver.java:344)
	at org.eclipse.jdt.core.dom.ASTParser.internalCreateAST(ASTParser.java:1272)
	at org.eclipse.jdt.core.dom.ASTParser.createAST(ASTParser.java:868)
	at org.eclipse.jdt.core.manipulation.CoreASTProvider$1.run(CoreASTProvider.java:294)
	at org.eclipse.core.runtime.SafeRunner.run(SafeRunner.java:45)
	at org.eclipse.jdt.core.manipulation.CoreASTProvider.createAST(CoreASTProvider.java:286)
	at org.eclipse.jdt.core.manipulation.CoreASTProvider.getAST(CoreASTProvider.java:199)
	at org.eclipse.jdt.core.manipulation.SharedASTProviderCore.getAST(SharedASTProviderCore.java:138)
	at org.eclipse.jdt.internal.ui.text.java.hover.NLSStringHover.internalGetHoverInfo(NLSStringHover.java:141)
	at org.eclipse.jdt.internal.ui.text.java.hover.NLSStringHover.getHoverInfo2(NLSStringHover.java:120)
	at org.eclipse.jdt.internal.ui.text.java.hover.BestMatchHover.getHoverInfo2(BestMatchHover.java:163)
	at org.eclipse.jdt.internal.ui.text.java.hover.BestMatchHover.getHoverInfo2(BestMatchHover.java:130)
	at org.eclipse.jdt.internal.ui.text.java.hover.JavaEditorTextHoverProxy.getHoverInfo2(JavaEditorTextHoverProxy.java:89)
	at org.eclipse.jface.text.TextViewerHoverManager$1.run(TextViewerHoverManager.java:155)

!ENTRY org.eclipse.jdt.core.manipulation 4 0 2025-04-01 21:56:27.711
!MESSAGE Error in JDT Core during AST creation
!STACK 0
java.lang.IllegalArgumentException
	at org.eclipse.jdt.core.dom.InfixExpression.setOperator(InfixExpression.java:383)
	at org.eclipse.jdt.core.dom.ASTConverter.convert(ASTConverter.java:880)
	at org.eclipse.jdt.core.dom.ASTConverter.convert(ASTConverter.java:2038)
	at org.eclipse.jdt.core.dom.ASTConverter.convertToParenthesizedExpression(ASTConverter.java:3882)
	at org.eclipse.jdt.core.dom.ASTConverter.convert(ASTConverter.java:1953)
	at org.eclipse.jdt.core.dom.ASTConverter.convert(ASTConverter.java:1204)
	at org.eclipse.jdt.core.dom.ASTConverter.convert(ASTConverter.java:1990)
	at org.eclipse.jdt.core.dom.ASTConverter.convert(ASTConverter.java:3124)
	at org.eclipse.jdt.core.dom.ASTConverter.convert(ASTConverter.java:2273)
	at org.eclipse.jdt.core.dom.ASTConverter.convert(ASTConverter.java:3066)
	at org.eclipse.jdt.core.dom.ASTConverter.convert(ASTConverter.java:1383)
	at org.eclipse.jdt.core.dom.ASTConverter.convert(ASTConverter.java:3042)
	at org.eclipse.jdt.core.dom.ASTConverter.convert(ASTConverter.java:2220)
	at org.eclipse.jdt.core.dom.ASTConverter.convert(ASTConverter.java:3063)
	at org.eclipse.jdt.core.dom.ASTConverter.convert(ASTConverter.java:751)
	at org.eclipse.jdt.core.dom.ASTConverter.buildBodyDeclarations(ASTConverter.java:208)
	at org.eclipse.jdt.core.dom.ASTConverter.convert(ASTConverter.java:3419)
	at org.eclipse.jdt.core.dom.ASTConverter.convert(ASTConverter.java:1534)
	at org.eclipse.jdt.core.dom.CompilationUnitResolver.convert(CompilationUnitResolver.java:344)
	at org.eclipse.jdt.core.dom.ASTParser.internalCreateAST(ASTParser.java:1272)
	at org.eclipse.jdt.core.dom.ASTParser.createAST(ASTParser.java:868)
	at org.eclipse.jdt.core.manipulation.CoreASTProvider$1.run(CoreASTProvider.java:294)
	at org.eclipse.core.runtime.SafeRunner.run(SafeRunner.java:45)
	at org.eclipse.jdt.core.manipulation.CoreASTProvider.createAST(CoreASTProvider.java:286)
	at org.eclipse.jdt.core.manipulation.CoreASTProvider.getAST(CoreASTProvider.java:199)
	at org.eclipse.jdt.core.manipulation.SharedASTProviderCore.getAST(SharedASTProviderCore.java:138)
	at org.eclipse.jdt.internal.ui.text.java.hover.NLSStringHover.internalGetHoverInfo(NLSStringHover.java:141)
	at org.eclipse.jdt.internal.ui.text.java.hover.NLSStringHover.getHoverInfo2(NLSStringHover.java:120)
	at org.eclipse.jdt.internal.ui.text.java.hover.BestMatchHover.getHoverInfo2(BestMatchHover.java:163)
	at org.eclipse.jdt.internal.ui.text.java.hover.BestMatchHover.getHoverInfo2(BestMatchHover.java:130)
	at org.eclipse.jdt.internal.ui.text.java.hover.JavaEditorTextHoverProxy.getHoverInfo2(JavaEditorTextHoverProxy.java:89)
	at org.eclipse.jface.text.TextViewerHoverManager$1.run(TextViewerHoverManager.java:155)

!ENTRY org.eclipse.jdt.core 4 4 2025-04-01 21:56:27.717
!MESSAGE Exception occurred during compilation unit conversion:
----------------------------------- SOURCE BEGIN -------------------------------------
package _250401;

public class A_강조하기 {

	public static void main(String[] args) {
		// TODO Auto-generated method stub
		String myString = "abstract algebra";
//		String myString = "PrOgRaMmErS";
		String answer ="";
		
		
		
		for(int i =0; i<myString.length(); i++) {
			
			if(myString.charAt(i)=='a') {
				
				answer+= Character.toUpperCase(myString.charAt(i));
			}else(myString.charAt(i)!='A' && Character.isUpperCase(myString.charAt(i)) ) {
				answer+=  Character.toLowerCase(myString.charAt(i));
			}
							
		}
		
		
		
		//char배열로 생성후 풀이
//		char[] arr  = myString.toCharArray(); 
//		
//		for(int i =0; i<myString.length(); i++) {
//			
//			if(arr[i]=='a') {
//				
//				answer+= Character.toUpperCase(arr[i]);
//			}else {
//				answer+=  Character.toLowerCase(arr[i]);
//			}
//							
//		}
		System.out.println(answer);
	}

}

----------------------------------- SOURCE END -------------------------------------
!STACK 0
java.lang.IllegalArgumentException
	at org.eclipse.jdt.core.dom.InfixExpression.setOperator(InfixExpression.java:383)
	at org.eclipse.jdt.core.dom.ASTConverter.convert(ASTConverter.java:880)
	at org.eclipse.jdt.core.dom.ASTConverter.convert(ASTConverter.java:2038)
	at org.eclipse.jdt.core.dom.ASTConverter.convertToParenthesizedExpression(ASTConverter.java:3882)
	at org.eclipse.jdt.core.dom.ASTConverter.convert(ASTConverter.java:1953)
	at org.eclipse.jdt.core.dom.ASTConverter.convert(ASTConverter.java:1204)
	at org.eclipse.jdt.core.dom.ASTConverter.convert(ASTConverter.java:1990)
	at org.eclipse.jdt.core.dom.ASTConverter.convert(ASTConverter.java:3124)
	at org.eclipse.jdt.core.dom.ASTConverter.convert(ASTConverter.java:2273)
	at org.eclipse.jdt.core.dom.ASTConverter.convert(ASTConverter.java:3066)
	at org.eclipse.jdt.core.dom.ASTConverter.convert(ASTConverter.java:1383)
	at org.eclipse.jdt.core.dom.ASTConverter.convert(ASTConverter.java:3042)
	at org.eclipse.jdt.core.dom.ASTConverter.convert(ASTConverter.java:2220)
	at org.eclipse.jdt.core.dom.ASTConverter.convert(ASTConverter.java:3063)
	at org.eclipse.jdt.core.dom.ASTConverter.convert(ASTConverter.java:751)
	at org.eclipse.jdt.core.dom.ASTConverter.buildBodyDeclarations(ASTConverter.java:208)
	at org.eclipse.jdt.core.dom.ASTConverter.convert(ASTConverter.java:3419)
	at org.eclipse.jdt.core.dom.ASTConverter.convert(ASTConverter.java:1534)
	at org.eclipse.jdt.core.dom.CompilationUnitResolver.convert(CompilationUnitResolver.java:344)
	at org.eclipse.jdt.core.dom.ASTParser.internalCreateAST(ASTParser.java:1272)
	at org.eclipse.jdt.core.dom.ASTParser.createAST(ASTParser.java:868)
	at org.eclipse.jdt.core.manipulation.CoreASTProvider$1.run(CoreASTProvider.java:294)
	at org.eclipse.core.runtime.SafeRunner.run(SafeRunner.java:45)
	at org.eclipse.jdt.core.manipulation.CoreASTProvider.createAST(CoreASTProvider.java:286)
	at org.eclipse.jdt.core.manipulation.CoreASTProvider.getAST(CoreASTProvider.java:199)
	at org.eclipse.jdt.core.manipulation.SharedASTProviderCore.getAST(SharedASTProviderCore.java:138)
	at org.eclipse.jdt.internal.ui.text.java.hover.JavadocHover.getHoveredASTNode(JavadocHover.java:1003)
	at org.eclipse.jdt.internal.ui.text.java.hover.JavadocHover.getInfoText(JavadocHover.java:799)
	at org.eclipse.jdt.internal.ui.text.java.hover.JavadocHover.getHoverInfo(JavadocHover.java:743)
	at org.eclipse.jdt.internal.ui.text.java.hover.JavadocHover.internalGetHoverInfo(JavadocHover.java:666)
	at org.eclipse.jdt.internal.ui.text.java.hover.JavadocHover.getHoverInfo2(JavadocHover.java:658)
	at org.eclipse.jdt.internal.ui.text.java.hover.BestMatchHover.getHoverInfo2(BestMatchHover.java:163)
	at org.eclipse.jdt.internal.ui.text.java.hover.BestMatchHover.getHoverInfo2(BestMatchHover.java:130)
	at org.eclipse.jdt.internal.ui.text.java.hover.JavaEditorTextHoverProxy.getHoverInfo2(JavaEditorTextHoverProxy.java:89)
	at org.eclipse.jface.text.TextViewerHoverManager$1.run(TextViewerHoverManager.java:155)

!ENTRY org.eclipse.jdt.core.manipulation 4 2 2025-04-01 21:56:27.718
!MESSAGE Problems occurred when invoking code from plug-in: "org.eclipse.jdt.core.manipulation".
!STACK 0
java.lang.IllegalArgumentException
	at org.eclipse.jdt.core.dom.InfixExpression.setOperator(InfixExpression.java:383)
	at org.eclipse.jdt.core.dom.ASTConverter.convert(ASTConverter.java:880)
	at org.eclipse.jdt.core.dom.ASTConverter.convert(ASTConverter.java:2038)
	at org.eclipse.jdt.core.dom.ASTConverter.convertToParenthesizedExpression(ASTConverter.java:3882)
	at org.eclipse.jdt.core.dom.ASTConverter.convert(ASTConverter.java:1953)
	at org.eclipse.jdt.core.dom.ASTConverter.convert(ASTConverter.java:1204)
	at org.eclipse.jdt.core.dom.ASTConverter.convert(ASTConverter.java:1990)
	at org.eclipse.jdt.core.dom.ASTConverter.convert(ASTConverter.java:3124)
	at org.eclipse.jdt.core.dom.ASTConverter.convert(ASTConverter.java:2273)
	at org.eclipse.jdt.core.dom.ASTConverter.convert(ASTConverter.java:3066)
	at org.eclipse.jdt.core.dom.ASTConverter.convert(ASTConverter.java:1383)
	at org.eclipse.jdt.core.dom.ASTConverter.convert(ASTConverter.java:3042)
	at org.eclipse.jdt.core.dom.ASTConverter.convert(ASTConverter.java:2220)
	at org.eclipse.jdt.core.dom.ASTConverter.convert(ASTConverter.java:3063)
	at org.eclipse.jdt.core.dom.ASTConverter.convert(ASTConverter.java:751)
	at org.eclipse.jdt.core.dom.ASTConverter.buildBodyDeclarations(ASTConverter.java:208)
	at org.eclipse.jdt.core.dom.ASTConverter.convert(ASTConverter.java:3419)
	at org.eclipse.jdt.core.dom.ASTConverter.convert(ASTConverter.java:1534)
	at org.eclipse.jdt.core.dom.CompilationUnitResolver.convert(CompilationUnitResolver.java:344)
	at org.eclipse.jdt.core.dom.ASTParser.internalCreateAST(ASTParser.java:1272)
	at org.eclipse.jdt.core.dom.ASTParser.createAST(ASTParser.java:868)
	at org.eclipse.jdt.core.manipulation.CoreASTProvider$1.run(CoreASTProvider.java:294)
	at org.eclipse.core.runtime.SafeRunner.run(SafeRunner.java:45)
	at org.eclipse.jdt.core.manipulation.CoreASTProvider.createAST(CoreASTProvider.java:286)
	at org.eclipse.jdt.core.manipulation.CoreASTProvider.getAST(CoreASTProvider.java:199)
	at org.eclipse.jdt.core.manipulation.SharedASTProviderCore.getAST(SharedASTProviderCore.java:138)
	at org.eclipse.jdt.internal.ui.text.java.hover.JavadocHover.getHoveredASTNode(JavadocHover.java:1003)
	at org.eclipse.jdt.internal.ui.text.java.hover.JavadocHover.getInfoText(JavadocHover.java:799)
	at org.eclipse.jdt.internal.ui.text.java.hover.JavadocHover.getHoverInfo(JavadocHover.java:743)
	at org.eclipse.jdt.internal.ui.text.java.hover.JavadocHover.internalGetHoverInfo(JavadocHover.java:666)
	at org.eclipse.jdt.internal.ui.text.java.hover.JavadocHover.getHoverInfo2(JavadocHover.java:658)
	at org.eclipse.jdt.internal.ui.text.java.hover.BestMatchHover.getHoverInfo2(BestMatchHover.java:163)
	at org.eclipse.jdt.internal.ui.text.java.hover.BestMatchHover.getHoverInfo2(BestMatchHover.java:130)
	at org.eclipse.jdt.internal.ui.text.java.hover.JavaEditorTextHoverProxy.getHoverInfo2(JavaEditorTextHoverProxy.java:89)
	at org.eclipse.jface.text.TextViewerHoverManager$1.run(TextViewerHoverManager.java:155)

!ENTRY org.eclipse.jdt.core.manipulation 4 0 2025-04-01 21:56:27.719
!MESSAGE Error in JDT Core during AST creation
!STACK 0
java.lang.IllegalArgumentException
	at org.eclipse.jdt.core.dom.InfixExpression.setOperator(InfixExpression.java:383)
	at org.eclipse.jdt.core.dom.ASTConverter.convert(ASTConverter.java:880)
	at org.eclipse.jdt.core.dom.ASTConverter.convert(ASTConverter.java:2038)
	at org.eclipse.jdt.core.dom.ASTConverter.convertToParenthesizedExpression(ASTConverter.java:3882)
	at org.eclipse.jdt.core.dom.ASTConverter.convert(ASTConverter.java:1953)
	at org.eclipse.jdt.core.dom.ASTConverter.convert(ASTConverter.java:1204)
	at org.eclipse.jdt.core.dom.ASTConverter.convert(ASTConverter.java:1990)
	at org.eclipse.jdt.core.dom.ASTConverter.convert(ASTConverter.java:3124)
	at org.eclipse.jdt.core.dom.ASTConverter.convert(ASTConverter.java:2273)
	at org.eclipse.jdt.core.dom.ASTConverter.convert(ASTConverter.java:3066)
	at org.eclipse.jdt.core.dom.ASTConverter.convert(ASTConverter.java:1383)
	at org.eclipse.jdt.core.dom.ASTConverter.convert(ASTConverter.java:3042)
	at org.eclipse.jdt.core.dom.ASTConverter.convert(ASTConverter.java:2220)
	at org.eclipse.jdt.core.dom.ASTConverter.convert(ASTConverter.java:3063)
	at org.eclipse.jdt.core.dom.ASTConverter.convert(ASTConverter.java:751)
	at org.eclipse.jdt.core.dom.ASTConverter.buildBodyDeclarations(ASTConverter.java:208)
	at org.eclipse.jdt.core.dom.ASTConverter.convert(ASTConverter.java:3419)
	at org.eclipse.jdt.core.dom.ASTConverter.convert(ASTConverter.java:1534)
	at org.eclipse.jdt.core.dom.CompilationUnitResolver.convert(CompilationUnitResolver.java:344)
	at org.eclipse.jdt.core.dom.ASTParser.internalCreateAST(ASTParser.java:1272)
	at org.eclipse.jdt.core.dom.ASTParser.createAST(ASTParser.java:868)
	at org.eclipse.jdt.core.manipulation.CoreASTProvider$1.run(CoreASTProvider.java:294)
	at org.eclipse.core.runtime.SafeRunner.run(SafeRunner.java:45)
	at org.eclipse.jdt.core.manipulation.CoreASTProvider.createAST(CoreASTProvider.java:286)
	at org.eclipse.jdt.core.manipulation.CoreASTProvider.getAST(CoreASTProvider.java:199)
	at org.eclipse.jdt.core.manipulation.SharedASTProviderCore.getAST(SharedASTProviderCore.java:138)
	at org.eclipse.jdt.internal.ui.text.java.hover.JavadocHover.getHoveredASTNode(JavadocHover.java:1003)
	at org.eclipse.jdt.internal.ui.text.java.hover.JavadocHover.getInfoText(JavadocHover.java:799)
	at org.eclipse.jdt.internal.ui.text.java.hover.JavadocHover.getHoverInfo(JavadocHover.java:743)
	at org.eclipse.jdt.internal.ui.text.java.hover.JavadocHover.internalGetHoverInfo(JavadocHover.java:666)
	at org.eclipse.jdt.internal.ui.text.java.hover.JavadocHover.getHoverInfo2(JavadocHover.java:658)
	at org.eclipse.jdt.internal.ui.text.java.hover.BestMatchHover.getHoverInfo2(BestMatchHover.java:163)
	at org.eclipse.jdt.internal.ui.text.java.hover.BestMatchHover.getHoverInfo2(BestMatchHover.java:130)
	at org.eclipse.jdt.internal.ui.text.java.hover.JavaEditorTextHoverProxy.getHoverInfo2(JavaEditorTextHoverProxy.java:89)
	at org.eclipse.jface.text.TextViewerHoverManager$1.run(TextViewerHoverManager.java:155)

!ENTRY org.eclipse.jdt.core 4 4 2025-04-01 21:56:27.810
!MESSAGE Exception occurred during compilation unit conversion:
----------------------------------- SOURCE BEGIN -------------------------------------
package _250401;

public class A_강조하기 {

	public static void main(String[] args) {
		// TODO Auto-generated method stub
		String myString = "abstract algebra";
//		String myString = "PrOgRaMmErS";
		String answer ="";
		
		
		
		for(int i =0; i<myString.length(); i++) {
			
			if(myString.charAt(i)=='a') {
				
				answer+= Character.toUpperCase(myString.charAt(i));
			}else(myString.charAt(i)!='A' && Character.isUpperCase(myString.charAt(i)) ) {
				answer+=  Character.toLowerCase(myString.charAt(i));
			}
							
		}
		
		
		
		//char배열로 생성후 풀이
//		char[] arr  = myString.toCharArray(); 
//		
//		for(int i =0; i<myString.length(); i++) {
//			
//			if(arr[i]=='a') {
//				
//				answer+= Character.toUpperCase(arr[i]);
//			}else {
//				answer+=  Character.toLowerCase(arr[i]);
//			}
//							
//		}
		System.out.println(answer);
	}

}

----------------------------------- SOURCE END -------------------------------------
!STACK 0
java.lang.IllegalArgumentException
	at org.eclipse.jdt.core.dom.InfixExpression.setOperator(InfixExpression.java:383)
	at org.eclipse.jdt.core.dom.ASTConverter.convert(ASTConverter.java:880)
	at org.eclipse.jdt.core.dom.ASTConverter.convert(ASTConverter.java:2038)
	at org.eclipse.jdt.core.dom.ASTConverter.convertToParenthesizedExpression(ASTConverter.java:3882)
	at org.eclipse.jdt.core.dom.ASTConverter.convert(ASTConverter.java:1953)
	at org.eclipse.jdt.core.dom.ASTConverter.convert(ASTConverter.java:1204)
	at org.eclipse.jdt.core.dom.ASTConverter.convert(ASTConverter.java:1990)
	at org.eclipse.jdt.core.dom.ASTConverter.convert(ASTConverter.java:3124)
	at org.eclipse.jdt.core.dom.ASTConverter.convert(ASTConverter.java:2273)
	at org.eclipse.jdt.core.dom.ASTConverter.convert(ASTConverter.java:3066)
	at org.eclipse.jdt.core.dom.ASTConverter.convert(ASTConverter.java:1383)
	at org.eclipse.jdt.core.dom.ASTConverter.convert(ASTConverter.java:3042)
	at org.eclipse.jdt.core.dom.ASTConverter.convert(ASTConverter.java:2220)
	at org.eclipse.jdt.core.dom.ASTConverter.convert(ASTConverter.java:3063)
	at org.eclipse.jdt.core.dom.ASTConverter.convert(ASTConverter.java:751)
	at org.eclipse.jdt.core.dom.ASTConverter.buildBodyDeclarations(ASTConverter.java:208)
	at org.eclipse.jdt.core.dom.ASTConverter.convert(ASTConverter.java:3419)
	at org.eclipse.jdt.core.dom.ASTConverter.convert(ASTConverter.java:1534)
	at org.eclipse.jdt.core.dom.CompilationUnitResolver.convert(CompilationUnitResolver.java:344)
	at org.eclipse.jdt.core.dom.ASTParser.internalCreateAST(ASTParser.java:1272)
	at org.eclipse.jdt.core.dom.ASTParser.createAST(ASTParser.java:868)
	at org.eclipse.jdt.core.manipulation.CoreASTProvider$1.run(CoreASTProvider.java:294)
	at org.eclipse.core.runtime.SafeRunner.run(SafeRunner.java:45)
	at org.eclipse.jdt.core.manipulation.CoreASTProvider.createAST(CoreASTProvider.java:286)
	at org.eclipse.jdt.core.manipulation.CoreASTProvider.getAST(CoreASTProvider.java:199)
	at org.eclipse.jdt.core.manipulation.SharedASTProviderCore.getAST(SharedASTProviderCore.java:138)
	at org.eclipse.jdt.internal.ui.viewsupport.SelectionListenerWithASTManager$PartListenerGroup.calculateASTandInform(SelectionListenerWithASTManager.java:166)
	at org.eclipse.jdt.internal.ui.viewsupport.SelectionListenerWithASTManager$PartListenerGroup$1.run(SelectionListenerWithASTManager.java:151)
	at org.eclipse.core.internal.jobs.Worker.run(Worker.java:63)

!ENTRY org.eclipse.jdt.core.manipulation 4 2 2025-04-01 21:56:27.811
!MESSAGE Problems occurred when invoking code from plug-in: "org.eclipse.jdt.core.manipulation".
!STACK 0
java.lang.IllegalArgumentException
	at org.eclipse.jdt.core.dom.InfixExpression.setOperator(InfixExpression.java:383)
	at org.eclipse.jdt.core.dom.ASTConverter.convert(ASTConverter.java:880)
	at org.eclipse.jdt.core.dom.ASTConverter.convert(ASTConverter.java:2038)
	at org.eclipse.jdt.core.dom.ASTConverter.convertToParenthesizedExpression(ASTConverter.java:3882)
	at org.eclipse.jdt.core.dom.ASTConverter.convert(ASTConverter.java:1953)
	at org.eclipse.jdt.core.dom.ASTConverter.convert(ASTConverter.java:1204)
	at org.eclipse.jdt.core.dom.ASTConverter.convert(ASTConverter.java:1990)
	at org.eclipse.jdt.core.dom.ASTConverter.convert(ASTConverter.java:3124)
	at org.eclipse.jdt.core.dom.ASTConverter.convert(ASTConverter.java:2273)
	at org.eclipse.jdt.core.dom.ASTConverter.convert(ASTConverter.java:3066)
	at org.eclipse.jdt.core.dom.ASTConverter.convert(ASTConverter.java:1383)
	at org.eclipse.jdt.core.dom.ASTConverter.convert(ASTConverter.java:3042)
	at org.eclipse.jdt.core.dom.ASTConverter.convert(ASTConverter.java:2220)
	at org.eclipse.jdt.core.dom.ASTConverter.convert(ASTConverter.java:3063)
	at org.eclipse.jdt.core.dom.ASTConverter.convert(ASTConverter.java:751)
	at org.eclipse.jdt.core.dom.ASTConverter.buildBodyDeclarations(ASTConverter.java:208)
	at org.eclipse.jdt.core.dom.ASTConverter.convert(ASTConverter.java:3419)
	at org.eclipse.jdt.core.dom.ASTConverter.convert(ASTConverter.java:1534)
	at org.eclipse.jdt.core.dom.CompilationUnitResolver.convert(CompilationUnitResolver.java:344)
	at org.eclipse.jdt.core.dom.ASTParser.internalCreateAST(ASTParser.java:1272)
	at org.eclipse.jdt.core.dom.ASTParser.createAST(ASTParser.java:868)
	at org.eclipse.jdt.core.manipulation.CoreASTProvider$1.run(CoreASTProvider.java:294)
	at org.eclipse.core.runtime.SafeRunner.run(SafeRunner.java:45)
	at org.eclipse.jdt.core.manipulation.CoreASTProvider.createAST(CoreASTProvider.java:286)
	at org.eclipse.jdt.core.manipulation.CoreASTProvider.getAST(CoreASTProvider.java:199)
	at org.eclipse.jdt.core.manipulation.SharedASTProviderCore.getAST(SharedASTProviderCore.java:138)
	at org.eclipse.jdt.internal.ui.viewsupport.SelectionListenerWithASTManager$PartListenerGroup.calculateASTandInform(SelectionListenerWithASTManager.java:166)
	at org.eclipse.jdt.internal.ui.viewsupport.SelectionListenerWithASTManager$PartListenerGroup$1.run(SelectionListenerWithASTManager.java:151)
	at org.eclipse.core.internal.jobs.Worker.run(Worker.java:63)

!ENTRY org.eclipse.jdt.core.manipulation 4 0 2025-04-01 21:56:27.811
!MESSAGE Error in JDT Core during AST creation
!STACK 0
java.lang.IllegalArgumentException
	at org.eclipse.jdt.core.dom.InfixExpression.setOperator(InfixExpression.java:383)
	at org.eclipse.jdt.core.dom.ASTConverter.convert(ASTConverter.java:880)
	at org.eclipse.jdt.core.dom.ASTConverter.convert(ASTConverter.java:2038)
	at org.eclipse.jdt.core.dom.ASTConverter.convertToParenthesizedExpression(ASTConverter.java:3882)
	at org.eclipse.jdt.core.dom.ASTConverter.convert(ASTConverter.java:1953)
	at org.eclipse.jdt.core.dom.ASTConverter.convert(ASTConverter.java:1204)
	at org.eclipse.jdt.core.dom.ASTConverter.convert(ASTConverter.java:1990)
	at org.eclipse.jdt.core.dom.ASTConverter.convert(ASTConverter.java:3124)
	at org.eclipse.jdt.core.dom.ASTConverter.convert(ASTConverter.java:2273)
	at org.eclipse.jdt.core.dom.ASTConverter.convert(ASTConverter.java:3066)
	at org.eclipse.jdt.core.dom.ASTConverter.convert(ASTConverter.java:1383)
	at org.eclipse.jdt.core.dom.ASTConverter.convert(ASTConverter.java:3042)
	at org.eclipse.jdt.core.dom.ASTConverter.convert(ASTConverter.java:2220)
	at org.eclipse.jdt.core.dom.ASTConverter.convert(ASTConverter.java:3063)
	at org.eclipse.jdt.core.dom.ASTConverter.convert(ASTConverter.java:751)
	at org.eclipse.jdt.core.dom.ASTConverter.buildBodyDeclarations(ASTConverter.java:208)
	at org.eclipse.jdt.core.dom.ASTConverter.convert(ASTConverter.java:3419)
	at org.eclipse.jdt.core.dom.ASTConverter.convert(ASTConverter.java:1534)
	at org.eclipse.jdt.core.dom.CompilationUnitResolver.convert(CompilationUnitResolver.java:344)
	at org.eclipse.jdt.core.dom.ASTParser.internalCreateAST(ASTParser.java:1272)
	at org.eclipse.jdt.core.dom.ASTParser.createAST(ASTParser.java:868)
	at org.eclipse.jdt.core.manipulation.CoreASTProvider$1.run(CoreASTProvider.java:294)
	at org.eclipse.core.runtime.SafeRunner.run(SafeRunner.java:45)
	at org.eclipse.jdt.core.manipulation.CoreASTProvider.createAST(CoreASTProvider.java:286)
	at org.eclipse.jdt.core.manipulation.CoreASTProvider.getAST(CoreASTProvider.java:199)
	at org.eclipse.jdt.core.manipulation.SharedASTProviderCore.getAST(SharedASTProviderCore.java:138)
	at org.eclipse.jdt.internal.ui.viewsupport.SelectionListenerWithASTManager$PartListenerGroup.calculateASTandInform(SelectionListenerWithASTManager.java:166)
	at org.eclipse.jdt.internal.ui.viewsupport.SelectionListenerWithASTManager$PartListenerGroup$1.run(SelectionListenerWithASTManager.java:151)
	at org.eclipse.core.internal.jobs.Worker.run(Worker.java:63)

!ENTRY org.eclipse.jdt.core 4 4 2025-04-01 21:56:35.457
!MESSAGE Exception occurred during compilation unit conversion:
----------------------------------- SOURCE BEGIN -------------------------------------
package _250401;

public class A_강조하기 {

	public static void main(String[] args) {
		// TODO Auto-generated method stub
		String myString = "abstract algebra";
//		String myString = "PrOgRaMmErS";
		String answer ="";
		
		
		
		for(int i =0; i<myString.length(); i++) {
			
			if(myString.charAt(i)=='a') {
				
				answer+= Character.toUpperCase(myString.charAt(i));
			}else(myString.charAt(i)!='A' && Character.isUpperCase(myString.charAt(i)) ) {
				answer+=  Character.toLowerCase(myString.charAt(i));
			}
							
		}
		
		
		
		//char배열로 생성후 풀이
//		char[] arr  = myString.toCharArray(); 
//		
//		for(int i =0; i<myString.length(); i++) {
//			
//			if(arr[i]=='a') {
//				
//				answer+= Character.toUpperCase(arr[i]);
//			}else {
//				answer+=  Character.toLowerCase(arr[i]);
//			}
//							
//		}
		System.out.println(answer);
	}

}

----------------------------------- SOURCE END -------------------------------------
!STACK 0
java.lang.IllegalArgumentException
	at org.eclipse.jdt.core.dom.InfixExpression.setOperator(InfixExpression.java:383)
	at org.eclipse.jdt.core.dom.ASTConverter.convert(ASTConverter.java:880)
	at org.eclipse.jdt.core.dom.ASTConverter.convert(ASTConverter.java:2038)
	at org.eclipse.jdt.core.dom.ASTConverter.convertToParenthesizedExpression(ASTConverter.java:3882)
	at org.eclipse.jdt.core.dom.ASTConverter.convert(ASTConverter.java:1953)
	at org.eclipse.jdt.core.dom.ASTConverter.convert(ASTConverter.java:1204)
	at org.eclipse.jdt.core.dom.ASTConverter.convert(ASTConverter.java:1990)
	at org.eclipse.jdt.core.dom.ASTConverter.convert(ASTConverter.java:3124)
	at org.eclipse.jdt.core.dom.ASTConverter.convert(ASTConverter.java:2273)
	at org.eclipse.jdt.core.dom.ASTConverter.convert(ASTConverter.java:3066)
	at org.eclipse.jdt.core.dom.ASTConverter.convert(ASTConverter.java:1383)
	at org.eclipse.jdt.core.dom.ASTConverter.convert(ASTConverter.java:3042)
	at org.eclipse.jdt.core.dom.ASTConverter.convert(ASTConverter.java:2220)
	at org.eclipse.jdt.core.dom.ASTConverter.convert(ASTConverter.java:3063)
	at org.eclipse.jdt.core.dom.ASTConverter.convert(ASTConverter.java:751)
	at org.eclipse.jdt.core.dom.ASTConverter.buildBodyDeclarations(ASTConverter.java:208)
	at org.eclipse.jdt.core.dom.ASTConverter.convert(ASTConverter.java:3419)
	at org.eclipse.jdt.core.dom.ASTConverter.convert(ASTConverter.java:1534)
	at org.eclipse.jdt.core.dom.CompilationUnitResolver.convert(CompilationUnitResolver.java:344)
	at org.eclipse.jdt.core.dom.ASTParser.internalCreateAST(ASTParser.java:1272)
	at org.eclipse.jdt.core.dom.ASTParser.createAST(ASTParser.java:868)
	at org.eclipse.jdt.core.manipulation.CoreASTProvider$1.run(CoreASTProvider.java:294)
	at org.eclipse.core.runtime.SafeRunner.run(SafeRunner.java:45)
	at org.eclipse.jdt.core.manipulation.CoreASTProvider.createAST(CoreASTProvider.java:286)
	at org.eclipse.jdt.core.manipulation.CoreASTProvider.getAST(CoreASTProvider.java:199)
	at org.eclipse.jdt.core.manipulation.SharedASTProviderCore.getAST(SharedASTProviderCore.java:138)
	at org.eclipse.jdt.internal.ui.viewsupport.SelectionListenerWithASTManager$PartListenerGroup.calculateASTandInform(SelectionListenerWithASTManager.java:166)
	at org.eclipse.jdt.internal.ui.viewsupport.SelectionListenerWithASTManager$PartListenerGroup$1.run(SelectionListenerWithASTManager.java:151)
	at org.eclipse.core.internal.jobs.Worker.run(Worker.java:63)

!ENTRY org.eclipse.jdt.core.manipulation 4 2 2025-04-01 21:56:35.458
!MESSAGE Problems occurred when invoking code from plug-in: "org.eclipse.jdt.core.manipulation".
!STACK 0
java.lang.IllegalArgumentException
	at org.eclipse.jdt.core.dom.InfixExpression.setOperator(InfixExpression.java:383)
	at org.eclipse.jdt.core.dom.ASTConverter.convert(ASTConverter.java:880)
	at org.eclipse.jdt.core.dom.ASTConverter.convert(ASTConverter.java:2038)
	at org.eclipse.jdt.core.dom.ASTConverter.convertToParenthesizedExpression(ASTConverter.java:3882)
	at org.eclipse.jdt.core.dom.ASTConverter.convert(ASTConverter.java:1953)
	at org.eclipse.jdt.core.dom.ASTConverter.convert(ASTConverter.java:1204)
	at org.eclipse.jdt.core.dom.ASTConverter.convert(ASTConverter.java:1990)
	at org.eclipse.jdt.core.dom.ASTConverter.convert(ASTConverter.java:3124)
	at org.eclipse.jdt.core.dom.ASTConverter.convert(ASTConverter.java:2273)
	at org.eclipse.jdt.core.dom.ASTConverter.convert(ASTConverter.java:3066)
	at org.eclipse.jdt.core.dom.ASTConverter.convert(ASTConverter.java:1383)
	at org.eclipse.jdt.core.dom.ASTConverter.convert(ASTConverter.java:3042)
	at org.eclipse.jdt.core.dom.ASTConverter.convert(ASTConverter.java:2220)
	at org.eclipse.jdt.core.dom.ASTConverter.convert(ASTConverter.java:3063)
	at org.eclipse.jdt.core.dom.ASTConverter.convert(ASTConverter.java:751)
	at org.eclipse.jdt.core.dom.ASTConverter.buildBodyDeclarations(ASTConverter.java:208)
	at org.eclipse.jdt.core.dom.ASTConverter.convert(ASTConverter.java:3419)
	at org.eclipse.jdt.core.dom.ASTConverter.convert(ASTConverter.java:1534)
	at org.eclipse.jdt.core.dom.CompilationUnitResolver.convert(CompilationUnitResolver.java:344)
	at org.eclipse.jdt.core.dom.ASTParser.internalCreateAST(ASTParser.java:1272)
	at org.eclipse.jdt.core.dom.ASTParser.createAST(ASTParser.java:868)
	at org.eclipse.jdt.core.manipulation.CoreASTProvider$1.run(CoreASTProvider.java:294)
	at org.eclipse.core.runtime.SafeRunner.run(SafeRunner.java:45)
	at org.eclipse.jdt.core.manipulation.CoreASTProvider.createAST(CoreASTProvider.java:286)
	at org.eclipse.jdt.core.manipulation.CoreASTProvider.getAST(CoreASTProvider.java:199)
	at org.eclipse.jdt.core.manipulation.SharedASTProviderCore.getAST(SharedASTProviderCore.java:138)
	at org.eclipse.jdt.internal.ui.viewsupport.SelectionListenerWithASTManager$PartListenerGroup.calculateASTandInform(SelectionListenerWithASTManager.java:166)
	at org.eclipse.jdt.internal.ui.viewsupport.SelectionListenerWithASTManager$PartListenerGroup$1.run(SelectionListenerWithASTManager.java:151)
	at org.eclipse.core.internal.jobs.Worker.run(Worker.java:63)

!ENTRY org.eclipse.jdt.core.manipulation 4 0 2025-04-01 21:56:35.458
!MESSAGE Error in JDT Core during AST creation
!STACK 0
java.lang.IllegalArgumentException
	at org.eclipse.jdt.core.dom.InfixExpression.setOperator(InfixExpression.java:383)
	at org.eclipse.jdt.core.dom.ASTConverter.convert(ASTConverter.java:880)
	at org.eclipse.jdt.core.dom.ASTConverter.convert(ASTConverter.java:2038)
	at org.eclipse.jdt.core.dom.ASTConverter.convertToParenthesizedExpression(ASTConverter.java:3882)
	at org.eclipse.jdt.core.dom.ASTConverter.convert(ASTConverter.java:1953)
	at org.eclipse.jdt.core.dom.ASTConverter.convert(ASTConverter.java:1204)
	at org.eclipse.jdt.core.dom.ASTConverter.convert(ASTConverter.java:1990)
	at org.eclipse.jdt.core.dom.ASTConverter.convert(ASTConverter.java:3124)
	at org.eclipse.jdt.core.dom.ASTConverter.convert(ASTConverter.java:2273)
	at org.eclipse.jdt.core.dom.ASTConverter.convert(ASTConverter.java:3066)
	at org.eclipse.jdt.core.dom.ASTConverter.convert(ASTConverter.java:1383)
	at org.eclipse.jdt.core.dom.ASTConverter.convert(ASTConverter.java:3042)
	at org.eclipse.jdt.core.dom.ASTConverter.convert(ASTConverter.java:2220)
	at org.eclipse.jdt.core.dom.ASTConverter.convert(ASTConverter.java:3063)
	at org.eclipse.jdt.core.dom.ASTConverter.convert(ASTConverter.java:751)
	at org.eclipse.jdt.core.dom.ASTConverter.buildBodyDeclarations(ASTConverter.java:208)
	at org.eclipse.jdt.core.dom.ASTConverter.convert(ASTConverter.java:3419)
	at org.eclipse.jdt.core.dom.ASTConverter.convert(ASTConverter.java:1534)
	at org.eclipse.jdt.core.dom.CompilationUnitResolver.convert(CompilationUnitResolver.java:344)
	at org.eclipse.jdt.core.dom.ASTParser.internalCreateAST(ASTParser.java:1272)
	at org.eclipse.jdt.core.dom.ASTParser.createAST(ASTParser.java:868)
	at org.eclipse.jdt.core.manipulation.CoreASTProvider$1.run(CoreASTProvider.java:294)
	at org.eclipse.core.runtime.SafeRunner.run(SafeRunner.java:45)
	at org.eclipse.jdt.core.manipulation.CoreASTProvider.createAST(CoreASTProvider.java:286)
	at org.eclipse.jdt.core.manipulation.CoreASTProvider.getAST(CoreASTProvider.java:199)
	at org.eclipse.jdt.core.manipulation.SharedASTProviderCore.getAST(SharedASTProviderCore.java:138)
	at org.eclipse.jdt.internal.ui.viewsupport.SelectionListenerWithASTManager$PartListenerGroup.calculateASTandInform(SelectionListenerWithASTManager.java:166)
	at org.eclipse.jdt.internal.ui.viewsupport.SelectionListenerWithASTManager$PartListenerGroup$1.run(SelectionListenerWithASTManager.java:151)
	at org.eclipse.core.internal.jobs.Worker.run(Worker.java:63)

!ENTRY org.eclipse.jdt.core 4 4 2025-04-01 21:56:36.271
!MESSAGE Exception occurred during compilation unit conversion:
----------------------------------- SOURCE BEGIN -------------------------------------
package _250401;

public class A_강조하기 {

	public static void main(String[] args) {
		// TODO Auto-generated method stub
		String myString = "abstract algebra";
//		String myString = "PrOgRaMmErS";
		String answer ="";
		
		
		
		for(int i =0; i<myString.length(); i++) {
			
			if(myString.charAt(i)=='a') {
				
				answer+= Character.toUpperCase(myString.charAt(i));
			}else(myString.charAt(i)!='A' && Character.isUpperCase(myString.charAt(i) ) {
				answer+=  Character.toLowerCase(myString.charAt(i));
			}
							
		}
		
		
		
		//char배열로 생성후 풀이
//		char[] arr  = myString.toCharArray(); 
//		
//		for(int i =0; i<myString.length(); i++) {
//			
//			if(arr[i]=='a') {
//				
//				answer+= Character.toUpperCase(arr[i]);
//			}else {
//				answer+=  Character.toLowerCase(arr[i]);
//			}
//							
//		}
		System.out.println(answer);
	}

}

----------------------------------- SOURCE END -------------------------------------
!STACK 0
java.lang.IllegalArgumentException
	at org.eclipse.jdt.core.dom.InfixExpression.setOperator(InfixExpression.java:383)
	at org.eclipse.jdt.core.dom.ASTConverter.convert(ASTConverter.java:880)
	at org.eclipse.jdt.core.dom.ASTConverter.convert(ASTConverter.java:2038)
	at org.eclipse.jdt.core.dom.ASTConverter.convertToParenthesizedExpression(ASTConverter.java:3882)
	at org.eclipse.jdt.core.dom.ASTConverter.convert(ASTConverter.java:1953)
	at org.eclipse.jdt.core.dom.ASTConverter.convert(ASTConverter.java:1204)
	at org.eclipse.jdt.core.dom.ASTConverter.convert(ASTConverter.java:1990)
	at org.eclipse.jdt.core.dom.ASTConverter.convert(ASTConverter.java:3124)
	at org.eclipse.jdt.core.dom.ASTConverter.convert(ASTConverter.java:2273)
	at org.eclipse.jdt.core.dom.ASTConverter.convert(ASTConverter.java:3066)
	at org.eclipse.jdt.core.dom.ASTConverter.convert(ASTConverter.java:1383)
	at org.eclipse.jdt.core.dom.ASTConverter.convert(ASTConverter.java:3042)
	at org.eclipse.jdt.core.dom.ASTConverter.convert(ASTConverter.java:2220)
	at org.eclipse.jdt.core.dom.ASTConverter.convert(ASTConverter.java:3063)
	at org.eclipse.jdt.core.dom.ASTConverter.convert(ASTConverter.java:751)
	at org.eclipse.jdt.core.dom.ASTConverter.buildBodyDeclarations(ASTConverter.java:208)
	at org.eclipse.jdt.core.dom.ASTConverter.convert(ASTConverter.java:3419)
	at org.eclipse.jdt.core.dom.ASTConverter.convert(ASTConverter.java:1534)
	at org.eclipse.jdt.core.dom.AST.convertCompilationUnit(AST.java:561)
	at org.eclipse.jdt.internal.core.CompilationUnit.buildStructure(CompilationUnit.java:201)
	at org.eclipse.jdt.internal.core.Openable.generateInfos(Openable.java:266)
	at org.eclipse.jdt.internal.core.JavaElement.openWhenClosed(JavaElement.java:597)
	at org.eclipse.jdt.internal.core.CompilationUnit.makeConsistent(CompilationUnit.java:1148)
	at org.eclipse.jdt.internal.core.ReconcileWorkingCopyOperation.makeConsistent(ReconcileWorkingCopyOperation.java:173)
	at org.eclipse.jdt.internal.core.ReconcileWorkingCopyOperation.executeOperation(ReconcileWorkingCopyOperation.java:94)
	at org.eclipse.jdt.internal.core.JavaModelOperation.run(JavaModelOperation.java:740)
	at org.eclipse.jdt.internal.core.JavaModelOperation.runOperation(JavaModelOperation.java:806)
	at org.eclipse.jdt.internal.core.CompilationUnit.reconcile(CompilationUnit.java:1325)
	at org.eclipse.jdt.internal.ui.text.java.JavaReconcilingStrategy.reconcile(JavaReconcilingStrategy.java:132)
	at org.eclipse.jdt.internal.ui.text.java.JavaReconcilingStrategy$1.run(JavaReconcilingStrategy.java:94)
	at org.eclipse.core.runtime.SafeRunner.run(SafeRunner.java:45)
	at org.eclipse.jdt.internal.ui.text.java.JavaReconcilingStrategy.reconcile(JavaReconcilingStrategy.java:91)
	at org.eclipse.jdt.internal.ui.text.java.JavaReconcilingStrategy.reconcile(JavaReconcilingStrategy.java:158)
	at org.eclipse.jdt.internal.ui.text.CompositeReconcilingStrategy.reconcile(CompositeReconcilingStrategy.java:94)
	at org.eclipse.jdt.internal.ui.text.JavaCompositeReconcilingStrategy.reconcile(JavaCompositeReconcilingStrategy.java:107)
	at org.eclipse.jface.text.reconciler.MonoReconciler.process(MonoReconciler.java:78)
	at org.eclipse.jface.text.reconciler.AbstractReconciler$BackgroundThread.run(AbstractReconciler.java:207)

!ENTRY org.eclipse.jdt.ui 4 2 2025-04-01 21:56:36.271
!MESSAGE Problems occurred when invoking code from plug-in: "org.eclipse.jdt.ui".
!STACK 0
java.lang.IllegalArgumentException
	at org.eclipse.jdt.core.dom.InfixExpression.setOperator(InfixExpression.java:383)
	at org.eclipse.jdt.core.dom.ASTConverter.convert(ASTConverter.java:880)
	at org.eclipse.jdt.core.dom.ASTConverter.convert(ASTConverter.java:2038)
	at org.eclipse.jdt.core.dom.ASTConverter.convertToParenthesizedExpression(ASTConverter.java:3882)
	at org.eclipse.jdt.core.dom.ASTConverter.convert(ASTConverter.java:1953)
	at org.eclipse.jdt.core.dom.ASTConverter.convert(ASTConverter.java:1204)
	at org.eclipse.jdt.core.dom.ASTConverter.convert(ASTConverter.java:1990)
	at org.eclipse.jdt.core.dom.ASTConverter.convert(ASTConverter.java:3124)
	at org.eclipse.jdt.core.dom.ASTConverter.convert(ASTConverter.java:2273)
	at org.eclipse.jdt.core.dom.ASTConverter.convert(ASTConverter.java:3066)
	at org.eclipse.jdt.core.dom.ASTConverter.convert(ASTConverter.java:1383)
	at org.eclipse.jdt.core.dom.ASTConverter.convert(ASTConverter.java:3042)
	at org.eclipse.jdt.core.dom.ASTConverter.convert(ASTConverter.java:2220)
	at org.eclipse.jdt.core.dom.ASTConverter.convert(ASTConverter.java:3063)
	at org.eclipse.jdt.core.dom.ASTConverter.convert(ASTConverter.java:751)
	at org.eclipse.jdt.core.dom.ASTConverter.buildBodyDeclarations(ASTConverter.java:208)
	at org.eclipse.jdt.core.dom.ASTConverter.convert(ASTConverter.java:3419)
	at org.eclipse.jdt.core.dom.ASTConverter.convert(ASTConverter.java:1534)
	at org.eclipse.jdt.core.dom.AST.convertCompilationUnit(AST.java:561)
	at org.eclipse.jdt.internal.core.CompilationUnit.buildStructure(CompilationUnit.java:201)
	at org.eclipse.jdt.internal.core.Openable.generateInfos(Openable.java:266)
	at org.eclipse.jdt.internal.core.JavaElement.openWhenClosed(JavaElement.java:597)
	at org.eclipse.jdt.internal.core.CompilationUnit.makeConsistent(CompilationUnit.java:1148)
	at org.eclipse.jdt.internal.core.ReconcileWorkingCopyOperation.makeConsistent(ReconcileWorkingCopyOperation.java:173)
	at org.eclipse.jdt.internal.core.ReconcileWorkingCopyOperation.executeOperation(ReconcileWorkingCopyOperation.java:94)
	at org.eclipse.jdt.internal.core.JavaModelOperation.run(JavaModelOperation.java:740)
	at org.eclipse.jdt.internal.core.JavaModelOperation.runOperation(JavaModelOperation.java:806)
	at org.eclipse.jdt.internal.core.CompilationUnit.reconcile(CompilationUnit.java:1325)
	at org.eclipse.jdt.internal.ui.text.java.JavaReconcilingStrategy.reconcile(JavaReconcilingStrategy.java:132)
	at org.eclipse.jdt.internal.ui.text.java.JavaReconcilingStrategy$1.run(JavaReconcilingStrategy.java:94)
	at org.eclipse.core.runtime.SafeRunner.run(SafeRunner.java:45)
	at org.eclipse.jdt.internal.ui.text.java.JavaReconcilingStrategy.reconcile(JavaReconcilingStrategy.java:91)
	at org.eclipse.jdt.internal.ui.text.java.JavaReconcilingStrategy.reconcile(JavaReconcilingStrategy.java:158)
	at org.eclipse.jdt.internal.ui.text.CompositeReconcilingStrategy.reconcile(CompositeReconcilingStrategy.java:94)
	at org.eclipse.jdt.internal.ui.text.JavaCompositeReconcilingStrategy.reconcile(JavaCompositeReconcilingStrategy.java:107)
	at org.eclipse.jface.text.reconciler.MonoReconciler.process(MonoReconciler.java:78)
	at org.eclipse.jface.text.reconciler.AbstractReconciler$BackgroundThread.run(AbstractReconciler.java:207)

!ENTRY org.eclipse.jdt.ui 4 0 2025-04-01 21:56:36.272
!MESSAGE Error in JDT Core during reconcile
!STACK 0
java.lang.IllegalArgumentException
	at org.eclipse.jdt.core.dom.InfixExpression.setOperator(InfixExpression.java:383)
	at org.eclipse.jdt.core.dom.ASTConverter.convert(ASTConverter.java:880)
	at org.eclipse.jdt.core.dom.ASTConverter.convert(ASTConverter.java:2038)
	at org.eclipse.jdt.core.dom.ASTConverter.convertToParenthesizedExpression(ASTConverter.java:3882)
	at org.eclipse.jdt.core.dom.ASTConverter.convert(ASTConverter.java:1953)
	at org.eclipse.jdt.core.dom.ASTConverter.convert(ASTConverter.java:1204)
	at org.eclipse.jdt.core.dom.ASTConverter.convert(ASTConverter.java:1990)
	at org.eclipse.jdt.core.dom.ASTConverter.convert(ASTConverter.java:3124)
	at org.eclipse.jdt.core.dom.ASTConverter.convert(ASTConverter.java:2273)
	at org.eclipse.jdt.core.dom.ASTConverter.convert(ASTConverter.java:3066)
	at org.eclipse.jdt.core.dom.ASTConverter.convert(ASTConverter.java:1383)
	at org.eclipse.jdt.core.dom.ASTConverter.convert(ASTConverter.java:3042)
	at org.eclipse.jdt.core.dom.ASTConverter.convert(ASTConverter.java:2220)
	at org.eclipse.jdt.core.dom.ASTConverter.convert(ASTConverter.java:3063)
	at org.eclipse.jdt.core.dom.ASTConverter.convert(ASTConverter.java:751)
	at org.eclipse.jdt.core.dom.ASTConverter.buildBodyDeclarations(ASTConverter.java:208)
	at org.eclipse.jdt.core.dom.ASTConverter.convert(ASTConverter.java:3419)
	at org.eclipse.jdt.core.dom.ASTConverter.convert(ASTConverter.java:1534)
	at org.eclipse.jdt.core.dom.AST.convertCompilationUnit(AST.java:561)
	at org.eclipse.jdt.internal.core.CompilationUnit.buildStructure(CompilationUnit.java:201)
	at org.eclipse.jdt.internal.core.Openable.generateInfos(Openable.java:266)
	at org.eclipse.jdt.internal.core.JavaElement.openWhenClosed(JavaElement.java:597)
	at org.eclipse.jdt.internal.core.CompilationUnit.makeConsistent(CompilationUnit.java:1148)
	at org.eclipse.jdt.internal.core.ReconcileWorkingCopyOperation.makeConsistent(ReconcileWorkingCopyOperation.java:173)
	at org.eclipse.jdt.internal.core.ReconcileWorkingCopyOperation.executeOperation(ReconcileWorkingCopyOperation.java:94)
	at org.eclipse.jdt.internal.core.JavaModelOperation.run(JavaModelOperation.java:740)
	at org.eclipse.jdt.internal.core.JavaModelOperation.runOperation(JavaModelOperation.java:806)
	at org.eclipse.jdt.internal.core.CompilationUnit.reconcile(CompilationUnit.java:1325)
	at org.eclipse.jdt.internal.ui.text.java.JavaReconcilingStrategy.reconcile(JavaReconcilingStrategy.java:132)
	at org.eclipse.jdt.internal.ui.text.java.JavaReconcilingStrategy$1.run(JavaReconcilingStrategy.java:94)
	at org.eclipse.core.runtime.SafeRunner.run(SafeRunner.java:45)
	at org.eclipse.jdt.internal.ui.text.java.JavaReconcilingStrategy.reconcile(JavaReconcilingStrategy.java:91)
	at org.eclipse.jdt.internal.ui.text.java.JavaReconcilingStrategy.reconcile(JavaReconcilingStrategy.java:158)
	at org.eclipse.jdt.internal.ui.text.CompositeReconcilingStrategy.reconcile(CompositeReconcilingStrategy.java:94)
	at org.eclipse.jdt.internal.ui.text.JavaCompositeReconcilingStrategy.reconcile(JavaCompositeReconcilingStrategy.java:107)
	at org.eclipse.jface.text.reconciler.MonoReconciler.process(MonoReconciler.java:78)
	at org.eclipse.jface.text.reconciler.AbstractReconciler$BackgroundThread.run(AbstractReconciler.java:207)

!ENTRY org.eclipse.jdt.core 4 4 2025-04-01 21:56:36.350
!MESSAGE Exception occurred during compilation unit conversion:
----------------------------------- SOURCE BEGIN -------------------------------------
package _250401;

public class A_강조하기 {

	public static void main(String[] args) {
		// TODO Auto-generated method stub
		String myString = "abstract algebra";
//		String myString = "PrOgRaMmErS";
		String answer ="";
		
		
		
		for(int i =0; i<myString.length(); i++) {
			
			if(myString.charAt(i)=='a') {
				
				answer+= Character.toUpperCase(myString.charAt(i));
			}else(myString.charAt(i)!='A' && Character.isUpperCase(myString.charAt(i) ) {
				answer+=  Character.toLowerCase(myString.charAt(i));
			}
							
		}
		
		
		
		//char배열로 생성후 풀이
//		char[] arr  = myString.toCharArray(); 
//		
//		for(int i =0; i<myString.length(); i++) {
//			
//			if(arr[i]=='a') {
//				
//				answer+= Character.toUpperCase(arr[i]);
//			}else {
//				answer+=  Character.toLowerCase(arr[i]);
//			}
//							
//		}
		System.out.println(answer);
	}

}

----------------------------------- SOURCE END -------------------------------------
!STACK 0
java.lang.IllegalArgumentException
	at org.eclipse.jdt.core.dom.InfixExpression.setOperator(InfixExpression.java:383)
	at org.eclipse.jdt.core.dom.ASTConverter.convert(ASTConverter.java:880)
	at org.eclipse.jdt.core.dom.ASTConverter.convert(ASTConverter.java:2038)
	at org.eclipse.jdt.core.dom.ASTConverter.convertToParenthesizedExpression(ASTConverter.java:3882)
	at org.eclipse.jdt.core.dom.ASTConverter.convert(ASTConverter.java:1953)
	at org.eclipse.jdt.core.dom.ASTConverter.convert(ASTConverter.java:1204)
	at org.eclipse.jdt.core.dom.ASTConverter.convert(ASTConverter.java:1990)
	at org.eclipse.jdt.core.dom.ASTConverter.convert(ASTConverter.java:3124)
	at org.eclipse.jdt.core.dom.ASTConverter.convert(ASTConverter.java:2273)
	at org.eclipse.jdt.core.dom.ASTConverter.convert(ASTConverter.java:3066)
	at org.eclipse.jdt.core.dom.ASTConverter.convert(ASTConverter.java:1383)
	at org.eclipse.jdt.core.dom.ASTConverter.convert(ASTConverter.java:3042)
	at org.eclipse.jdt.core.dom.ASTConverter.convert(ASTConverter.java:2220)
	at org.eclipse.jdt.core.dom.ASTConverter.convert(ASTConverter.java:3063)
	at org.eclipse.jdt.core.dom.ASTConverter.convert(ASTConverter.java:751)
	at org.eclipse.jdt.core.dom.ASTConverter.buildBodyDeclarations(ASTConverter.java:208)
	at org.eclipse.jdt.core.dom.ASTConverter.convert(ASTConverter.java:3419)
	at org.eclipse.jdt.core.dom.ASTConverter.convert(ASTConverter.java:1534)
	at org.eclipse.jdt.core.dom.CompilationUnitResolver.convert(CompilationUnitResolver.java:344)
	at org.eclipse.jdt.core.dom.ASTParser.internalCreateAST(ASTParser.java:1272)
	at org.eclipse.jdt.core.dom.ASTParser.createAST(ASTParser.java:868)
	at org.eclipse.jdt.core.manipulation.CoreASTProvider$1.run(CoreASTProvider.java:294)
	at org.eclipse.core.runtime.SafeRunner.run(SafeRunner.java:45)
	at org.eclipse.jdt.core.manipulation.CoreASTProvider.createAST(CoreASTProvider.java:286)
	at org.eclipse.jdt.core.manipulation.CoreASTProvider.getAST(CoreASTProvider.java:199)
	at org.eclipse.jdt.core.manipulation.SharedASTProviderCore.getAST(SharedASTProviderCore.java:138)
	at org.eclipse.jdt.internal.ui.viewsupport.SelectionListenerWithASTManager$PartListenerGroup.calculateASTandInform(SelectionListenerWithASTManager.java:166)
	at org.eclipse.jdt.internal.ui.viewsupport.SelectionListenerWithASTManager$PartListenerGroup$1.run(SelectionListenerWithASTManager.java:151)
	at org.eclipse.core.internal.jobs.Worker.run(Worker.java:63)

!ENTRY org.eclipse.jdt.core.manipulation 4 2 2025-04-01 21:56:36.351
!MESSAGE Problems occurred when invoking code from plug-in: "org.eclipse.jdt.core.manipulation".
!STACK 0
java.lang.IllegalArgumentException
	at org.eclipse.jdt.core.dom.InfixExpression.setOperator(InfixExpression.java:383)
	at org.eclipse.jdt.core.dom.ASTConverter.convert(ASTConverter.java:880)
	at org.eclipse.jdt.core.dom.ASTConverter.convert(ASTConverter.java:2038)
	at org.eclipse.jdt.core.dom.ASTConverter.convertToParenthesizedExpression(ASTConverter.java:3882)
	at org.eclipse.jdt.core.dom.ASTConverter.convert(ASTConverter.java:1953)
	at org.eclipse.jdt.core.dom.ASTConverter.convert(ASTConverter.java:1204)
	at org.eclipse.jdt.core.dom.ASTConverter.convert(ASTConverter.java:1990)
	at org.eclipse.jdt.core.dom.ASTConverter.convert(ASTConverter.java:3124)
	at org.eclipse.jdt.core.dom.ASTConverter.convert(ASTConverter.java:2273)
	at org.eclipse.jdt.core.dom.ASTConverter.convert(ASTConverter.java:3066)
	at org.eclipse.jdt.core.dom.ASTConverter.convert(ASTConverter.java:1383)
	at org.eclipse.jdt.core.dom.ASTConverter.convert(ASTConverter.java:3042)
	at org.eclipse.jdt.core.dom.ASTConverter.convert(ASTConverter.java:2220)
	at org.eclipse.jdt.core.dom.ASTConverter.convert(ASTConverter.java:3063)
	at org.eclipse.jdt.core.dom.ASTConverter.convert(ASTConverter.java:751)
	at org.eclipse.jdt.core.dom.ASTConverter.buildBodyDeclarations(ASTConverter.java:208)
	at org.eclipse.jdt.core.dom.ASTConverter.convert(ASTConverter.java:3419)
	at org.eclipse.jdt.core.dom.ASTConverter.convert(ASTConverter.java:1534)
	at org.eclipse.jdt.core.dom.CompilationUnitResolver.convert(CompilationUnitResolver.java:344)
	at org.eclipse.jdt.core.dom.ASTParser.internalCreateAST(ASTParser.java:1272)
	at org.eclipse.jdt.core.dom.ASTParser.createAST(ASTParser.java:868)
	at org.eclipse.jdt.core.manipulation.CoreASTProvider$1.run(CoreASTProvider.java:294)
	at org.eclipse.core.runtime.SafeRunner.run(SafeRunner.java:45)
	at org.eclipse.jdt.core.manipulation.CoreASTProvider.createAST(CoreASTProvider.java:286)
	at org.eclipse.jdt.core.manipulation.CoreASTProvider.getAST(CoreASTProvider.java:199)
	at org.eclipse.jdt.core.manipulation.SharedASTProviderCore.getAST(SharedASTProviderCore.java:138)
	at org.eclipse.jdt.internal.ui.viewsupport.SelectionListenerWithASTManager$PartListenerGroup.calculateASTandInform(SelectionListenerWithASTManager.java:166)
	at org.eclipse.jdt.internal.ui.viewsupport.SelectionListenerWithASTManager$PartListenerGroup$1.run(SelectionListenerWithASTManager.java:151)
	at org.eclipse.core.internal.jobs.Worker.run(Worker.java:63)

!ENTRY org.eclipse.jdt.core.manipulation 4 0 2025-04-01 21:56:36.351
!MESSAGE Error in JDT Core during AST creation
!STACK 0
java.lang.IllegalArgumentException
	at org.eclipse.jdt.core.dom.InfixExpression.setOperator(InfixExpression.java:383)
	at org.eclipse.jdt.core.dom.ASTConverter.convert(ASTConverter.java:880)
	at org.eclipse.jdt.core.dom.ASTConverter.convert(ASTConverter.java:2038)
	at org.eclipse.jdt.core.dom.ASTConverter.convertToParenthesizedExpression(ASTConverter.java:3882)
	at org.eclipse.jdt.core.dom.ASTConverter.convert(ASTConverter.java:1953)
	at org.eclipse.jdt.core.dom.ASTConverter.convert(ASTConverter.java:1204)
	at org.eclipse.jdt.core.dom.ASTConverter.convert(ASTConverter.java:1990)
	at org.eclipse.jdt.core.dom.ASTConverter.convert(ASTConverter.java:3124)
	at org.eclipse.jdt.core.dom.ASTConverter.convert(ASTConverter.java:2273)
	at org.eclipse.jdt.core.dom.ASTConverter.convert(ASTConverter.java:3066)
	at org.eclipse.jdt.core.dom.ASTConverter.convert(ASTConverter.java:1383)
	at org.eclipse.jdt.core.dom.ASTConverter.convert(ASTConverter.java:3042)
	at org.eclipse.jdt.core.dom.ASTConverter.convert(ASTConverter.java:2220)
	at org.eclipse.jdt.core.dom.ASTConverter.convert(ASTConverter.java:3063)
	at org.eclipse.jdt.core.dom.ASTConverter.convert(ASTConverter.java:751)
	at org.eclipse.jdt.core.dom.ASTConverter.buildBodyDeclarations(ASTConverter.java:208)
	at org.eclipse.jdt.core.dom.ASTConverter.convert(ASTConverter.java:3419)
	at org.eclipse.jdt.core.dom.ASTConverter.convert(ASTConverter.java:1534)
	at org.eclipse.jdt.core.dom.CompilationUnitResolver.convert(CompilationUnitResolver.java:344)
	at org.eclipse.jdt.core.dom.ASTParser.internalCreateAST(ASTParser.java:1272)
	at org.eclipse.jdt.core.dom.ASTParser.createAST(ASTParser.java:868)
	at org.eclipse.jdt.core.manipulation.CoreASTProvider$1.run(CoreASTProvider.java:294)
	at org.eclipse.core.runtime.SafeRunner.run(SafeRunner.java:45)
	at org.eclipse.jdt.core.manipulation.CoreASTProvider.createAST(CoreASTProvider.java:286)
	at org.eclipse.jdt.core.manipulation.CoreASTProvider.getAST(CoreASTProvider.java:199)
	at org.eclipse.jdt.core.manipulation.SharedASTProviderCore.getAST(SharedASTProviderCore.java:138)
	at org.eclipse.jdt.internal.ui.viewsupport.SelectionListenerWithASTManager$PartListenerGroup.calculateASTandInform(SelectionListenerWithASTManager.java:166)
	at org.eclipse.jdt.internal.ui.viewsupport.SelectionListenerWithASTManager$PartListenerGroup$1.run(SelectionListenerWithASTManager.java:151)
	at org.eclipse.core.internal.jobs.Worker.run(Worker.java:63)

!ENTRY org.eclipse.jdt.core 4 4 2025-04-01 21:56:39.973
!MESSAGE Exception occurred during compilation unit conversion:
----------------------------------- SOURCE BEGIN -------------------------------------
package _250401;

public class A_강조하기 {

	public static void main(String[] args) {
		// TODO Auto-generated method stub
		String myString = "abstract algebra";
//		String myString = "PrOgRaMmErS";
		String answer ="";
		
		
		
		for(int i =0; i<myString.length(); i++) {
			
			if(myString.charAt(i)=='a') {
				
				answer+= Character.toUpperCase(myString.charAt(i));
			}else(myString.charAt(i)!='A' && Character.isUpperCase(myString.charAt(i)) ) {
				answer+=  Character.toLowerCase(myString.charAt(i));
			}
							
		}
		
		
		
		//char배열로 생성후 풀이
//		char[] arr  = myString.toCharArray(); 
//		
//		for(int i =0; i<myString.length(); i++) {
//			
//			if(arr[i]=='a') {
//				
//				answer+= Character.toUpperCase(arr[i]);
//			}else {
//				answer+=  Character.toLowerCase(arr[i]);
//			}
//							
//		}
		System.out.println(answer);
	}

}

----------------------------------- SOURCE END -------------------------------------
!STACK 0
java.lang.IllegalArgumentException
	at org.eclipse.jdt.core.dom.InfixExpression.setOperator(InfixExpression.java:383)
	at org.eclipse.jdt.core.dom.ASTConverter.convert(ASTConverter.java:880)
	at org.eclipse.jdt.core.dom.ASTConverter.convert(ASTConverter.java:2038)
	at org.eclipse.jdt.core.dom.ASTConverter.convertToParenthesizedExpression(ASTConverter.java:3882)
	at org.eclipse.jdt.core.dom.ASTConverter.convert(ASTConverter.java:1953)
	at org.eclipse.jdt.core.dom.ASTConverter.convert(ASTConverter.java:1204)
	at org.eclipse.jdt.core.dom.ASTConverter.convert(ASTConverter.java:1990)
	at org.eclipse.jdt.core.dom.ASTConverter.convert(ASTConverter.java:3124)
	at org.eclipse.jdt.core.dom.ASTConverter.convert(ASTConverter.java:2273)
	at org.eclipse.jdt.core.dom.ASTConverter.convert(ASTConverter.java:3066)
	at org.eclipse.jdt.core.dom.ASTConverter.convert(ASTConverter.java:1383)
	at org.eclipse.jdt.core.dom.ASTConverter.convert(ASTConverter.java:3042)
	at org.eclipse.jdt.core.dom.ASTConverter.convert(ASTConverter.java:2220)
	at org.eclipse.jdt.core.dom.ASTConverter.convert(ASTConverter.java:3063)
	at org.eclipse.jdt.core.dom.ASTConverter.convert(ASTConverter.java:751)
	at org.eclipse.jdt.core.dom.ASTConverter.buildBodyDeclarations(ASTConverter.java:208)
	at org.eclipse.jdt.core.dom.ASTConverter.convert(ASTConverter.java:3419)
	at org.eclipse.jdt.core.dom.ASTConverter.convert(ASTConverter.java:1534)
	at org.eclipse.jdt.core.dom.AST.convertCompilationUnit(AST.java:561)
	at org.eclipse.jdt.internal.core.CompilationUnit.buildStructure(CompilationUnit.java:201)
	at org.eclipse.jdt.internal.core.Openable.generateInfos(Openable.java:266)
	at org.eclipse.jdt.internal.core.JavaElement.openWhenClosed(JavaElement.java:597)
	at org.eclipse.jdt.internal.core.CompilationUnit.makeConsistent(CompilationUnit.java:1148)
	at org.eclipse.jdt.internal.core.ReconcileWorkingCopyOperation.makeConsistent(ReconcileWorkingCopyOperation.java:173)
	at org.eclipse.jdt.internal.core.ReconcileWorkingCopyOperation.executeOperation(ReconcileWorkingCopyOperation.java:94)
	at org.eclipse.jdt.internal.core.JavaModelOperation.run(JavaModelOperation.java:740)
	at org.eclipse.jdt.internal.core.JavaModelOperation.runOperation(JavaModelOperation.java:806)
	at org.eclipse.jdt.internal.core.CompilationUnit.reconcile(CompilationUnit.java:1325)
	at org.eclipse.jdt.internal.ui.text.java.JavaReconcilingStrategy.reconcile(JavaReconcilingStrategy.java:132)
	at org.eclipse.jdt.internal.ui.text.java.JavaReconcilingStrategy$1.run(JavaReconcilingStrategy.java:94)
	at org.eclipse.core.runtime.SafeRunner.run(SafeRunner.java:45)
	at org.eclipse.jdt.internal.ui.text.java.JavaReconcilingStrategy.reconcile(JavaReconcilingStrategy.java:91)
	at org.eclipse.jdt.internal.ui.text.java.JavaReconcilingStrategy.reconcile(JavaReconcilingStrategy.java:158)
	at org.eclipse.jdt.internal.ui.text.CompositeReconcilingStrategy.reconcile(CompositeReconcilingStrategy.java:94)
	at org.eclipse.jdt.internal.ui.text.JavaCompositeReconcilingStrategy.reconcile(JavaCompositeReconcilingStrategy.java:107)
	at org.eclipse.jface.text.reconciler.MonoReconciler.process(MonoReconciler.java:78)
	at org.eclipse.jface.text.reconciler.AbstractReconciler$BackgroundThread.run(AbstractReconciler.java:207)

!ENTRY org.eclipse.jdt.ui 4 2 2025-04-01 21:56:39.973
!MESSAGE Problems occurred when invoking code from plug-in: "org.eclipse.jdt.ui".
!STACK 0
java.lang.IllegalArgumentException
	at org.eclipse.jdt.core.dom.InfixExpression.setOperator(InfixExpression.java:383)
	at org.eclipse.jdt.core.dom.ASTConverter.convert(ASTConverter.java:880)
	at org.eclipse.jdt.core.dom.ASTConverter.convert(ASTConverter.java:2038)
	at org.eclipse.jdt.core.dom.ASTConverter.convertToParenthesizedExpression(ASTConverter.java:3882)
	at org.eclipse.jdt.core.dom.ASTConverter.convert(ASTConverter.java:1953)
	at org.eclipse.jdt.core.dom.ASTConverter.convert(ASTConverter.java:1204)
	at org.eclipse.jdt.core.dom.ASTConverter.convert(ASTConverter.java:1990)
	at org.eclipse.jdt.core.dom.ASTConverter.convert(ASTConverter.java:3124)
	at org.eclipse.jdt.core.dom.ASTConverter.convert(ASTConverter.java:2273)
	at org.eclipse.jdt.core.dom.ASTConverter.convert(ASTConverter.java:3066)
	at org.eclipse.jdt.core.dom.ASTConverter.convert(ASTConverter.java:1383)
	at org.eclipse.jdt.core.dom.ASTConverter.convert(ASTConverter.java:3042)
	at org.eclipse.jdt.core.dom.ASTConverter.convert(ASTConverter.java:2220)
	at org.eclipse.jdt.core.dom.ASTConverter.convert(ASTConverter.java:3063)
	at org.eclipse.jdt.core.dom.ASTConverter.convert(ASTConverter.java:751)
	at org.eclipse.jdt.core.dom.ASTConverter.buildBodyDeclarations(ASTConverter.java:208)
	at org.eclipse.jdt.core.dom.ASTConverter.convert(ASTConverter.java:3419)
	at org.eclipse.jdt.core.dom.ASTConverter.convert(ASTConverter.java:1534)
	at org.eclipse.jdt.core.dom.AST.convertCompilationUnit(AST.java:561)
	at org.eclipse.jdt.internal.core.CompilationUnit.buildStructure(CompilationUnit.java:201)
	at org.eclipse.jdt.internal.core.Openable.generateInfos(Openable.java:266)
	at org.eclipse.jdt.internal.core.JavaElement.openWhenClosed(JavaElement.java:597)
	at org.eclipse.jdt.internal.core.CompilationUnit.makeConsistent(CompilationUnit.java:1148)
	at org.eclipse.jdt.internal.core.ReconcileWorkingCopyOperation.makeConsistent(ReconcileWorkingCopyOperation.java:173)
	at org.eclipse.jdt.internal.core.ReconcileWorkingCopyOperation.executeOperation(ReconcileWorkingCopyOperation.java:94)
	at org.eclipse.jdt.internal.core.JavaModelOperation.run(JavaModelOperation.java:740)
	at org.eclipse.jdt.internal.core.JavaModelOperation.runOperation(JavaModelOperation.java:806)
	at org.eclipse.jdt.internal.core.CompilationUnit.reconcile(CompilationUnit.java:1325)
	at org.eclipse.jdt.internal.ui.text.java.JavaReconcilingStrategy.reconcile(JavaReconcilingStrategy.java:132)
	at org.eclipse.jdt.internal.ui.text.java.JavaReconcilingStrategy$1.run(JavaReconcilingStrategy.java:94)
	at org.eclipse.core.runtime.SafeRunner.run(SafeRunner.java:45)
	at org.eclipse.jdt.internal.ui.text.java.JavaReconcilingStrategy.reconcile(JavaReconcilingStrategy.java:91)
	at org.eclipse.jdt.internal.ui.text.java.JavaReconcilingStrategy.reconcile(JavaReconcilingStrategy.java:158)
	at org.eclipse.jdt.internal.ui.text.CompositeReconcilingStrategy.reconcile(CompositeReconcilingStrategy.java:94)
	at org.eclipse.jdt.internal.ui.text.JavaCompositeReconcilingStrategy.reconcile(JavaCompositeReconcilingStrategy.java:107)
	at org.eclipse.jface.text.reconciler.MonoReconciler.process(MonoReconciler.java:78)
	at org.eclipse.jface.text.reconciler.AbstractReconciler$BackgroundThread.run(AbstractReconciler.java:207)

!ENTRY org.eclipse.jdt.ui 4 0 2025-04-01 21:56:39.974
!MESSAGE Error in JDT Core during reconcile
!STACK 0
java.lang.IllegalArgumentException
	at org.eclipse.jdt.core.dom.InfixExpression.setOperator(InfixExpression.java:383)
	at org.eclipse.jdt.core.dom.ASTConverter.convert(ASTConverter.java:880)
	at org.eclipse.jdt.core.dom.ASTConverter.convert(ASTConverter.java:2038)
	at org.eclipse.jdt.core.dom.ASTConverter.convertToParenthesizedExpression(ASTConverter.java:3882)
	at org.eclipse.jdt.core.dom.ASTConverter.convert(ASTConverter.java:1953)
	at org.eclipse.jdt.core.dom.ASTConverter.convert(ASTConverter.java:1204)
	at org.eclipse.jdt.core.dom.ASTConverter.convert(ASTConverter.java:1990)
	at org.eclipse.jdt.core.dom.ASTConverter.convert(ASTConverter.java:3124)
	at org.eclipse.jdt.core.dom.ASTConverter.convert(ASTConverter.java:2273)
	at org.eclipse.jdt.core.dom.ASTConverter.convert(ASTConverter.java:3066)
	at org.eclipse.jdt.core.dom.ASTConverter.convert(ASTConverter.java:1383)
	at org.eclipse.jdt.core.dom.ASTConverter.convert(ASTConverter.java:3042)
	at org.eclipse.jdt.core.dom.ASTConverter.convert(ASTConverter.java:2220)
	at org.eclipse.jdt.core.dom.ASTConverter.convert(ASTConverter.java:3063)
	at org.eclipse.jdt.core.dom.ASTConverter.convert(ASTConverter.java:751)
	at org.eclipse.jdt.core.dom.ASTConverter.buildBodyDeclarations(ASTConverter.java:208)
	at org.eclipse.jdt.core.dom.ASTConverter.convert(ASTConverter.java:3419)
	at org.eclipse.jdt.core.dom.ASTConverter.convert(ASTConverter.java:1534)
	at org.eclipse.jdt.core.dom.AST.convertCompilationUnit(AST.java:561)
	at org.eclipse.jdt.internal.core.CompilationUnit.buildStructure(CompilationUnit.java:201)
	at org.eclipse.jdt.internal.core.Openable.generateInfos(Openable.java:266)
	at org.eclipse.jdt.internal.core.JavaElement.openWhenClosed(JavaElement.java:597)
	at org.eclipse.jdt.internal.core.CompilationUnit.makeConsistent(CompilationUnit.java:1148)
	at org.eclipse.jdt.internal.core.ReconcileWorkingCopyOperation.makeConsistent(ReconcileWorkingCopyOperation.java:173)
	at org.eclipse.jdt.internal.core.ReconcileWorkingCopyOperation.executeOperation(ReconcileWorkingCopyOperation.java:94)
	at org.eclipse.jdt.internal.core.JavaModelOperation.run(JavaModelOperation.java:740)
	at org.eclipse.jdt.internal.core.JavaModelOperation.runOperation(JavaModelOperation.java:806)
	at org.eclipse.jdt.internal.core.CompilationUnit.reconcile(CompilationUnit.java:1325)
	at org.eclipse.jdt.internal.ui.text.java.JavaReconcilingStrategy.reconcile(JavaReconcilingStrategy.java:132)
	at org.eclipse.jdt.internal.ui.text.java.JavaReconcilingStrategy$1.run(JavaReconcilingStrategy.java:94)
	at org.eclipse.core.runtime.SafeRunner.run(SafeRunner.java:45)
	at org.eclipse.jdt.internal.ui.text.java.JavaReconcilingStrategy.reconcile(JavaReconcilingStrategy.java:91)
	at org.eclipse.jdt.internal.ui.text.java.JavaReconcilingStrategy.reconcile(JavaReconcilingStrategy.java:158)
	at org.eclipse.jdt.internal.ui.text.CompositeReconcilingStrategy.reconcile(CompositeReconcilingStrategy.java:94)
	at org.eclipse.jdt.internal.ui.text.JavaCompositeReconcilingStrategy.reconcile(JavaCompositeReconcilingStrategy.java:107)
	at org.eclipse.jface.text.reconciler.MonoReconciler.process(MonoReconciler.java:78)
	at org.eclipse.jface.text.reconciler.AbstractReconciler$BackgroundThread.run(AbstractReconciler.java:207)

!ENTRY org.eclipse.jdt.core 4 4 2025-04-01 21:56:40.080
!MESSAGE Exception occurred during compilation unit conversion:
----------------------------------- SOURCE BEGIN -------------------------------------
package _250401;

public class A_강조하기 {

	public static void main(String[] args) {
		// TODO Auto-generated method stub
		String myString = "abstract algebra";
//		String myString = "PrOgRaMmErS";
		String answer ="";
		
		
		
		for(int i =0; i<myString.length(); i++) {
			
			if(myString.charAt(i)=='a') {
				
				answer+= Character.toUpperCase(myString.charAt(i));
			}else(myString.charAt(i)!='A' && Character.isUpperCase(myString.charAt(i)) ) {
				answer+=  Character.toLowerCase(myString.charAt(i));
			}
							
		}
		
		
		
		//char배열로 생성후 풀이
//		char[] arr  = myString.toCharArray(); 
//		
//		for(int i =0; i<myString.length(); i++) {
//			
//			if(arr[i]=='a') {
//				
//				answer+= Character.toUpperCase(arr[i]);
//			}else {
//				answer+=  Character.toLowerCase(arr[i]);
//			}
//							
//		}
		System.out.println(answer);
	}

}

----------------------------------- SOURCE END -------------------------------------
!STACK 0
java.lang.IllegalArgumentException
	at org.eclipse.jdt.core.dom.InfixExpression.setOperator(InfixExpression.java:383)
	at org.eclipse.jdt.core.dom.ASTConverter.convert(ASTConverter.java:880)
	at org.eclipse.jdt.core.dom.ASTConverter.convert(ASTConverter.java:2038)
	at org.eclipse.jdt.core.dom.ASTConverter.convertToParenthesizedExpression(ASTConverter.java:3882)
	at org.eclipse.jdt.core.dom.ASTConverter.convert(ASTConverter.java:1953)
	at org.eclipse.jdt.core.dom.ASTConverter.convert(ASTConverter.java:1204)
	at org.eclipse.jdt.core.dom.ASTConverter.convert(ASTConverter.java:1990)
	at org.eclipse.jdt.core.dom.ASTConverter.convert(ASTConverter.java:3124)
	at org.eclipse.jdt.core.dom.ASTConverter.convert(ASTConverter.java:2273)
	at org.eclipse.jdt.core.dom.ASTConverter.convert(ASTConverter.java:3066)
	at org.eclipse.jdt.core.dom.ASTConverter.convert(ASTConverter.java:1383)
	at org.eclipse.jdt.core.dom.ASTConverter.convert(ASTConverter.java:3042)
	at org.eclipse.jdt.core.dom.ASTConverter.convert(ASTConverter.java:2220)
	at org.eclipse.jdt.core.dom.ASTConverter.convert(ASTConverter.java:3063)
	at org.eclipse.jdt.core.dom.ASTConverter.convert(ASTConverter.java:751)
	at org.eclipse.jdt.core.dom.ASTConverter.buildBodyDeclarations(ASTConverter.java:208)
	at org.eclipse.jdt.core.dom.ASTConverter.convert(ASTConverter.java:3419)
	at org.eclipse.jdt.core.dom.ASTConverter.convert(ASTConverter.java:1534)
	at org.eclipse.jdt.core.dom.CompilationUnitResolver.convert(CompilationUnitResolver.java:344)
	at org.eclipse.jdt.core.dom.ASTParser.internalCreateAST(ASTParser.java:1272)
	at org.eclipse.jdt.core.dom.ASTParser.createAST(ASTParser.java:868)
	at org.eclipse.jdt.core.manipulation.CoreASTProvider$1.run(CoreASTProvider.java:294)
	at org.eclipse.core.runtime.SafeRunner.run(SafeRunner.java:45)
	at org.eclipse.jdt.core.manipulation.CoreASTProvider.createAST(CoreASTProvider.java:286)
	at org.eclipse.jdt.core.manipulation.CoreASTProvider.getAST(CoreASTProvider.java:199)
	at org.eclipse.jdt.core.manipulation.SharedASTProviderCore.getAST(SharedASTProviderCore.java:138)
	at org.eclipse.jdt.internal.ui.viewsupport.SelectionListenerWithASTManager$PartListenerGroup.calculateASTandInform(SelectionListenerWithASTManager.java:166)
	at org.eclipse.jdt.internal.ui.viewsupport.SelectionListenerWithASTManager$PartListenerGroup$1.run(SelectionListenerWithASTManager.java:151)
	at org.eclipse.core.internal.jobs.Worker.run(Worker.java:63)

!ENTRY org.eclipse.jdt.core.manipulation 4 2 2025-04-01 21:56:40.080
!MESSAGE Problems occurred when invoking code from plug-in: "org.eclipse.jdt.core.manipulation".
!STACK 0
java.lang.IllegalArgumentException
	at org.eclipse.jdt.core.dom.InfixExpression.setOperator(InfixExpression.java:383)
	at org.eclipse.jdt.core.dom.ASTConverter.convert(ASTConverter.java:880)
	at org.eclipse.jdt.core.dom.ASTConverter.convert(ASTConverter.java:2038)
	at org.eclipse.jdt.core.dom.ASTConverter.convertToParenthesizedExpression(ASTConverter.java:3882)
	at org.eclipse.jdt.core.dom.ASTConverter.convert(ASTConverter.java:1953)
	at org.eclipse.jdt.core.dom.ASTConverter.convert(ASTConverter.java:1204)
	at org.eclipse.jdt.core.dom.ASTConverter.convert(ASTConverter.java:1990)
	at org.eclipse.jdt.core.dom.ASTConverter.convert(ASTConverter.java:3124)
	at org.eclipse.jdt.core.dom.ASTConverter.convert(ASTConverter.java:2273)
	at org.eclipse.jdt.core.dom.ASTConverter.convert(ASTConverter.java:3066)
	at org.eclipse.jdt.core.dom.ASTConverter.convert(ASTConverter.java:1383)
	at org.eclipse.jdt.core.dom.ASTConverter.convert(ASTConverter.java:3042)
	at org.eclipse.jdt.core.dom.ASTConverter.convert(ASTConverter.java:2220)
	at org.eclipse.jdt.core.dom.ASTConverter.convert(ASTConverter.java:3063)
	at org.eclipse.jdt.core.dom.ASTConverter.convert(ASTConverter.java:751)
	at org.eclipse.jdt.core.dom.ASTConverter.buildBodyDeclarations(ASTConverter.java:208)
	at org.eclipse.jdt.core.dom.ASTConverter.convert(ASTConverter.java:3419)
	at org.eclipse.jdt.core.dom.ASTConverter.convert(ASTConverter.java:1534)
	at org.eclipse.jdt.core.dom.CompilationUnitResolver.convert(CompilationUnitResolver.java:344)
	at org.eclipse.jdt.core.dom.ASTParser.internalCreateAST(ASTParser.java:1272)
	at org.eclipse.jdt.core.dom.ASTParser.createAST(ASTParser.java:868)
	at org.eclipse.jdt.core.manipulation.CoreASTProvider$1.run(CoreASTProvider.java:294)
	at org.eclipse.core.runtime.SafeRunner.run(SafeRunner.java:45)
	at org.eclipse.jdt.core.manipulation.CoreASTProvider.createAST(CoreASTProvider.java:286)
	at org.eclipse.jdt.core.manipulation.CoreASTProvider.getAST(CoreASTProvider.java:199)
	at org.eclipse.jdt.core.manipulation.SharedASTProviderCore.getAST(SharedASTProviderCore.java:138)
	at org.eclipse.jdt.internal.ui.viewsupport.SelectionListenerWithASTManager$PartListenerGroup.calculateASTandInform(SelectionListenerWithASTManager.java:166)
	at org.eclipse.jdt.internal.ui.viewsupport.SelectionListenerWithASTManager$PartListenerGroup$1.run(SelectionListenerWithASTManager.java:151)
	at org.eclipse.core.internal.jobs.Worker.run(Worker.java:63)

!ENTRY org.eclipse.jdt.core.manipulation 4 0 2025-04-01 21:56:40.081
!MESSAGE Error in JDT Core during AST creation
!STACK 0
java.lang.IllegalArgumentException
	at org.eclipse.jdt.core.dom.InfixExpression.setOperator(InfixExpression.java:383)
	at org.eclipse.jdt.core.dom.ASTConverter.convert(ASTConverter.java:880)
	at org.eclipse.jdt.core.dom.ASTConverter.convert(ASTConverter.java:2038)
	at org.eclipse.jdt.core.dom.ASTConverter.convertToParenthesizedExpression(ASTConverter.java:3882)
	at org.eclipse.jdt.core.dom.ASTConverter.convert(ASTConverter.java:1953)
	at org.eclipse.jdt.core.dom.ASTConverter.convert(ASTConverter.java:1204)
	at org.eclipse.jdt.core.dom.ASTConverter.convert(ASTConverter.java:1990)
	at org.eclipse.jdt.core.dom.ASTConverter.convert(ASTConverter.java:3124)
	at org.eclipse.jdt.core.dom.ASTConverter.convert(ASTConverter.java:2273)
	at org.eclipse.jdt.core.dom.ASTConverter.convert(ASTConverter.java:3066)
	at org.eclipse.jdt.core.dom.ASTConverter.convert(ASTConverter.java:1383)
	at org.eclipse.jdt.core.dom.ASTConverter.convert(ASTConverter.java:3042)
	at org.eclipse.jdt.core.dom.ASTConverter.convert(ASTConverter.java:2220)
	at org.eclipse.jdt.core.dom.ASTConverter.convert(ASTConverter.java:3063)
	at org.eclipse.jdt.core.dom.ASTConverter.convert(ASTConverter.java:751)
	at org.eclipse.jdt.core.dom.ASTConverter.buildBodyDeclarations(ASTConverter.java:208)
	at org.eclipse.jdt.core.dom.ASTConverter.convert(ASTConverter.java:3419)
	at org.eclipse.jdt.core.dom.ASTConverter.convert(ASTConverter.java:1534)
	at org.eclipse.jdt.core.dom.CompilationUnitResolver.convert(CompilationUnitResolver.java:344)
	at org.eclipse.jdt.core.dom.ASTParser.internalCreateAST(ASTParser.java:1272)
	at org.eclipse.jdt.core.dom.ASTParser.createAST(ASTParser.java:868)
	at org.eclipse.jdt.core.manipulation.CoreASTProvider$1.run(CoreASTProvider.java:294)
	at org.eclipse.core.runtime.SafeRunner.run(SafeRunner.java:45)
	at org.eclipse.jdt.core.manipulation.CoreASTProvider.createAST(CoreASTProvider.java:286)
	at org.eclipse.jdt.core.manipulation.CoreASTProvider.getAST(CoreASTProvider.java:199)
	at org.eclipse.jdt.core.manipulation.SharedASTProviderCore.getAST(SharedASTProviderCore.java:138)
	at org.eclipse.jdt.internal.ui.viewsupport.SelectionListenerWithASTManager$PartListenerGroup.calculateASTandInform(SelectionListenerWithASTManager.java:166)
	at org.eclipse.jdt.internal.ui.viewsupport.SelectionListenerWithASTManager$PartListenerGroup$1.run(SelectionListenerWithASTManager.java:151)
	at org.eclipse.core.internal.jobs.Worker.run(Worker.java:63)

!ENTRY org.eclipse.jdt.core 4 4 2025-04-01 21:56:41.301
!MESSAGE Exception occurred during compilation unit conversion:
----------------------------------- SOURCE BEGIN -------------------------------------
package _250401;

public class A_강조하기 {

	public static void main(String[] args) {
		// TODO Auto-generated method stub
		String myString = "abstract algebra";
//		String myString = "PrOgRaMmErS";
		String answer ="";
		
		
		
		for(int i =0; i<myString.length(); i++) {
			
			if(myString.charAt(i)=='a') {
				
				answer+= Character.toUpperCase(myString.charAt(i));
			}else(myString.charAt(i)!='A' && Character.isUpperCase(myString.charAt(i)) ) {
				answer+=  Character.toLowerCase(myString.charAt(i));
			}
							
		}
		
		
		
		//char배열로 생성후 풀이
//		char[] arr  = myString.toCharArray(); 
//		
//		for(int i =0; i<myString.length(); i++) {
//			
//			if(arr[i]=='a') {
//				
//				answer+= Character.toUpperCase(arr[i]);
//			}else {
//				answer+=  Character.toLowerCase(arr[i]);
//			}
//							
//		}
		System.out.println(answer);
	}

}

----------------------------------- SOURCE END -------------------------------------
!STACK 0
java.lang.IllegalArgumentException
	at org.eclipse.jdt.core.dom.InfixExpression.setOperator(InfixExpression.java:383)
	at org.eclipse.jdt.core.dom.ASTConverter.convert(ASTConverter.java:880)
	at org.eclipse.jdt.core.dom.ASTConverter.convert(ASTConverter.java:2038)
	at org.eclipse.jdt.core.dom.ASTConverter.convertToParenthesizedExpression(ASTConverter.java:3882)
	at org.eclipse.jdt.core.dom.ASTConverter.convert(ASTConverter.java:1953)
	at org.eclipse.jdt.core.dom.ASTConverter.convert(ASTConverter.java:1204)
	at org.eclipse.jdt.core.dom.ASTConverter.convert(ASTConverter.java:1990)
	at org.eclipse.jdt.core.dom.ASTConverter.convert(ASTConverter.java:3124)
	at org.eclipse.jdt.core.dom.ASTConverter.convert(ASTConverter.java:2273)
	at org.eclipse.jdt.core.dom.ASTConverter.convert(ASTConverter.java:3066)
	at org.eclipse.jdt.core.dom.ASTConverter.convert(ASTConverter.java:1383)
	at org.eclipse.jdt.core.dom.ASTConverter.convert(ASTConverter.java:3042)
	at org.eclipse.jdt.core.dom.ASTConverter.convert(ASTConverter.java:2220)
	at org.eclipse.jdt.core.dom.ASTConverter.convert(ASTConverter.java:3063)
	at org.eclipse.jdt.core.dom.ASTConverter.convert(ASTConverter.java:751)
	at org.eclipse.jdt.core.dom.ASTConverter.buildBodyDeclarations(ASTConverter.java:208)
	at org.eclipse.jdt.core.dom.ASTConverter.convert(ASTConverter.java:3419)
	at org.eclipse.jdt.core.dom.ASTConverter.convert(ASTConverter.java:1534)
	at org.eclipse.jdt.core.dom.CompilationUnitResolver.convert(CompilationUnitResolver.java:344)
	at org.eclipse.jdt.core.dom.ASTParser.internalCreateAST(ASTParser.java:1272)
	at org.eclipse.jdt.core.dom.ASTParser.createAST(ASTParser.java:868)
	at org.eclipse.jdt.core.manipulation.CoreASTProvider$1.run(CoreASTProvider.java:294)
	at org.eclipse.core.runtime.SafeRunner.run(SafeRunner.java:45)
	at org.eclipse.jdt.core.manipulation.CoreASTProvider.createAST(CoreASTProvider.java:286)
	at org.eclipse.jdt.core.manipulation.CoreASTProvider.getAST(CoreASTProvider.java:199)
	at org.eclipse.jdt.core.manipulation.SharedASTProviderCore.getAST(SharedASTProviderCore.java:138)
	at org.eclipse.jdt.internal.ui.text.java.hover.JavadocHover.getHoveredASTNode(JavadocHover.java:1003)
	at org.eclipse.jdt.internal.ui.text.java.hover.JavadocHover.getInfoText(JavadocHover.java:799)
	at org.eclipse.jdt.internal.ui.text.java.hover.JavadocHover.getHoverInfo(JavadocHover.java:743)
	at org.eclipse.jdt.internal.ui.text.java.hover.JavadocHover.internalGetHoverInfo(JavadocHover.java:666)
	at org.eclipse.jdt.internal.ui.text.java.hover.JavadocHover.getHoverInfo2(JavadocHover.java:658)
	at org.eclipse.lsp4e.jdt.LSJavaHoverProvider.lambda$0(LSJavaHoverProvider.java:63)
	at java.base/java.util.concurrent.CompletableFuture$AsyncRun.run(CompletableFuture.java:1804)
	at java.base/java.util.concurrent.CompletableFuture$AsyncRun.exec(CompletableFuture.java:1796)
	at java.base/java.util.concurrent.ForkJoinTask.doExec(ForkJoinTask.java:373)
	at java.base/java.util.concurrent.ForkJoinPool$WorkQueue.topLevelExec(ForkJoinPool.java:1182)
	at java.base/java.util.concurrent.ForkJoinPool.scan(ForkJoinPool.java:1655)
	at java.base/java.util.concurrent.ForkJoinPool.runWorker(ForkJoinPool.java:1622)
	at java.base/java.util.concurrent.ForkJoinWorkerThread.run(ForkJoinWorkerThread.java:165)

!ENTRY org.eclipse.jdt.core.manipulation 4 2 2025-04-01 21:56:41.301
!MESSAGE Problems occurred when invoking code from plug-in: "org.eclipse.jdt.core.manipulation".
!STACK 0
java.lang.IllegalArgumentException
	at org.eclipse.jdt.core.dom.InfixExpression.setOperator(InfixExpression.java:383)
	at org.eclipse.jdt.core.dom.ASTConverter.convert(ASTConverter.java:880)
	at org.eclipse.jdt.core.dom.ASTConverter.convert(ASTConverter.java:2038)
	at org.eclipse.jdt.core.dom.ASTConverter.convertToParenthesizedExpression(ASTConverter.java:3882)
	at org.eclipse.jdt.core.dom.ASTConverter.convert(ASTConverter.java:1953)
	at org.eclipse.jdt.core.dom.ASTConverter.convert(ASTConverter.java:1204)
	at org.eclipse.jdt.core.dom.ASTConverter.convert(ASTConverter.java:1990)
	at org.eclipse.jdt.core.dom.ASTConverter.convert(ASTConverter.java:3124)
	at org.eclipse.jdt.core.dom.ASTConverter.convert(ASTConverter.java:2273)
	at org.eclipse.jdt.core.dom.ASTConverter.convert(ASTConverter.java:3066)
	at org.eclipse.jdt.core.dom.ASTConverter.convert(ASTConverter.java:1383)
	at org.eclipse.jdt.core.dom.ASTConverter.convert(ASTConverter.java:3042)
	at org.eclipse.jdt.core.dom.ASTConverter.convert(ASTConverter.java:2220)
	at org.eclipse.jdt.core.dom.ASTConverter.convert(ASTConverter.java:3063)
	at org.eclipse.jdt.core.dom.ASTConverter.convert(ASTConverter.java:751)
	at org.eclipse.jdt.core.dom.ASTConverter.buildBodyDeclarations(ASTConverter.java:208)
	at org.eclipse.jdt.core.dom.ASTConverter.convert(ASTConverter.java:3419)
	at org.eclipse.jdt.core.dom.ASTConverter.convert(ASTConverter.java:1534)
	at org.eclipse.jdt.core.dom.CompilationUnitResolver.convert(CompilationUnitResolver.java:344)
	at org.eclipse.jdt.core.dom.ASTParser.internalCreateAST(ASTParser.java:1272)
	at org.eclipse.jdt.core.dom.ASTParser.createAST(ASTParser.java:868)
	at org.eclipse.jdt.core.manipulation.CoreASTProvider$1.run(CoreASTProvider.java:294)
	at org.eclipse.core.runtime.SafeRunner.run(SafeRunner.java:45)
	at org.eclipse.jdt.core.manipulation.CoreASTProvider.createAST(CoreASTProvider.java:286)
	at org.eclipse.jdt.core.manipulation.CoreASTProvider.getAST(CoreASTProvider.java:199)
	at org.eclipse.jdt.core.manipulation.SharedASTProviderCore.getAST(SharedASTProviderCore.java:138)
	at org.eclipse.jdt.internal.ui.text.java.hover.JavadocHover.getHoveredASTNode(JavadocHover.java:1003)
	at org.eclipse.jdt.internal.ui.text.java.hover.JavadocHover.getInfoText(JavadocHover.java:799)
	at org.eclipse.jdt.internal.ui.text.java.hover.JavadocHover.getHoverInfo(JavadocHover.java:743)
	at org.eclipse.jdt.internal.ui.text.java.hover.JavadocHover.internalGetHoverInfo(JavadocHover.java:666)
	at org.eclipse.jdt.internal.ui.text.java.hover.JavadocHover.getHoverInfo2(JavadocHover.java:658)
	at org.eclipse.lsp4e.jdt.LSJavaHoverProvider.lambda$0(LSJavaHoverProvider.java:63)
	at java.base/java.util.concurrent.CompletableFuture$AsyncRun.run(CompletableFuture.java:1804)
	at java.base/java.util.concurrent.CompletableFuture$AsyncRun.exec(CompletableFuture.java:1796)
	at java.base/java.util.concurrent.ForkJoinTask.doExec(ForkJoinTask.java:373)
	at java.base/java.util.concurrent.ForkJoinPool$WorkQueue.topLevelExec(ForkJoinPool.java:1182)
	at java.base/java.util.concurrent.ForkJoinPool.scan(ForkJoinPool.java:1655)
	at java.base/java.util.concurrent.ForkJoinPool.runWorker(ForkJoinPool.java:1622)
	at java.base/java.util.concurrent.ForkJoinWorkerThread.run(ForkJoinWorkerThread.java:165)

!ENTRY org.eclipse.jdt.core.manipulation 4 0 2025-04-01 21:56:41.302
!MESSAGE Error in JDT Core during AST creation
!STACK 0
java.lang.IllegalArgumentException
	at org.eclipse.jdt.core.dom.InfixExpression.setOperator(InfixExpression.java:383)
	at org.eclipse.jdt.core.dom.ASTConverter.convert(ASTConverter.java:880)
	at org.eclipse.jdt.core.dom.ASTConverter.convert(ASTConverter.java:2038)
	at org.eclipse.jdt.core.dom.ASTConverter.convertToParenthesizedExpression(ASTConverter.java:3882)
	at org.eclipse.jdt.core.dom.ASTConverter.convert(ASTConverter.java:1953)
	at org.eclipse.jdt.core.dom.ASTConverter.convert(ASTConverter.java:1204)
	at org.eclipse.jdt.core.dom.ASTConverter.convert(ASTConverter.java:1990)
	at org.eclipse.jdt.core.dom.ASTConverter.convert(ASTConverter.java:3124)
	at org.eclipse.jdt.core.dom.ASTConverter.convert(ASTConverter.java:2273)
	at org.eclipse.jdt.core.dom.ASTConverter.convert(ASTConverter.java:3066)
	at org.eclipse.jdt.core.dom.ASTConverter.convert(ASTConverter.java:1383)
	at org.eclipse.jdt.core.dom.ASTConverter.convert(ASTConverter.java:3042)
	at org.eclipse.jdt.core.dom.ASTConverter.convert(ASTConverter.java:2220)
	at org.eclipse.jdt.core.dom.ASTConverter.convert(ASTConverter.java:3063)
	at org.eclipse.jdt.core.dom.ASTConverter.convert(ASTConverter.java:751)
	at org.eclipse.jdt.core.dom.ASTConverter.buildBodyDeclarations(ASTConverter.java:208)
	at org.eclipse.jdt.core.dom.ASTConverter.convert(ASTConverter.java:3419)
	at org.eclipse.jdt.core.dom.ASTConverter.convert(ASTConverter.java:1534)
	at org.eclipse.jdt.core.dom.CompilationUnitResolver.convert(CompilationUnitResolver.java:344)
	at org.eclipse.jdt.core.dom.ASTParser.internalCreateAST(ASTParser.java:1272)
	at org.eclipse.jdt.core.dom.ASTParser.createAST(ASTParser.java:868)
	at org.eclipse.jdt.core.manipulation.CoreASTProvider$1.run(CoreASTProvider.java:294)
	at org.eclipse.core.runtime.SafeRunner.run(SafeRunner.java:45)
	at org.eclipse.jdt.core.manipulation.CoreASTProvider.createAST(CoreASTProvider.java:286)
	at org.eclipse.jdt.core.manipulation.CoreASTProvider.getAST(CoreASTProvider.java:199)
	at org.eclipse.jdt.core.manipulation.SharedASTProviderCore.getAST(SharedASTProviderCore.java:138)
	at org.eclipse.jdt.internal.ui.text.java.hover.JavadocHover.getHoveredASTNode(JavadocHover.java:1003)
	at org.eclipse.jdt.internal.ui.text.java.hover.JavadocHover.getInfoText(JavadocHover.java:799)
	at org.eclipse.jdt.internal.ui.text.java.hover.JavadocHover.getHoverInfo(JavadocHover.java:743)
	at org.eclipse.jdt.internal.ui.text.java.hover.JavadocHover.internalGetHoverInfo(JavadocHover.java:666)
	at org.eclipse.jdt.internal.ui.text.java.hover.JavadocHover.getHoverInfo2(JavadocHover.java:658)
	at org.eclipse.lsp4e.jdt.LSJavaHoverProvider.lambda$0(LSJavaHoverProvider.java:63)
	at java.base/java.util.concurrent.CompletableFuture$AsyncRun.run(CompletableFuture.java:1804)
	at java.base/java.util.concurrent.CompletableFuture$AsyncRun.exec(CompletableFuture.java:1796)
	at java.base/java.util.concurrent.ForkJoinTask.doExec(ForkJoinTask.java:373)
	at java.base/java.util.concurrent.ForkJoinPool$WorkQueue.topLevelExec(ForkJoinPool.java:1182)
	at java.base/java.util.concurrent.ForkJoinPool.scan(ForkJoinPool.java:1655)
	at java.base/java.util.concurrent.ForkJoinPool.runWorker(ForkJoinPool.java:1622)
	at java.base/java.util.concurrent.ForkJoinWorkerThread.run(ForkJoinWorkerThread.java:165)

!ENTRY org.eclipse.jdt.core 4 4 2025-04-01 21:56:41.306
!MESSAGE Exception occurred during compilation unit conversion:
----------------------------------- SOURCE BEGIN -------------------------------------
package _250401;

public class A_강조하기 {

	public static void main(String[] args) {
		// TODO Auto-generated method stub
		String myString = "abstract algebra";
//		String myString = "PrOgRaMmErS";
		String answer ="";
		
		
		
		for(int i =0; i<myString.length(); i++) {
			
			if(myString.charAt(i)=='a') {
				
				answer+= Character.toUpperCase(myString.charAt(i));
			}else(myString.charAt(i)!='A' && Character.isUpperCase(myString.charAt(i)) ) {
				answer+=  Character.toLowerCase(myString.charAt(i));
			}
							
		}
		
		
		
		//char배열로 생성후 풀이
//		char[] arr  = myString.toCharArray(); 
//		
//		for(int i =0; i<myString.length(); i++) {
//			
//			if(arr[i]=='a') {
//				
//				answer+= Character.toUpperCase(arr[i]);
//			}else {
//				answer+=  Character.toLowerCase(arr[i]);
//			}
//							
//		}
		System.out.println(answer);
	}

}

----------------------------------- SOURCE END -------------------------------------
!STACK 0
java.lang.IllegalArgumentException
	at org.eclipse.jdt.core.dom.InfixExpression.setOperator(InfixExpression.java:383)
	at org.eclipse.jdt.core.dom.ASTConverter.convert(ASTConverter.java:880)
	at org.eclipse.jdt.core.dom.ASTConverter.convert(ASTConverter.java:2038)
	at org.eclipse.jdt.core.dom.ASTConverter.convertToParenthesizedExpression(ASTConverter.java:3882)
	at org.eclipse.jdt.core.dom.ASTConverter.convert(ASTConverter.java:1953)
	at org.eclipse.jdt.core.dom.ASTConverter.convert(ASTConverter.java:1204)
	at org.eclipse.jdt.core.dom.ASTConverter.convert(ASTConverter.java:1990)
	at org.eclipse.jdt.core.dom.ASTConverter.convert(ASTConverter.java:3124)
	at org.eclipse.jdt.core.dom.ASTConverter.convert(ASTConverter.java:2273)
	at org.eclipse.jdt.core.dom.ASTConverter.convert(ASTConverter.java:3066)
	at org.eclipse.jdt.core.dom.ASTConverter.convert(ASTConverter.java:1383)
	at org.eclipse.jdt.core.dom.ASTConverter.convert(ASTConverter.java:3042)
	at org.eclipse.jdt.core.dom.ASTConverter.convert(ASTConverter.java:2220)
	at org.eclipse.jdt.core.dom.ASTConverter.convert(ASTConverter.java:3063)
	at org.eclipse.jdt.core.dom.ASTConverter.convert(ASTConverter.java:751)
	at org.eclipse.jdt.core.dom.ASTConverter.buildBodyDeclarations(ASTConverter.java:208)
	at org.eclipse.jdt.core.dom.ASTConverter.convert(ASTConverter.java:3419)
	at org.eclipse.jdt.core.dom.ASTConverter.convert(ASTConverter.java:1534)
	at org.eclipse.jdt.core.dom.CompilationUnitResolver.convert(CompilationUnitResolver.java:344)
	at org.eclipse.jdt.core.dom.ASTParser.internalCreateAST(ASTParser.java:1272)
	at org.eclipse.jdt.core.dom.ASTParser.createAST(ASTParser.java:868)
	at org.eclipse.jdt.core.manipulation.CoreASTProvider$1.run(CoreASTProvider.java:294)
	at org.eclipse.core.runtime.SafeRunner.run(SafeRunner.java:45)
	at org.eclipse.jdt.core.manipulation.CoreASTProvider.createAST(CoreASTProvider.java:286)
	at org.eclipse.jdt.core.manipulation.CoreASTProvider.getAST(CoreASTProvider.java:199)
	at org.eclipse.jdt.core.manipulation.SharedASTProviderCore.getAST(SharedASTProviderCore.java:138)
	at org.eclipse.jdt.internal.ui.text.java.hover.JavadocHover.getHoveredASTNode(JavadocHover.java:1003)
	at org.eclipse.jdt.internal.ui.text.java.hover.JavadocHover.getHoveredNodeBinding(JavadocHover.java:882)
	at org.eclipse.jdt.internal.ui.text.java.hover.JavadocHover.getAnnotations(JavadocHover.java:1173)
	at org.eclipse.jdt.internal.ui.text.java.hover.JavadocHover.addAnnotations(JavadocHover.java:1137)
	at org.eclipse.jdt.internal.ui.text.java.hover.JavadocHover.getHoverInfo(JavadocHover.java:745)
	at org.eclipse.jdt.internal.ui.text.java.hover.JavadocHover.internalGetHoverInfo(JavadocHover.java:666)
	at org.eclipse.jdt.internal.ui.text.java.hover.JavadocHover.getHoverInfo2(JavadocHover.java:658)
	at org.eclipse.lsp4e.jdt.LSJavaHoverProvider.lambda$0(LSJavaHoverProvider.java:63)
	at java.base/java.util.concurrent.CompletableFuture$AsyncRun.run(CompletableFuture.java:1804)
	at java.base/java.util.concurrent.CompletableFuture$AsyncRun.exec(CompletableFuture.java:1796)
	at java.base/java.util.concurrent.ForkJoinTask.doExec(ForkJoinTask.java:373)
	at java.base/java.util.concurrent.ForkJoinPool$WorkQueue.topLevelExec(ForkJoinPool.java:1182)
	at java.base/java.util.concurrent.ForkJoinPool.scan(ForkJoinPool.java:1655)
	at java.base/java.util.concurrent.ForkJoinPool.runWorker(ForkJoinPool.java:1622)
	at java.base/java.util.concurrent.ForkJoinWorkerThread.run(ForkJoinWorkerThread.java:165)

!ENTRY org.eclipse.jdt.core.manipulation 4 2 2025-04-01 21:56:41.306
!MESSAGE Problems occurred when invoking code from plug-in: "org.eclipse.jdt.core.manipulation".
!STACK 0
java.lang.IllegalArgumentException
	at org.eclipse.jdt.core.dom.InfixExpression.setOperator(InfixExpression.java:383)
	at org.eclipse.jdt.core.dom.ASTConverter.convert(ASTConverter.java:880)
	at org.eclipse.jdt.core.dom.ASTConverter.convert(ASTConverter.java:2038)
	at org.eclipse.jdt.core.dom.ASTConverter.convertToParenthesizedExpression(ASTConverter.java:3882)
	at org.eclipse.jdt.core.dom.ASTConverter.convert(ASTConverter.java:1953)
	at org.eclipse.jdt.core.dom.ASTConverter.convert(ASTConverter.java:1204)
	at org.eclipse.jdt.core.dom.ASTConverter.convert(ASTConverter.java:1990)
	at org.eclipse.jdt.core.dom.ASTConverter.convert(ASTConverter.java:3124)
	at org.eclipse.jdt.core.dom.ASTConverter.convert(ASTConverter.java:2273)
	at org.eclipse.jdt.core.dom.ASTConverter.convert(ASTConverter.java:3066)
	at org.eclipse.jdt.core.dom.ASTConverter.convert(ASTConverter.java:1383)
	at org.eclipse.jdt.core.dom.ASTConverter.convert(ASTConverter.java:3042)
	at org.eclipse.jdt.core.dom.ASTConverter.convert(ASTConverter.java:2220)
	at org.eclipse.jdt.core.dom.ASTConverter.convert(ASTConverter.java:3063)
	at org.eclipse.jdt.core.dom.ASTConverter.convert(ASTConverter.java:751)
	at org.eclipse.jdt.core.dom.ASTConverter.buildBodyDeclarations(ASTConverter.java:208)
	at org.eclipse.jdt.core.dom.ASTConverter.convert(ASTConverter.java:3419)
	at org.eclipse.jdt.core.dom.ASTConverter.convert(ASTConverter.java:1534)
	at org.eclipse.jdt.core.dom.CompilationUnitResolver.convert(CompilationUnitResolver.java:344)
	at org.eclipse.jdt.core.dom.ASTParser.internalCreateAST(ASTParser.java:1272)
	at org.eclipse.jdt.core.dom.ASTParser.createAST(ASTParser.java:868)
	at org.eclipse.jdt.core.manipulation.CoreASTProvider$1.run(CoreASTProvider.java:294)
	at org.eclipse.core.runtime.SafeRunner.run(SafeRunner.java:45)
	at org.eclipse.jdt.core.manipulation.CoreASTProvider.createAST(CoreASTProvider.java:286)
	at org.eclipse.jdt.core.manipulation.CoreASTProvider.getAST(CoreASTProvider.java:199)
	at org.eclipse.jdt.core.manipulation.SharedASTProviderCore.getAST(SharedASTProviderCore.java:138)
	at org.eclipse.jdt.internal.ui.text.java.hover.JavadocHover.getHoveredASTNode(JavadocHover.java:1003)
	at org.eclipse.jdt.internal.ui.text.java.hover.JavadocHover.getHoveredNodeBinding(JavadocHover.java:882)
	at org.eclipse.jdt.internal.ui.text.java.hover.JavadocHover.getAnnotations(JavadocHover.java:1173)
	at org.eclipse.jdt.internal.ui.text.java.hover.JavadocHover.addAnnotations(JavadocHover.java:1137)
	at org.eclipse.jdt.internal.ui.text.java.hover.JavadocHover.getHoverInfo(JavadocHover.java:745)
	at org.eclipse.jdt.internal.ui.text.java.hover.JavadocHover.internalGetHoverInfo(JavadocHover.java:666)
	at org.eclipse.jdt.internal.ui.text.java.hover.JavadocHover.getHoverInfo2(JavadocHover.java:658)
	at org.eclipse.lsp4e.jdt.LSJavaHoverProvider.lambda$0(LSJavaHoverProvider.java:63)
	at java.base/java.util.concurrent.CompletableFuture$AsyncRun.run(CompletableFuture.java:1804)
	at java.base/java.util.concurrent.CompletableFuture$AsyncRun.exec(CompletableFuture.java:1796)
	at java.base/java.util.concurrent.ForkJoinTask.doExec(ForkJoinTask.java:373)
	at java.base/java.util.concurrent.ForkJoinPool$WorkQueue.topLevelExec(ForkJoinPool.java:1182)
	at java.base/java.util.concurrent.ForkJoinPool.scan(ForkJoinPool.java:1655)
	at java.base/java.util.concurrent.ForkJoinPool.runWorker(ForkJoinPool.java:1622)
	at java.base/java.util.concurrent.ForkJoinWorkerThread.run(ForkJoinWorkerThread.java:165)

!ENTRY org.eclipse.jdt.core.manipulation 4 0 2025-04-01 21:56:41.307
!MESSAGE Error in JDT Core during AST creation
!STACK 0
java.lang.IllegalArgumentException
	at org.eclipse.jdt.core.dom.InfixExpression.setOperator(InfixExpression.java:383)
	at org.eclipse.jdt.core.dom.ASTConverter.convert(ASTConverter.java:880)
	at org.eclipse.jdt.core.dom.ASTConverter.convert(ASTConverter.java:2038)
	at org.eclipse.jdt.core.dom.ASTConverter.convertToParenthesizedExpression(ASTConverter.java:3882)
	at org.eclipse.jdt.core.dom.ASTConverter.convert(ASTConverter.java:1953)
	at org.eclipse.jdt.core.dom.ASTConverter.convert(ASTConverter.java:1204)
	at org.eclipse.jdt.core.dom.ASTConverter.convert(ASTConverter.java:1990)
	at org.eclipse.jdt.core.dom.ASTConverter.convert(ASTConverter.java:3124)
	at org.eclipse.jdt.core.dom.ASTConverter.convert(ASTConverter.java:2273)
	at org.eclipse.jdt.core.dom.ASTConverter.convert(ASTConverter.java:3066)
	at org.eclipse.jdt.core.dom.ASTConverter.convert(ASTConverter.java:1383)
	at org.eclipse.jdt.core.dom.ASTConverter.convert(ASTConverter.java:3042)
	at org.eclipse.jdt.core.dom.ASTConverter.convert(ASTConverter.java:2220)
	at org.eclipse.jdt.core.dom.ASTConverter.convert(ASTConverter.java:3063)
	at org.eclipse.jdt.core.dom.ASTConverter.convert(ASTConverter.java:751)
	at org.eclipse.jdt.core.dom.ASTConverter.buildBodyDeclarations(ASTConverter.java:208)
	at org.eclipse.jdt.core.dom.ASTConverter.convert(ASTConverter.java:3419)
	at org.eclipse.jdt.core.dom.ASTConverter.convert(ASTConverter.java:1534)
	at org.eclipse.jdt.core.dom.CompilationUnitResolver.convert(CompilationUnitResolver.java:344)
	at org.eclipse.jdt.core.dom.ASTParser.internalCreateAST(ASTParser.java:1272)
	at org.eclipse.jdt.core.dom.ASTParser.createAST(ASTParser.java:868)
	at org.eclipse.jdt.core.manipulation.CoreASTProvider$1.run(CoreASTProvider.java:294)
	at org.eclipse.core.runtime.SafeRunner.run(SafeRunner.java:45)
	at org.eclipse.jdt.core.manipulation.CoreASTProvider.createAST(CoreASTProvider.java:286)
	at org.eclipse.jdt.core.manipulation.CoreASTProvider.getAST(CoreASTProvider.java:199)
	at org.eclipse.jdt.core.manipulation.SharedASTProviderCore.getAST(SharedASTProviderCore.java:138)
	at org.eclipse.jdt.internal.ui.text.java.hover.JavadocHover.getHoveredASTNode(JavadocHover.java:1003)
	at org.eclipse.jdt.internal.ui.text.java.hover.JavadocHover.getHoveredNodeBinding(JavadocHover.java:882)
	at org.eclipse.jdt.internal.ui.text.java.hover.JavadocHover.getAnnotations(JavadocHover.java:1173)
	at org.eclipse.jdt.internal.ui.text.java.hover.JavadocHover.addAnnotations(JavadocHover.java:1137)
	at org.eclipse.jdt.internal.ui.text.java.hover.JavadocHover.getHoverInfo(JavadocHover.java:745)
	at org.eclipse.jdt.internal.ui.text.java.hover.JavadocHover.internalGetHoverInfo(JavadocHover.java:666)
	at org.eclipse.jdt.internal.ui.text.java.hover.JavadocHover.getHoverInfo2(JavadocHover.java:658)
	at org.eclipse.lsp4e.jdt.LSJavaHoverProvider.lambda$0(LSJavaHoverProvider.java:63)
	at java.base/java.util.concurrent.CompletableFuture$AsyncRun.run(CompletableFuture.java:1804)
	at java.base/java.util.concurrent.CompletableFuture$AsyncRun.exec(CompletableFuture.java:1796)
	at java.base/java.util.concurrent.ForkJoinTask.doExec(ForkJoinTask.java:373)
	at java.base/java.util.concurrent.ForkJoinPool$WorkQueue.topLevelExec(ForkJoinPool.java:1182)
	at java.base/java.util.concurrent.ForkJoinPool.scan(ForkJoinPool.java:1655)
	at java.base/java.util.concurrent.ForkJoinPool.runWorker(ForkJoinPool.java:1622)
	at java.base/java.util.concurrent.ForkJoinWorkerThread.run(ForkJoinWorkerThread.java:165)

!ENTRY org.eclipse.jdt.core 4 4 2025-04-01 21:56:41.316
!MESSAGE Exception occurred during compilation unit conversion:
----------------------------------- SOURCE BEGIN -------------------------------------
package _250401;

public class A_강조하기 {

	public static void main(String[] args) {
		// TODO Auto-generated method stub
		String myString = "abstract algebra";
//		String myString = "PrOgRaMmErS";
		String answer ="";
		
		
		
		for(int i =0; i<myString.length(); i++) {
			
			if(myString.charAt(i)=='a') {
				
				answer+= Character.toUpperCase(myString.charAt(i));
			}else(myString.charAt(i)!='A' && Character.isUpperCase(myString.charAt(i)) ) {
				answer+=  Character.toLowerCase(myString.charAt(i));
			}
							
		}
		
		
		
		//char배열로 생성후 풀이
//		char[] arr  = myString.toCharArray(); 
//		
//		for(int i =0; i<myString.length(); i++) {
//			
//			if(arr[i]=='a') {
//				
//				answer+= Character.toUpperCase(arr[i]);
//			}else {
//				answer+=  Character.toLowerCase(arr[i]);
//			}
//							
//		}
		System.out.println(answer);
	}

}

----------------------------------- SOURCE END -------------------------------------
!STACK 0
java.lang.IllegalArgumentException
	at org.eclipse.jdt.core.dom.InfixExpression.setOperator(InfixExpression.java:383)
	at org.eclipse.jdt.core.dom.ASTConverter.convert(ASTConverter.java:880)
	at org.eclipse.jdt.core.dom.ASTConverter.convert(ASTConverter.java:2038)
	at org.eclipse.jdt.core.dom.ASTConverter.convertToParenthesizedExpression(ASTConverter.java:3882)
	at org.eclipse.jdt.core.dom.ASTConverter.convert(ASTConverter.java:1953)
	at org.eclipse.jdt.core.dom.ASTConverter.convert(ASTConverter.java:1204)
	at org.eclipse.jdt.core.dom.ASTConverter.convert(ASTConverter.java:1990)
	at org.eclipse.jdt.core.dom.ASTConverter.convert(ASTConverter.java:3124)
	at org.eclipse.jdt.core.dom.ASTConverter.convert(ASTConverter.java:2273)
	at org.eclipse.jdt.core.dom.ASTConverter.convert(ASTConverter.java:3066)
	at org.eclipse.jdt.core.dom.ASTConverter.convert(ASTConverter.java:1383)
	at org.eclipse.jdt.core.dom.ASTConverter.convert(ASTConverter.java:3042)
	at org.eclipse.jdt.core.dom.ASTConverter.convert(ASTConverter.java:2220)
	at org.eclipse.jdt.core.dom.ASTConverter.convert(ASTConverter.java:3063)
	at org.eclipse.jdt.core.dom.ASTConverter.convert(ASTConverter.java:751)
	at org.eclipse.jdt.core.dom.ASTConverter.buildBodyDeclarations(ASTConverter.java:208)
	at org.eclipse.jdt.core.dom.ASTConverter.convert(ASTConverter.java:3419)
	at org.eclipse.jdt.core.dom.ASTConverter.convert(ASTConverter.java:1534)
	at org.eclipse.jdt.core.dom.CompilationUnitResolver.convert(CompilationUnitResolver.java:344)
	at org.eclipse.jdt.core.dom.ASTParser.internalCreateAST(ASTParser.java:1272)
	at org.eclipse.jdt.core.dom.ASTParser.createAST(ASTParser.java:868)
	at org.eclipse.jdt.core.manipulation.CoreASTProvider$1.run(CoreASTProvider.java:294)
	at org.eclipse.core.runtime.SafeRunner.run(SafeRunner.java:45)
	at org.eclipse.jdt.core.manipulation.CoreASTProvider.createAST(CoreASTProvider.java:286)
	at org.eclipse.jdt.core.manipulation.CoreASTProvider.getAST(CoreASTProvider.java:199)
	at org.eclipse.jdt.core.manipulation.SharedASTProviderCore.getAST(SharedASTProviderCore.java:138)
	at org.eclipse.jdt.internal.ui.text.correction.AssistContext.getASTRoot(AssistContext.java:128)
	at org.eclipse.jdt.internal.ui.text.java.hover.ProblemHover$ProblemInfo.getJavaAnnotationFixes(ProblemHover.java:111)
	at org.eclipse.jdt.internal.ui.text.java.hover.ProblemHover$ProblemInfo.computeCompletionProposals(ProblemHover.java:89)
	at org.eclipse.jdt.internal.ui.text.java.hover.ProblemHover$ProblemInfo.<init>(ProblemHover.java:74)
	at org.eclipse.jdt.internal.ui.text.java.hover.ProblemHover.createAnnotationInfo(ProblemHover.java:178)
	at org.eclipse.jdt.internal.ui.text.java.hover.AbstractAnnotationHover.getHoverInfo2(AbstractAnnotationHover.java:755)
	at org.eclipse.jdt.internal.ui.text.java.hover.BestMatchHover.getHoverInfo2(BestMatchHover.java:163)
	at org.eclipse.jdt.internal.ui.text.java.hover.BestMatchHover.getHoverInfo2(BestMatchHover.java:130)
	at org.eclipse.jdt.internal.ui.text.java.hover.JavaEditorTextHoverProxy.getHoverInfo2(JavaEditorTextHoverProxy.java:89)
	at org.eclipse.jface.text.TextViewerHoverManager$1.run(TextViewerHoverManager.java:155)

!ENTRY org.eclipse.jdt.core.manipulation 4 2 2025-04-01 21:56:41.317
!MESSAGE Problems occurred when invoking code from plug-in: "org.eclipse.jdt.core.manipulation".
!STACK 0
java.lang.IllegalArgumentException
	at org.eclipse.jdt.core.dom.InfixExpression.setOperator(InfixExpression.java:383)
	at org.eclipse.jdt.core.dom.ASTConverter.convert(ASTConverter.java:880)
	at org.eclipse.jdt.core.dom.ASTConverter.convert(ASTConverter.java:2038)
	at org.eclipse.jdt.core.dom.ASTConverter.convertToParenthesizedExpression(ASTConverter.java:3882)
	at org.eclipse.jdt.core.dom.ASTConverter.convert(ASTConverter.java:1953)
	at org.eclipse.jdt.core.dom.ASTConverter.convert(ASTConverter.java:1204)
	at org.eclipse.jdt.core.dom.ASTConverter.convert(ASTConverter.java:1990)
	at org.eclipse.jdt.core.dom.ASTConverter.convert(ASTConverter.java:3124)
	at org.eclipse.jdt.core.dom.ASTConverter.convert(ASTConverter.java:2273)
	at org.eclipse.jdt.core.dom.ASTConverter.convert(ASTConverter.java:3066)
	at org.eclipse.jdt.core.dom.ASTConverter.convert(ASTConverter.java:1383)
	at org.eclipse.jdt.core.dom.ASTConverter.convert(ASTConverter.java:3042)
	at org.eclipse.jdt.core.dom.ASTConverter.convert(ASTConverter.java:2220)
	at org.eclipse.jdt.core.dom.ASTConverter.convert(ASTConverter.java:3063)
	at org.eclipse.jdt.core.dom.ASTConverter.convert(ASTConverter.java:751)
	at org.eclipse.jdt.core.dom.ASTConverter.buildBodyDeclarations(ASTConverter.java:208)
	at org.eclipse.jdt.core.dom.ASTConverter.convert(ASTConverter.java:3419)
	at org.eclipse.jdt.core.dom.ASTConverter.convert(ASTConverter.java:1534)
	at org.eclipse.jdt.core.dom.CompilationUnitResolver.convert(CompilationUnitResolver.java:344)
	at org.eclipse.jdt.core.dom.ASTParser.internalCreateAST(ASTParser.java:1272)
	at org.eclipse.jdt.core.dom.ASTParser.createAST(ASTParser.java:868)
	at org.eclipse.jdt.core.manipulation.CoreASTProvider$1.run(CoreASTProvider.java:294)
	at org.eclipse.core.runtime.SafeRunner.run(SafeRunner.java:45)
	at org.eclipse.jdt.core.manipulation.CoreASTProvider.createAST(CoreASTProvider.java:286)
	at org.eclipse.jdt.core.manipulation.CoreASTProvider.getAST(CoreASTProvider.java:199)
	at org.eclipse.jdt.core.manipulation.SharedASTProviderCore.getAST(SharedASTProviderCore.java:138)
	at org.eclipse.jdt.internal.ui.text.correction.AssistContext.getASTRoot(AssistContext.java:128)
	at org.eclipse.jdt.internal.ui.text.java.hover.ProblemHover$ProblemInfo.getJavaAnnotationFixes(ProblemHover.java:111)
	at org.eclipse.jdt.internal.ui.text.java.hover.ProblemHover$ProblemInfo.computeCompletionProposals(ProblemHover.java:89)
	at org.eclipse.jdt.internal.ui.text.java.hover.ProblemHover$ProblemInfo.<init>(ProblemHover.java:74)
	at org.eclipse.jdt.internal.ui.text.java.hover.ProblemHover.createAnnotationInfo(ProblemHover.java:178)
	at org.eclipse.jdt.internal.ui.text.java.hover.AbstractAnnotationHover.getHoverInfo2(AbstractAnnotationHover.java:755)
	at org.eclipse.jdt.internal.ui.text.java.hover.BestMatchHover.getHoverInfo2(BestMatchHover.java:163)
	at org.eclipse.jdt.internal.ui.text.java.hover.BestMatchHover.getHoverInfo2(BestMatchHover.java:130)
	at org.eclipse.jdt.internal.ui.text.java.hover.JavaEditorTextHoverProxy.getHoverInfo2(JavaEditorTextHoverProxy.java:89)
	at org.eclipse.jface.text.TextViewerHoverManager$1.run(TextViewerHoverManager.java:155)

!ENTRY org.eclipse.jdt.core.manipulation 4 0 2025-04-01 21:56:41.318
!MESSAGE Error in JDT Core during AST creation
!STACK 0
java.lang.IllegalArgumentException
	at org.eclipse.jdt.core.dom.InfixExpression.setOperator(InfixExpression.java:383)
	at org.eclipse.jdt.core.dom.ASTConverter.convert(ASTConverter.java:880)
	at org.eclipse.jdt.core.dom.ASTConverter.convert(ASTConverter.java:2038)
	at org.eclipse.jdt.core.dom.ASTConverter.convertToParenthesizedExpression(ASTConverter.java:3882)
	at org.eclipse.jdt.core.dom.ASTConverter.convert(ASTConverter.java:1953)
	at org.eclipse.jdt.core.dom.ASTConverter.convert(ASTConverter.java:1204)
	at org.eclipse.jdt.core.dom.ASTConverter.convert(ASTConverter.java:1990)
	at org.eclipse.jdt.core.dom.ASTConverter.convert(ASTConverter.java:3124)
	at org.eclipse.jdt.core.dom.ASTConverter.convert(ASTConverter.java:2273)
	at org.eclipse.jdt.core.dom.ASTConverter.convert(ASTConverter.java:3066)
	at org.eclipse.jdt.core.dom.ASTConverter.convert(ASTConverter.java:1383)
	at org.eclipse.jdt.core.dom.ASTConverter.convert(ASTConverter.java:3042)
	at org.eclipse.jdt.core.dom.ASTConverter.convert(ASTConverter.java:2220)
	at org.eclipse.jdt.core.dom.ASTConverter.convert(ASTConverter.java:3063)
	at org.eclipse.jdt.core.dom.ASTConverter.convert(ASTConverter.java:751)
	at org.eclipse.jdt.core.dom.ASTConverter.buildBodyDeclarations(ASTConverter.java:208)
	at org.eclipse.jdt.core.dom.ASTConverter.convert(ASTConverter.java:3419)
	at org.eclipse.jdt.core.dom.ASTConverter.convert(ASTConverter.java:1534)
	at org.eclipse.jdt.core.dom.CompilationUnitResolver.convert(CompilationUnitResolver.java:344)
	at org.eclipse.jdt.core.dom.ASTParser.internalCreateAST(ASTParser.java:1272)
	at org.eclipse.jdt.core.dom.ASTParser.createAST(ASTParser.java:868)
	at org.eclipse.jdt.core.manipulation.CoreASTProvider$1.run(CoreASTProvider.java:294)
	at org.eclipse.core.runtime.SafeRunner.run(SafeRunner.java:45)
	at org.eclipse.jdt.core.manipulation.CoreASTProvider.createAST(CoreASTProvider.java:286)
	at org.eclipse.jdt.core.manipulation.CoreASTProvider.getAST(CoreASTProvider.java:199)
	at org.eclipse.jdt.core.manipulation.SharedASTProviderCore.getAST(SharedASTProviderCore.java:138)
	at org.eclipse.jdt.internal.ui.text.correction.AssistContext.getASTRoot(AssistContext.java:128)
	at org.eclipse.jdt.internal.ui.text.java.hover.ProblemHover$ProblemInfo.getJavaAnnotationFixes(ProblemHover.java:111)
	at org.eclipse.jdt.internal.ui.text.java.hover.ProblemHover$ProblemInfo.computeCompletionProposals(ProblemHover.java:89)
	at org.eclipse.jdt.internal.ui.text.java.hover.ProblemHover$ProblemInfo.<init>(ProblemHover.java:74)
	at org.eclipse.jdt.internal.ui.text.java.hover.ProblemHover.createAnnotationInfo(ProblemHover.java:178)
	at org.eclipse.jdt.internal.ui.text.java.hover.AbstractAnnotationHover.getHoverInfo2(AbstractAnnotationHover.java:755)
	at org.eclipse.jdt.internal.ui.text.java.hover.BestMatchHover.getHoverInfo2(BestMatchHover.java:163)
	at org.eclipse.jdt.internal.ui.text.java.hover.BestMatchHover.getHoverInfo2(BestMatchHover.java:130)
	at org.eclipse.jdt.internal.ui.text.java.hover.JavaEditorTextHoverProxy.getHoverInfo2(JavaEditorTextHoverProxy.java:89)
	at org.eclipse.jface.text.TextViewerHoverManager$1.run(TextViewerHoverManager.java:155)

!ENTRY org.eclipse.jdt.core 4 4 2025-04-01 21:56:41.321
!MESSAGE Exception occurred during compilation unit conversion:
----------------------------------- SOURCE BEGIN -------------------------------------
package _250401;

public class A_강조하기 {

	public static void main(String[] args) {
		// TODO Auto-generated method stub
		String myString = "abstract algebra";
//		String myString = "PrOgRaMmErS";
		String answer ="";
		
		
		
		for(int i =0; i<myString.length(); i++) {
			
			if(myString.charAt(i)=='a') {
				
				answer+= Character.toUpperCase(myString.charAt(i));
			}else(myString.charAt(i)!='A' && Character.isUpperCase(myString.charAt(i)) ) {
				answer+=  Character.toLowerCase(myString.charAt(i));
			}
							
		}
		
		
		
		//char배열로 생성후 풀이
//		char[] arr  = myString.toCharArray(); 
//		
//		for(int i =0; i<myString.length(); i++) {
//			
//			if(arr[i]=='a') {
//				
//				answer+= Character.toUpperCase(arr[i]);
//			}else {
//				answer+=  Character.toLowerCase(arr[i]);
//			}
//							
//		}
		System.out.println(answer);
	}

}

----------------------------------- SOURCE END -------------------------------------
!STACK 0
java.lang.IllegalArgumentException
	at org.eclipse.jdt.core.dom.InfixExpression.setOperator(InfixExpression.java:383)
	at org.eclipse.jdt.core.dom.ASTConverter.convert(ASTConverter.java:880)
	at org.eclipse.jdt.core.dom.ASTConverter.convert(ASTConverter.java:2038)
	at org.eclipse.jdt.core.dom.ASTConverter.convertToParenthesizedExpression(ASTConverter.java:3882)
	at org.eclipse.jdt.core.dom.ASTConverter.convert(ASTConverter.java:1953)
	at org.eclipse.jdt.core.dom.ASTConverter.convert(ASTConverter.java:1204)
	at org.eclipse.jdt.core.dom.ASTConverter.convert(ASTConverter.java:1990)
	at org.eclipse.jdt.core.dom.ASTConverter.convert(ASTConverter.java:3124)
	at org.eclipse.jdt.core.dom.ASTConverter.convert(ASTConverter.java:2273)
	at org.eclipse.jdt.core.dom.ASTConverter.convert(ASTConverter.java:3066)
	at org.eclipse.jdt.core.dom.ASTConverter.convert(ASTConverter.java:1383)
	at org.eclipse.jdt.core.dom.ASTConverter.convert(ASTConverter.java:3042)
	at org.eclipse.jdt.core.dom.ASTConverter.convert(ASTConverter.java:2220)
	at org.eclipse.jdt.core.dom.ASTConverter.convert(ASTConverter.java:3063)
	at org.eclipse.jdt.core.dom.ASTConverter.convert(ASTConverter.java:751)
	at org.eclipse.jdt.core.dom.ASTConverter.buildBodyDeclarations(ASTConverter.java:208)
	at org.eclipse.jdt.core.dom.ASTConverter.convert(ASTConverter.java:3419)
	at org.eclipse.jdt.core.dom.ASTConverter.convert(ASTConverter.java:1534)
	at org.eclipse.jdt.core.dom.CompilationUnitResolver.convert(CompilationUnitResolver.java:344)
	at org.eclipse.jdt.core.dom.ASTParser.internalCreateAST(ASTParser.java:1272)
	at org.eclipse.jdt.core.dom.ASTParser.createAST(ASTParser.java:868)
	at org.eclipse.jdt.internal.core.manipulation.dom.ASTResolving.createQuickFixAST(ASTResolving.java:1052)
	at org.eclipse.jdt.internal.ui.text.correction.AssistContext.getASTRoot(AssistContext.java:131)
	at org.eclipse.jdt.internal.ui.text.java.hover.ProblemHover$ProblemInfo.getJavaAnnotationFixes(ProblemHover.java:111)
	at org.eclipse.jdt.internal.ui.text.java.hover.ProblemHover$ProblemInfo.computeCompletionProposals(ProblemHover.java:89)
	at org.eclipse.jdt.internal.ui.text.java.hover.ProblemHover$ProblemInfo.<init>(ProblemHover.java:74)
	at org.eclipse.jdt.internal.ui.text.java.hover.ProblemHover.createAnnotationInfo(ProblemHover.java:178)
	at org.eclipse.jdt.internal.ui.text.java.hover.AbstractAnnotationHover.getHoverInfo2(AbstractAnnotationHover.java:755)
	at org.eclipse.jdt.internal.ui.text.java.hover.BestMatchHover.getHoverInfo2(BestMatchHover.java:163)
	at org.eclipse.jdt.internal.ui.text.java.hover.BestMatchHover.getHoverInfo2(BestMatchHover.java:130)
	at org.eclipse.jdt.internal.ui.text.java.hover.JavaEditorTextHoverProxy.getHoverInfo2(JavaEditorTextHoverProxy.java:89)
	at org.eclipse.jface.text.TextViewerHoverManager$1.run(TextViewerHoverManager.java:155)

!ENTRY org.eclipse.jface.text 4 0 2025-04-01 21:56:41.322
!MESSAGE Unexpected runtime error while computing a text hover
!STACK 0
java.lang.IllegalArgumentException
	at org.eclipse.jdt.core.dom.InfixExpression.setOperator(InfixExpression.java:383)
	at org.eclipse.jdt.core.dom.ASTConverter.convert(ASTConverter.java:880)
	at org.eclipse.jdt.core.dom.ASTConverter.convert(ASTConverter.java:2038)
	at org.eclipse.jdt.core.dom.ASTConverter.convertToParenthesizedExpression(ASTConverter.java:3882)
	at org.eclipse.jdt.core.dom.ASTConverter.convert(ASTConverter.java:1953)
	at org.eclipse.jdt.core.dom.ASTConverter.convert(ASTConverter.java:1204)
	at org.eclipse.jdt.core.dom.ASTConverter.convert(ASTConverter.java:1990)
	at org.eclipse.jdt.core.dom.ASTConverter.convert(ASTConverter.java:3124)
	at org.eclipse.jdt.core.dom.ASTConverter.convert(ASTConverter.java:2273)
	at org.eclipse.jdt.core.dom.ASTConverter.convert(ASTConverter.java:3066)
	at org.eclipse.jdt.core.dom.ASTConverter.convert(ASTConverter.java:1383)
	at org.eclipse.jdt.core.dom.ASTConverter.convert(ASTConverter.java:3042)
	at org.eclipse.jdt.core.dom.ASTConverter.convert(ASTConverter.java:2220)
	at org.eclipse.jdt.core.dom.ASTConverter.convert(ASTConverter.java:3063)
	at org.eclipse.jdt.core.dom.ASTConverter.convert(ASTConverter.java:751)
	at org.eclipse.jdt.core.dom.ASTConverter.buildBodyDeclarations(ASTConverter.java:208)
	at org.eclipse.jdt.core.dom.ASTConverter.convert(ASTConverter.java:3419)
	at org.eclipse.jdt.core.dom.ASTConverter.convert(ASTConverter.java:1534)
	at org.eclipse.jdt.core.dom.CompilationUnitResolver.convert(CompilationUnitResolver.java:344)
	at org.eclipse.jdt.core.dom.ASTParser.internalCreateAST(ASTParser.java:1272)
	at org.eclipse.jdt.core.dom.ASTParser.createAST(ASTParser.java:868)
	at org.eclipse.jdt.internal.core.manipulation.dom.ASTResolving.createQuickFixAST(ASTResolving.java:1052)
	at org.eclipse.jdt.internal.ui.text.correction.AssistContext.getASTRoot(AssistContext.java:131)
	at org.eclipse.jdt.internal.ui.text.java.hover.ProblemHover$ProblemInfo.getJavaAnnotationFixes(ProblemHover.java:111)
	at org.eclipse.jdt.internal.ui.text.java.hover.ProblemHover$ProblemInfo.computeCompletionProposals(ProblemHover.java:89)
	at org.eclipse.jdt.internal.ui.text.java.hover.ProblemHover$ProblemInfo.<init>(ProblemHover.java:74)
	at org.eclipse.jdt.internal.ui.text.java.hover.ProblemHover.createAnnotationInfo(ProblemHover.java:178)
	at org.eclipse.jdt.internal.ui.text.java.hover.AbstractAnnotationHover.getHoverInfo2(AbstractAnnotationHover.java:755)
	at org.eclipse.jdt.internal.ui.text.java.hover.BestMatchHover.getHoverInfo2(BestMatchHover.java:163)
	at org.eclipse.jdt.internal.ui.text.java.hover.BestMatchHover.getHoverInfo2(BestMatchHover.java:130)
	at org.eclipse.jdt.internal.ui.text.java.hover.JavaEditorTextHoverProxy.getHoverInfo2(JavaEditorTextHoverProxy.java:89)
	at org.eclipse.jface.text.TextViewerHoverManager$1.run(TextViewerHoverManager.java:155)

!ENTRY org.eclipse.jdt.core 4 4 2025-04-01 21:56:58.395
!MESSAGE Exception occurred during compilation unit conversion:
----------------------------------- SOURCE BEGIN -------------------------------------
package _250401;

public class A_강조하기 {

	public static void main(String[] args) {
		// TODO Auto-generated method stub
		String myString = "abstract algebra";
//		String myString = "PrOgRaMmErS";
		String answer ="";
		
		
		
		for(int i =0; i<myString.length(); i++) {
			
			if(myString.charAt(i)=='a') {
				
				answer+= Character.toUpperCase(myString.charAt(i));
			}else(myString.charAt(i)!='A' && Character.isUpperCase(myString.charAt(i) ) {
				answer+=  Character.toLowerCase(myString.charAt(i));
			}
							
		}
		
		
		
		//char배열로 생성후 풀이
//		char[] arr  = myString.toCharArray(); 
//		
//		for(int i =0; i<myString.length(); i++) {
//			
//			if(arr[i]=='a') {
//				
//				answer+= Character.toUpperCase(arr[i]);
//			}else {
//				answer+=  Character.toLowerCase(arr[i]);
//			}
//							
//		}
		System.out.println(answer);
	}

}

----------------------------------- SOURCE END -------------------------------------
!STACK 0
java.lang.IllegalArgumentException
	at org.eclipse.jdt.core.dom.InfixExpression.setOperator(InfixExpression.java:383)
	at org.eclipse.jdt.core.dom.ASTConverter.convert(ASTConverter.java:880)
	at org.eclipse.jdt.core.dom.ASTConverter.convert(ASTConverter.java:2038)
	at org.eclipse.jdt.core.dom.ASTConverter.convertToParenthesizedExpression(ASTConverter.java:3882)
	at org.eclipse.jdt.core.dom.ASTConverter.convert(ASTConverter.java:1953)
	at org.eclipse.jdt.core.dom.ASTConverter.convert(ASTConverter.java:1204)
	at org.eclipse.jdt.core.dom.ASTConverter.convert(ASTConverter.java:1990)
	at org.eclipse.jdt.core.dom.ASTConverter.convert(ASTConverter.java:3124)
	at org.eclipse.jdt.core.dom.ASTConverter.convert(ASTConverter.java:2273)
	at org.eclipse.jdt.core.dom.ASTConverter.convert(ASTConverter.java:3066)
	at org.eclipse.jdt.core.dom.ASTConverter.convert(ASTConverter.java:1383)
	at org.eclipse.jdt.core.dom.ASTConverter.convert(ASTConverter.java:3042)
	at org.eclipse.jdt.core.dom.ASTConverter.convert(ASTConverter.java:2220)
	at org.eclipse.jdt.core.dom.ASTConverter.convert(ASTConverter.java:3063)
	at org.eclipse.jdt.core.dom.ASTConverter.convert(ASTConverter.java:751)
	at org.eclipse.jdt.core.dom.ASTConverter.buildBodyDeclarations(ASTConverter.java:208)
	at org.eclipse.jdt.core.dom.ASTConverter.convert(ASTConverter.java:3419)
	at org.eclipse.jdt.core.dom.ASTConverter.convert(ASTConverter.java:1534)
	at org.eclipse.jdt.core.dom.AST.convertCompilationUnit(AST.java:561)
	at org.eclipse.jdt.internal.core.CompilationUnit.buildStructure(CompilationUnit.java:201)
	at org.eclipse.jdt.internal.core.Openable.generateInfos(Openable.java:266)
	at org.eclipse.jdt.internal.core.JavaElement.openWhenClosed(JavaElement.java:597)
	at org.eclipse.jdt.internal.core.CompilationUnit.makeConsistent(CompilationUnit.java:1148)
	at org.eclipse.jdt.internal.core.ReconcileWorkingCopyOperation.makeConsistent(ReconcileWorkingCopyOperation.java:173)
	at org.eclipse.jdt.internal.core.ReconcileWorkingCopyOperation.executeOperation(ReconcileWorkingCopyOperation.java:94)
	at org.eclipse.jdt.internal.core.JavaModelOperation.run(JavaModelOperation.java:740)
	at org.eclipse.jdt.internal.core.JavaModelOperation.runOperation(JavaModelOperation.java:806)
	at org.eclipse.jdt.internal.core.CompilationUnit.reconcile(CompilationUnit.java:1325)
	at org.eclipse.jdt.internal.ui.text.java.JavaReconcilingStrategy.reconcile(JavaReconcilingStrategy.java:132)
	at org.eclipse.jdt.internal.ui.text.java.JavaReconcilingStrategy$1.run(JavaReconcilingStrategy.java:94)
	at org.eclipse.core.runtime.SafeRunner.run(SafeRunner.java:45)
	at org.eclipse.jdt.internal.ui.text.java.JavaReconcilingStrategy.reconcile(JavaReconcilingStrategy.java:91)
	at org.eclipse.jdt.internal.ui.text.java.JavaReconcilingStrategy.reconcile(JavaReconcilingStrategy.java:158)
	at org.eclipse.jdt.internal.ui.text.CompositeReconcilingStrategy.reconcile(CompositeReconcilingStrategy.java:94)
	at org.eclipse.jdt.internal.ui.text.JavaCompositeReconcilingStrategy.reconcile(JavaCompositeReconcilingStrategy.java:107)
	at org.eclipse.jface.text.reconciler.MonoReconciler.process(MonoReconciler.java:78)
	at org.eclipse.jface.text.reconciler.AbstractReconciler$BackgroundThread.run(AbstractReconciler.java:207)

!ENTRY org.eclipse.jdt.ui 4 2 2025-04-01 21:56:58.395
!MESSAGE Problems occurred when invoking code from plug-in: "org.eclipse.jdt.ui".
!STACK 0
java.lang.IllegalArgumentException
	at org.eclipse.jdt.core.dom.InfixExpression.setOperator(InfixExpression.java:383)
	at org.eclipse.jdt.core.dom.ASTConverter.convert(ASTConverter.java:880)
	at org.eclipse.jdt.core.dom.ASTConverter.convert(ASTConverter.java:2038)
	at org.eclipse.jdt.core.dom.ASTConverter.convertToParenthesizedExpression(ASTConverter.java:3882)
	at org.eclipse.jdt.core.dom.ASTConverter.convert(ASTConverter.java:1953)
	at org.eclipse.jdt.core.dom.ASTConverter.convert(ASTConverter.java:1204)
	at org.eclipse.jdt.core.dom.ASTConverter.convert(ASTConverter.java:1990)
	at org.eclipse.jdt.core.dom.ASTConverter.convert(ASTConverter.java:3124)
	at org.eclipse.jdt.core.dom.ASTConverter.convert(ASTConverter.java:2273)
	at org.eclipse.jdt.core.dom.ASTConverter.convert(ASTConverter.java:3066)
	at org.eclipse.jdt.core.dom.ASTConverter.convert(ASTConverter.java:1383)
	at org.eclipse.jdt.core.dom.ASTConverter.convert(ASTConverter.java:3042)
	at org.eclipse.jdt.core.dom.ASTConverter.convert(ASTConverter.java:2220)
	at org.eclipse.jdt.core.dom.ASTConverter.convert(ASTConverter.java:3063)
	at org.eclipse.jdt.core.dom.ASTConverter.convert(ASTConverter.java:751)
	at org.eclipse.jdt.core.dom.ASTConverter.buildBodyDeclarations(ASTConverter.java:208)
	at org.eclipse.jdt.core.dom.ASTConverter.convert(ASTConverter.java:3419)
	at org.eclipse.jdt.core.dom.ASTConverter.convert(ASTConverter.java:1534)
	at org.eclipse.jdt.core.dom.AST.convertCompilationUnit(AST.java:561)
	at org.eclipse.jdt.internal.core.CompilationUnit.buildStructure(CompilationUnit.java:201)
	at org.eclipse.jdt.internal.core.Openable.generateInfos(Openable.java:266)
	at org.eclipse.jdt.internal.core.JavaElement.openWhenClosed(JavaElement.java:597)
	at org.eclipse.jdt.internal.core.CompilationUnit.makeConsistent(CompilationUnit.java:1148)
	at org.eclipse.jdt.internal.core.ReconcileWorkingCopyOperation.makeConsistent(ReconcileWorkingCopyOperation.java:173)
	at org.eclipse.jdt.internal.core.ReconcileWorkingCopyOperation.executeOperation(ReconcileWorkingCopyOperation.java:94)
	at org.eclipse.jdt.internal.core.JavaModelOperation.run(JavaModelOperation.java:740)
	at org.eclipse.jdt.internal.core.JavaModelOperation.runOperation(JavaModelOperation.java:806)
	at org.eclipse.jdt.internal.core.CompilationUnit.reconcile(CompilationUnit.java:1325)
	at org.eclipse.jdt.internal.ui.text.java.JavaReconcilingStrategy.reconcile(JavaReconcilingStrategy.java:132)
	at org.eclipse.jdt.internal.ui.text.java.JavaReconcilingStrategy$1.run(JavaReconcilingStrategy.java:94)
	at org.eclipse.core.runtime.SafeRunner.run(SafeRunner.java:45)
	at org.eclipse.jdt.internal.ui.text.java.JavaReconcilingStrategy.reconcile(JavaReconcilingStrategy.java:91)
	at org.eclipse.jdt.internal.ui.text.java.JavaReconcilingStrategy.reconcile(JavaReconcilingStrategy.java:158)
	at org.eclipse.jdt.internal.ui.text.CompositeReconcilingStrategy.reconcile(CompositeReconcilingStrategy.java:94)
	at org.eclipse.jdt.internal.ui.text.JavaCompositeReconcilingStrategy.reconcile(JavaCompositeReconcilingStrategy.java:107)
	at org.eclipse.jface.text.reconciler.MonoReconciler.process(MonoReconciler.java:78)
	at org.eclipse.jface.text.reconciler.AbstractReconciler$BackgroundThread.run(AbstractReconciler.java:207)

!ENTRY org.eclipse.jdt.ui 4 0 2025-04-01 21:56:58.396
!MESSAGE Error in JDT Core during reconcile
!STACK 0
java.lang.IllegalArgumentException
	at org.eclipse.jdt.core.dom.InfixExpression.setOperator(InfixExpression.java:383)
	at org.eclipse.jdt.core.dom.ASTConverter.convert(ASTConverter.java:880)
	at org.eclipse.jdt.core.dom.ASTConverter.convert(ASTConverter.java:2038)
	at org.eclipse.jdt.core.dom.ASTConverter.convertToParenthesizedExpression(ASTConverter.java:3882)
	at org.eclipse.jdt.core.dom.ASTConverter.convert(ASTConverter.java:1953)
	at org.eclipse.jdt.core.dom.ASTConverter.convert(ASTConverter.java:1204)
	at org.eclipse.jdt.core.dom.ASTConverter.convert(ASTConverter.java:1990)
	at org.eclipse.jdt.core.dom.ASTConverter.convert(ASTConverter.java:3124)
	at org.eclipse.jdt.core.dom.ASTConverter.convert(ASTConverter.java:2273)
	at org.eclipse.jdt.core.dom.ASTConverter.convert(ASTConverter.java:3066)
	at org.eclipse.jdt.core.dom.ASTConverter.convert(ASTConverter.java:1383)
	at org.eclipse.jdt.core.dom.ASTConverter.convert(ASTConverter.java:3042)
	at org.eclipse.jdt.core.dom.ASTConverter.convert(ASTConverter.java:2220)
	at org.eclipse.jdt.core.dom.ASTConverter.convert(ASTConverter.java:3063)
	at org.eclipse.jdt.core.dom.ASTConverter.convert(ASTConverter.java:751)
	at org.eclipse.jdt.core.dom.ASTConverter.buildBodyDeclarations(ASTConverter.java:208)
	at org.eclipse.jdt.core.dom.ASTConverter.convert(ASTConverter.java:3419)
	at org.eclipse.jdt.core.dom.ASTConverter.convert(ASTConverter.java:1534)
	at org.eclipse.jdt.core.dom.AST.convertCompilationUnit(AST.java:561)
	at org.eclipse.jdt.internal.core.CompilationUnit.buildStructure(CompilationUnit.java:201)
	at org.eclipse.jdt.internal.core.Openable.generateInfos(Openable.java:266)
	at org.eclipse.jdt.internal.core.JavaElement.openWhenClosed(JavaElement.java:597)
	at org.eclipse.jdt.internal.core.CompilationUnit.makeConsistent(CompilationUnit.java:1148)
	at org.eclipse.jdt.internal.core.ReconcileWorkingCopyOperation.makeConsistent(ReconcileWorkingCopyOperation.java:173)
	at org.eclipse.jdt.internal.core.ReconcileWorkingCopyOperation.executeOperation(ReconcileWorkingCopyOperation.java:94)
	at org.eclipse.jdt.internal.core.JavaModelOperation.run(JavaModelOperation.java:740)
	at org.eclipse.jdt.internal.core.JavaModelOperation.runOperation(JavaModelOperation.java:806)
	at org.eclipse.jdt.internal.core.CompilationUnit.reconcile(CompilationUnit.java:1325)
	at org.eclipse.jdt.internal.ui.text.java.JavaReconcilingStrategy.reconcile(JavaReconcilingStrategy.java:132)
	at org.eclipse.jdt.internal.ui.text.java.JavaReconcilingStrategy$1.run(JavaReconcilingStrategy.java:94)
	at org.eclipse.core.runtime.SafeRunner.run(SafeRunner.java:45)
	at org.eclipse.jdt.internal.ui.text.java.JavaReconcilingStrategy.reconcile(JavaReconcilingStrategy.java:91)
	at org.eclipse.jdt.internal.ui.text.java.JavaReconcilingStrategy.reconcile(JavaReconcilingStrategy.java:158)
	at org.eclipse.jdt.internal.ui.text.CompositeReconcilingStrategy.reconcile(CompositeReconcilingStrategy.java:94)
	at org.eclipse.jdt.internal.ui.text.JavaCompositeReconcilingStrategy.reconcile(JavaCompositeReconcilingStrategy.java:107)
	at org.eclipse.jface.text.reconciler.MonoReconciler.process(MonoReconciler.java:78)
	at org.eclipse.jface.text.reconciler.AbstractReconciler$BackgroundThread.run(AbstractReconciler.java:207)

!ENTRY org.eclipse.jdt.core 4 4 2025-04-01 21:57:08.577
!MESSAGE Exception occurred during compilation unit conversion:
----------------------------------- SOURCE BEGIN -------------------------------------
package _250401;

public class A_강조하기 {

	public static void main(String[] args) {
		// TODO Auto-generated method stub
		String myString = "abstract algebra";
//		String myString = "PrOgRaMmErS";
		String answer ="";
		
		
		
		for(int i =0; i<myString.length(); i++) {
			
			if(myString.charAt(i)=='a') {
				
				answer+= Character.toUpperCase(myString.charAt(i));
			}else(myString.charAt(i)!='A' && Character.isUpperCase(myString.charAt(i)) ) {
				answer+=  Character.toLowerCase(myString.charAt(i));
			}
							
		}
		
		
		
		//char배열로 생성후 풀이
//		char[] arr  = myString.toCharArray(); 
//		
//		for(int i =0; i<myString.length(); i++) {
//			
//			if(arr[i]=='a') {
//				
//				answer+= Character.toUpperCase(arr[i]);
//			}else {
//				answer+=  Character.toLowerCase(arr[i]);
//			}
//							
//		}
		System.out.println(answer);
	}

}

----------------------------------- SOURCE END -------------------------------------
!STACK 0
java.lang.IllegalArgumentException
	at org.eclipse.jdt.core.dom.InfixExpression.setOperator(InfixExpression.java:383)
	at org.eclipse.jdt.core.dom.ASTConverter.convert(ASTConverter.java:880)
	at org.eclipse.jdt.core.dom.ASTConverter.convert(ASTConverter.java:2038)
	at org.eclipse.jdt.core.dom.ASTConverter.convertToParenthesizedExpression(ASTConverter.java:3882)
	at org.eclipse.jdt.core.dom.ASTConverter.convert(ASTConverter.java:1953)
	at org.eclipse.jdt.core.dom.ASTConverter.convert(ASTConverter.java:1204)
	at org.eclipse.jdt.core.dom.ASTConverter.convert(ASTConverter.java:1990)
	at org.eclipse.jdt.core.dom.ASTConverter.convert(ASTConverter.java:3124)
	at org.eclipse.jdt.core.dom.ASTConverter.convert(ASTConverter.java:2273)
	at org.eclipse.jdt.core.dom.ASTConverter.convert(ASTConverter.java:3066)
	at org.eclipse.jdt.core.dom.ASTConverter.convert(ASTConverter.java:1383)
	at org.eclipse.jdt.core.dom.ASTConverter.convert(ASTConverter.java:3042)
	at org.eclipse.jdt.core.dom.ASTConverter.convert(ASTConverter.java:2220)
	at org.eclipse.jdt.core.dom.ASTConverter.convert(ASTConverter.java:3063)
	at org.eclipse.jdt.core.dom.ASTConverter.convert(ASTConverter.java:751)
	at org.eclipse.jdt.core.dom.ASTConverter.buildBodyDeclarations(ASTConverter.java:208)
	at org.eclipse.jdt.core.dom.ASTConverter.convert(ASTConverter.java:3419)
	at org.eclipse.jdt.core.dom.ASTConverter.convert(ASTConverter.java:1534)
	at org.eclipse.jdt.core.dom.AST.convertCompilationUnit(AST.java:561)
	at org.eclipse.jdt.internal.core.CompilationUnit.buildStructure(CompilationUnit.java:201)
	at org.eclipse.jdt.internal.core.Openable.generateInfos(Openable.java:266)
	at org.eclipse.jdt.internal.core.JavaElement.openWhenClosed(JavaElement.java:597)
	at org.eclipse.jdt.internal.core.CompilationUnit.makeConsistent(CompilationUnit.java:1148)
	at org.eclipse.jdt.internal.core.ReconcileWorkingCopyOperation.makeConsistent(ReconcileWorkingCopyOperation.java:173)
	at org.eclipse.jdt.internal.core.ReconcileWorkingCopyOperation.executeOperation(ReconcileWorkingCopyOperation.java:94)
	at org.eclipse.jdt.internal.core.JavaModelOperation.run(JavaModelOperation.java:740)
	at org.eclipse.jdt.internal.core.JavaModelOperation.runOperation(JavaModelOperation.java:806)
	at org.eclipse.jdt.internal.core.CompilationUnit.reconcile(CompilationUnit.java:1325)
	at org.eclipse.jdt.internal.ui.text.java.JavaReconcilingStrategy.reconcile(JavaReconcilingStrategy.java:132)
	at org.eclipse.jdt.internal.ui.text.java.JavaReconcilingStrategy$1.run(JavaReconcilingStrategy.java:94)
	at org.eclipse.core.runtime.SafeRunner.run(SafeRunner.java:45)
	at org.eclipse.jdt.internal.ui.text.java.JavaReconcilingStrategy.reconcile(JavaReconcilingStrategy.java:91)
	at org.eclipse.jdt.internal.ui.text.java.JavaReconcilingStrategy.reconcile(JavaReconcilingStrategy.java:158)
	at org.eclipse.jdt.internal.ui.text.CompositeReconcilingStrategy.reconcile(CompositeReconcilingStrategy.java:94)
	at org.eclipse.jdt.internal.ui.text.JavaCompositeReconcilingStrategy.reconcile(JavaCompositeReconcilingStrategy.java:107)
	at org.eclipse.jface.text.reconciler.MonoReconciler.process(MonoReconciler.java:78)
	at org.eclipse.jface.text.reconciler.AbstractReconciler$BackgroundThread.run(AbstractReconciler.java:207)

!ENTRY org.eclipse.jdt.ui 4 2 2025-04-01 21:57:08.578
!MESSAGE Problems occurred when invoking code from plug-in: "org.eclipse.jdt.ui".
!STACK 0
java.lang.IllegalArgumentException
	at org.eclipse.jdt.core.dom.InfixExpression.setOperator(InfixExpression.java:383)
	at org.eclipse.jdt.core.dom.ASTConverter.convert(ASTConverter.java:880)
	at org.eclipse.jdt.core.dom.ASTConverter.convert(ASTConverter.java:2038)
	at org.eclipse.jdt.core.dom.ASTConverter.convertToParenthesizedExpression(ASTConverter.java:3882)
	at org.eclipse.jdt.core.dom.ASTConverter.convert(ASTConverter.java:1953)
	at org.eclipse.jdt.core.dom.ASTConverter.convert(ASTConverter.java:1204)
	at org.eclipse.jdt.core.dom.ASTConverter.convert(ASTConverter.java:1990)
	at org.eclipse.jdt.core.dom.ASTConverter.convert(ASTConverter.java:3124)
	at org.eclipse.jdt.core.dom.ASTConverter.convert(ASTConverter.java:2273)
	at org.eclipse.jdt.core.dom.ASTConverter.convert(ASTConverter.java:3066)
	at org.eclipse.jdt.core.dom.ASTConverter.convert(ASTConverter.java:1383)
	at org.eclipse.jdt.core.dom.ASTConverter.convert(ASTConverter.java:3042)
	at org.eclipse.jdt.core.dom.ASTConverter.convert(ASTConverter.java:2220)
	at org.eclipse.jdt.core.dom.ASTConverter.convert(ASTConverter.java:3063)
	at org.eclipse.jdt.core.dom.ASTConverter.convert(ASTConverter.java:751)
	at org.eclipse.jdt.core.dom.ASTConverter.buildBodyDeclarations(ASTConverter.java:208)
	at org.eclipse.jdt.core.dom.ASTConverter.convert(ASTConverter.java:3419)
	at org.eclipse.jdt.core.dom.ASTConverter.convert(ASTConverter.java:1534)
	at org.eclipse.jdt.core.dom.AST.convertCompilationUnit(AST.java:561)
	at org.eclipse.jdt.internal.core.CompilationUnit.buildStructure(CompilationUnit.java:201)
	at org.eclipse.jdt.internal.core.Openable.generateInfos(Openable.java:266)
	at org.eclipse.jdt.internal.core.JavaElement.openWhenClosed(JavaElement.java:597)
	at org.eclipse.jdt.internal.core.CompilationUnit.makeConsistent(CompilationUnit.java:1148)
	at org.eclipse.jdt.internal.core.ReconcileWorkingCopyOperation.makeConsistent(ReconcileWorkingCopyOperation.java:173)
	at org.eclipse.jdt.internal.core.ReconcileWorkingCopyOperation.executeOperation(ReconcileWorkingCopyOperation.java:94)
	at org.eclipse.jdt.internal.core.JavaModelOperation.run(JavaModelOperation.java:740)
	at org.eclipse.jdt.internal.core.JavaModelOperation.runOperation(JavaModelOperation.java:806)
	at org.eclipse.jdt.internal.core.CompilationUnit.reconcile(CompilationUnit.java:1325)
	at org.eclipse.jdt.internal.ui.text.java.JavaReconcilingStrategy.reconcile(JavaReconcilingStrategy.java:132)
	at org.eclipse.jdt.internal.ui.text.java.JavaReconcilingStrategy$1.run(JavaReconcilingStrategy.java:94)
	at org.eclipse.core.runtime.SafeRunner.run(SafeRunner.java:45)
	at org.eclipse.jdt.internal.ui.text.java.JavaReconcilingStrategy.reconcile(JavaReconcilingStrategy.java:91)
	at org.eclipse.jdt.internal.ui.text.java.JavaReconcilingStrategy.reconcile(JavaReconcilingStrategy.java:158)
	at org.eclipse.jdt.internal.ui.text.CompositeReconcilingStrategy.reconcile(CompositeReconcilingStrategy.java:94)
	at org.eclipse.jdt.internal.ui.text.JavaCompositeReconcilingStrategy.reconcile(JavaCompositeReconcilingStrategy.java:107)
	at org.eclipse.jface.text.reconciler.MonoReconciler.process(MonoReconciler.java:78)
	at org.eclipse.jface.text.reconciler.AbstractReconciler$BackgroundThread.run(AbstractReconciler.java:207)

!ENTRY org.eclipse.jdt.ui 4 0 2025-04-01 21:57:08.579
!MESSAGE Error in JDT Core during reconcile
!STACK 0
java.lang.IllegalArgumentException
	at org.eclipse.jdt.core.dom.InfixExpression.setOperator(InfixExpression.java:383)
	at org.eclipse.jdt.core.dom.ASTConverter.convert(ASTConverter.java:880)
	at org.eclipse.jdt.core.dom.ASTConverter.convert(ASTConverter.java:2038)
	at org.eclipse.jdt.core.dom.ASTConverter.convertToParenthesizedExpression(ASTConverter.java:3882)
	at org.eclipse.jdt.core.dom.ASTConverter.convert(ASTConverter.java:1953)
	at org.eclipse.jdt.core.dom.ASTConverter.convert(ASTConverter.java:1204)
	at org.eclipse.jdt.core.dom.ASTConverter.convert(ASTConverter.java:1990)
	at org.eclipse.jdt.core.dom.ASTConverter.convert(ASTConverter.java:3124)
	at org.eclipse.jdt.core.dom.ASTConverter.convert(ASTConverter.java:2273)
	at org.eclipse.jdt.core.dom.ASTConverter.convert(ASTConverter.java:3066)
	at org.eclipse.jdt.core.dom.ASTConverter.convert(ASTConverter.java:1383)
	at org.eclipse.jdt.core.dom.ASTConverter.convert(ASTConverter.java:3042)
	at org.eclipse.jdt.core.dom.ASTConverter.convert(ASTConverter.java:2220)
	at org.eclipse.jdt.core.dom.ASTConverter.convert(ASTConverter.java:3063)
	at org.eclipse.jdt.core.dom.ASTConverter.convert(ASTConverter.java:751)
	at org.eclipse.jdt.core.dom.ASTConverter.buildBodyDeclarations(ASTConverter.java:208)
	at org.eclipse.jdt.core.dom.ASTConverter.convert(ASTConverter.java:3419)
	at org.eclipse.jdt.core.dom.ASTConverter.convert(ASTConverter.java:1534)
	at org.eclipse.jdt.core.dom.AST.convertCompilationUnit(AST.java:561)
	at org.eclipse.jdt.internal.core.CompilationUnit.buildStructure(CompilationUnit.java:201)
	at org.eclipse.jdt.internal.core.Openable.generateInfos(Openable.java:266)
	at org.eclipse.jdt.internal.core.JavaElement.openWhenClosed(JavaElement.java:597)
	at org.eclipse.jdt.internal.core.CompilationUnit.makeConsistent(CompilationUnit.java:1148)
	at org.eclipse.jdt.internal.core.ReconcileWorkingCopyOperation.makeConsistent(ReconcileWorkingCopyOperation.java:173)
	at org.eclipse.jdt.internal.core.ReconcileWorkingCopyOperation.executeOperation(ReconcileWorkingCopyOperation.java:94)
	at org.eclipse.jdt.internal.core.JavaModelOperation.run(JavaModelOperation.java:740)
	at org.eclipse.jdt.internal.core.JavaModelOperation.runOperation(JavaModelOperation.java:806)
	at org.eclipse.jdt.internal.core.CompilationUnit.reconcile(CompilationUnit.java:1325)
	at org.eclipse.jdt.internal.ui.text.java.JavaReconcilingStrategy.reconcile(JavaReconcilingStrategy.java:132)
	at org.eclipse.jdt.internal.ui.text.java.JavaReconcilingStrategy$1.run(JavaReconcilingStrategy.java:94)
	at org.eclipse.core.runtime.SafeRunner.run(SafeRunner.java:45)
	at org.eclipse.jdt.internal.ui.text.java.JavaReconcilingStrategy.reconcile(JavaReconcilingStrategy.java:91)
	at org.eclipse.jdt.internal.ui.text.java.JavaReconcilingStrategy.reconcile(JavaReconcilingStrategy.java:158)
	at org.eclipse.jdt.internal.ui.text.CompositeReconcilingStrategy.reconcile(CompositeReconcilingStrategy.java:94)
	at org.eclipse.jdt.internal.ui.text.JavaCompositeReconcilingStrategy.reconcile(JavaCompositeReconcilingStrategy.java:107)
	at org.eclipse.jface.text.reconciler.MonoReconciler.process(MonoReconciler.java:78)
	at org.eclipse.jface.text.reconciler.AbstractReconciler$BackgroundThread.run(AbstractReconciler.java:207)

!ENTRY org.eclipse.jdt.core 4 4 2025-04-01 21:57:08.585
!MESSAGE Exception occurred during compilation unit conversion:
----------------------------------- SOURCE BEGIN -------------------------------------
package _250401;

public class A_강조하기 {

	public static void main(String[] args) {
		// TODO Auto-generated method stub
		String myString = "abstract algebra";
//		String myString = "PrOgRaMmErS";
		String answer ="";
		
		
		
		for(int i =0; i<myString.length(); i++) {
			
			if(myString.charAt(i)=='a') {
				
				answer+= Character.toUpperCase(myString.charAt(i));
			}else(myString.charAt(i)!='A' && Character.isUpperCase(myString.charAt(i)) ) {
				answer+=  Character.toLowerCase(myString.charAt(i));
			}
							
		}
		
		
		
		//char배열로 생성후 풀이
//		char[] arr  = myString.toCharArray(); 
//		
//		for(int i =0; i<myString.length(); i++) {
//			
//			if(arr[i]=='a') {
//				
//				answer+= Character.toUpperCase(arr[i]);
//			}else {
//				answer+=  Character.toLowerCase(arr[i]);
//			}
//							
//		}
		System.out.println(answer);
	}

}

----------------------------------- SOURCE END -------------------------------------
!STACK 0
java.lang.IllegalArgumentException
	at org.eclipse.jdt.core.dom.InfixExpression.setOperator(InfixExpression.java:383)
	at org.eclipse.jdt.core.dom.ASTConverter.convert(ASTConverter.java:880)
	at org.eclipse.jdt.core.dom.ASTConverter.convert(ASTConverter.java:2038)
	at org.eclipse.jdt.core.dom.ASTConverter.convertToParenthesizedExpression(ASTConverter.java:3882)
	at org.eclipse.jdt.core.dom.ASTConverter.convert(ASTConverter.java:1953)
	at org.eclipse.jdt.core.dom.ASTConverter.convert(ASTConverter.java:1204)
	at org.eclipse.jdt.core.dom.ASTConverter.convert(ASTConverter.java:1990)
	at org.eclipse.jdt.core.dom.ASTConverter.convert(ASTConverter.java:3124)
	at org.eclipse.jdt.core.dom.ASTConverter.convert(ASTConverter.java:2273)
	at org.eclipse.jdt.core.dom.ASTConverter.convert(ASTConverter.java:3066)
	at org.eclipse.jdt.core.dom.ASTConverter.convert(ASTConverter.java:1383)
	at org.eclipse.jdt.core.dom.ASTConverter.convert(ASTConverter.java:3042)
	at org.eclipse.jdt.core.dom.ASTConverter.convert(ASTConverter.java:2220)
	at org.eclipse.jdt.core.dom.ASTConverter.convert(ASTConverter.java:3063)
	at org.eclipse.jdt.core.dom.ASTConverter.convert(ASTConverter.java:751)
	at org.eclipse.jdt.core.dom.ASTConverter.buildBodyDeclarations(ASTConverter.java:208)
	at org.eclipse.jdt.core.dom.ASTConverter.convert(ASTConverter.java:3419)
	at org.eclipse.jdt.core.dom.ASTConverter.convert(ASTConverter.java:1534)
	at org.eclipse.jdt.core.dom.CompilationUnitResolver.convert(CompilationUnitResolver.java:344)
	at org.eclipse.jdt.core.dom.ASTParser.internalCreateAST(ASTParser.java:1272)
	at org.eclipse.jdt.core.dom.ASTParser.createAST(ASTParser.java:868)
	at org.eclipse.jdt.core.manipulation.CoreASTProvider$1.run(CoreASTProvider.java:294)
	at org.eclipse.core.runtime.SafeRunner.run(SafeRunner.java:45)
	at org.eclipse.jdt.core.manipulation.CoreASTProvider.createAST(CoreASTProvider.java:286)
	at org.eclipse.jdt.core.manipulation.CoreASTProvider.getAST(CoreASTProvider.java:199)
	at org.eclipse.jdt.core.manipulation.CoreASTProvider.getAST(CoreASTProvider.java:189)
	at org.eclipse.jdt.core.manipulation.SharedASTProviderCore.getAST(SharedASTProviderCore.java:138)
	at org.eclipse.jdt.internal.ui.viewsupport.SelectionListenerWithASTManager$PartListenerGroup.calculateASTandInform(SelectionListenerWithASTManager.java:166)
	at org.eclipse.jdt.internal.ui.viewsupport.SelectionListenerWithASTManager$PartListenerGroup$1.run(SelectionListenerWithASTManager.java:151)
	at org.eclipse.core.internal.jobs.Worker.run(Worker.java:63)

!ENTRY org.eclipse.jdt.core.manipulation 4 2 2025-04-01 21:57:08.586
!MESSAGE Problems occurred when invoking code from plug-in: "org.eclipse.jdt.core.manipulation".
!STACK 0
java.lang.IllegalArgumentException
	at org.eclipse.jdt.core.dom.InfixExpression.setOperator(InfixExpression.java:383)
	at org.eclipse.jdt.core.dom.ASTConverter.convert(ASTConverter.java:880)
	at org.eclipse.jdt.core.dom.ASTConverter.convert(ASTConverter.java:2038)
	at org.eclipse.jdt.core.dom.ASTConverter.convertToParenthesizedExpression(ASTConverter.java:3882)
	at org.eclipse.jdt.core.dom.ASTConverter.convert(ASTConverter.java:1953)
	at org.eclipse.jdt.core.dom.ASTConverter.convert(ASTConverter.java:1204)
	at org.eclipse.jdt.core.dom.ASTConverter.convert(ASTConverter.java:1990)
	at org.eclipse.jdt.core.dom.ASTConverter.convert(ASTConverter.java:3124)
	at org.eclipse.jdt.core.dom.ASTConverter.convert(ASTConverter.java:2273)
	at org.eclipse.jdt.core.dom.ASTConverter.convert(ASTConverter.java:3066)
	at org.eclipse.jdt.core.dom.ASTConverter.convert(ASTConverter.java:1383)
	at org.eclipse.jdt.core.dom.ASTConverter.convert(ASTConverter.java:3042)
	at org.eclipse.jdt.core.dom.ASTConverter.convert(ASTConverter.java:2220)
	at org.eclipse.jdt.core.dom.ASTConverter.convert(ASTConverter.java:3063)
	at org.eclipse.jdt.core.dom.ASTConverter.convert(ASTConverter.java:751)
	at org.eclipse.jdt.core.dom.ASTConverter.buildBodyDeclarations(ASTConverter.java:208)
	at org.eclipse.jdt.core.dom.ASTConverter.convert(ASTConverter.java:3419)
	at org.eclipse.jdt.core.dom.ASTConverter.convert(ASTConverter.java:1534)
	at org.eclipse.jdt.core.dom.CompilationUnitResolver.convert(CompilationUnitResolver.java:344)
	at org.eclipse.jdt.core.dom.ASTParser.internalCreateAST(ASTParser.java:1272)
	at org.eclipse.jdt.core.dom.ASTParser.createAST(ASTParser.java:868)
	at org.eclipse.jdt.core.manipulation.CoreASTProvider$1.run(CoreASTProvider.java:294)
	at org.eclipse.core.runtime.SafeRunner.run(SafeRunner.java:45)
	at org.eclipse.jdt.core.manipulation.CoreASTProvider.createAST(CoreASTProvider.java:286)
	at org.eclipse.jdt.core.manipulation.CoreASTProvider.getAST(CoreASTProvider.java:199)
	at org.eclipse.jdt.core.manipulation.CoreASTProvider.getAST(CoreASTProvider.java:189)
	at org.eclipse.jdt.core.manipulation.SharedASTProviderCore.getAST(SharedASTProviderCore.java:138)
	at org.eclipse.jdt.internal.ui.viewsupport.SelectionListenerWithASTManager$PartListenerGroup.calculateASTandInform(SelectionListenerWithASTManager.java:166)
	at org.eclipse.jdt.internal.ui.viewsupport.SelectionListenerWithASTManager$PartListenerGroup$1.run(SelectionListenerWithASTManager.java:151)
	at org.eclipse.core.internal.jobs.Worker.run(Worker.java:63)

!ENTRY org.eclipse.jdt.core.manipulation 4 0 2025-04-01 21:57:08.587
!MESSAGE Error in JDT Core during AST creation
!STACK 0
java.lang.IllegalArgumentException
	at org.eclipse.jdt.core.dom.InfixExpression.setOperator(InfixExpression.java:383)
	at org.eclipse.jdt.core.dom.ASTConverter.convert(ASTConverter.java:880)
	at org.eclipse.jdt.core.dom.ASTConverter.convert(ASTConverter.java:2038)
	at org.eclipse.jdt.core.dom.ASTConverter.convertToParenthesizedExpression(ASTConverter.java:3882)
	at org.eclipse.jdt.core.dom.ASTConverter.convert(ASTConverter.java:1953)
	at org.eclipse.jdt.core.dom.ASTConverter.convert(ASTConverter.java:1204)
	at org.eclipse.jdt.core.dom.ASTConverter.convert(ASTConverter.java:1990)
	at org.eclipse.jdt.core.dom.ASTConverter.convert(ASTConverter.java:3124)
	at org.eclipse.jdt.core.dom.ASTConverter.convert(ASTConverter.java:2273)
	at org.eclipse.jdt.core.dom.ASTConverter.convert(ASTConverter.java:3066)
	at org.eclipse.jdt.core.dom.ASTConverter.convert(ASTConverter.java:1383)
	at org.eclipse.jdt.core.dom.ASTConverter.convert(ASTConverter.java:3042)
	at org.eclipse.jdt.core.dom.ASTConverter.convert(ASTConverter.java:2220)
	at org.eclipse.jdt.core.dom.ASTConverter.convert(ASTConverter.java:3063)
	at org.eclipse.jdt.core.dom.ASTConverter.convert(ASTConverter.java:751)
	at org.eclipse.jdt.core.dom.ASTConverter.buildBodyDeclarations(ASTConverter.java:208)
	at org.eclipse.jdt.core.dom.ASTConverter.convert(ASTConverter.java:3419)
	at org.eclipse.jdt.core.dom.ASTConverter.convert(ASTConverter.java:1534)
	at org.eclipse.jdt.core.dom.CompilationUnitResolver.convert(CompilationUnitResolver.java:344)
	at org.eclipse.jdt.core.dom.ASTParser.internalCreateAST(ASTParser.java:1272)
	at org.eclipse.jdt.core.dom.ASTParser.createAST(ASTParser.java:868)
	at org.eclipse.jdt.core.manipulation.CoreASTProvider$1.run(CoreASTProvider.java:294)
	at org.eclipse.core.runtime.SafeRunner.run(SafeRunner.java:45)
	at org.eclipse.jdt.core.manipulation.CoreASTProvider.createAST(CoreASTProvider.java:286)
	at org.eclipse.jdt.core.manipulation.CoreASTProvider.getAST(CoreASTProvider.java:199)
	at org.eclipse.jdt.core.manipulation.CoreASTProvider.getAST(CoreASTProvider.java:189)
	at org.eclipse.jdt.core.manipulation.SharedASTProviderCore.getAST(SharedASTProviderCore.java:138)
	at org.eclipse.jdt.internal.ui.viewsupport.SelectionListenerWithASTManager$PartListenerGroup.calculateASTandInform(SelectionListenerWithASTManager.java:166)
	at org.eclipse.jdt.internal.ui.viewsupport.SelectionListenerWithASTManager$PartListenerGroup$1.run(SelectionListenerWithASTManager.java:151)
	at org.eclipse.core.internal.jobs.Worker.run(Worker.java:63)

!ENTRY org.eclipse.jdt.core 4 4 2025-04-01 21:57:09.498
!MESSAGE Exception occurred during compilation unit conversion:
----------------------------------- SOURCE BEGIN -------------------------------------
package _250401;

public class A_강조하기 {

	public static void main(String[] args) {
		// TODO Auto-generated method stub
		String myString = "abstract algebra";
//		String myString = "PrOgRaMmErS";
		String answer ="";
		
		
		
		for(int i =0; i<myString.length(); i++) {
			
			if(myString.charAt(i)=='a') {
				
				answer+= Character.toUpperCase(myString.charAt(i));
			}else(myString.charAt(i)!='A' && Character.isUpperCase(myString.charAt(i)) ) {
				answer+=  Character.toLowerCase(myString.charAt(i));
			}
							
		}
		
		
		
		//char배열로 생성후 풀이
//		char[] arr  = myString.toCharArray(); 
//		
//		for(int i =0; i<myString.length(); i++) {
//			
//			if(arr[i]=='a') {
//				
//				answer+= Character.toUpperCase(arr[i]);
//			}else {
//				answer+=  Character.toLowerCase(arr[i]);
//			}
//							
//		}
		System.out.println(answer);
	}

}

----------------------------------- SOURCE END -------------------------------------
!STACK 0
java.lang.IllegalArgumentException
	at org.eclipse.jdt.core.dom.InfixExpression.setOperator(InfixExpression.java:383)
	at org.eclipse.jdt.core.dom.ASTConverter.convert(ASTConverter.java:880)
	at org.eclipse.jdt.core.dom.ASTConverter.convert(ASTConverter.java:2038)
	at org.eclipse.jdt.core.dom.ASTConverter.convertToParenthesizedExpression(ASTConverter.java:3882)
	at org.eclipse.jdt.core.dom.ASTConverter.convert(ASTConverter.java:1953)
	at org.eclipse.jdt.core.dom.ASTConverter.convert(ASTConverter.java:1204)
	at org.eclipse.jdt.core.dom.ASTConverter.convert(ASTConverter.java:1990)
	at org.eclipse.jdt.core.dom.ASTConverter.convert(ASTConverter.java:3124)
	at org.eclipse.jdt.core.dom.ASTConverter.convert(ASTConverter.java:2273)
	at org.eclipse.jdt.core.dom.ASTConverter.convert(ASTConverter.java:3066)
	at org.eclipse.jdt.core.dom.ASTConverter.convert(ASTConverter.java:1383)
	at org.eclipse.jdt.core.dom.ASTConverter.convert(ASTConverter.java:3042)
	at org.eclipse.jdt.core.dom.ASTConverter.convert(ASTConverter.java:2220)
	at org.eclipse.jdt.core.dom.ASTConverter.convert(ASTConverter.java:3063)
	at org.eclipse.jdt.core.dom.ASTConverter.convert(ASTConverter.java:751)
	at org.eclipse.jdt.core.dom.ASTConverter.buildBodyDeclarations(ASTConverter.java:208)
	at org.eclipse.jdt.core.dom.ASTConverter.convert(ASTConverter.java:3419)
	at org.eclipse.jdt.core.dom.ASTConverter.convert(ASTConverter.java:1534)
	at org.eclipse.jdt.core.dom.CompilationUnitResolver.convert(CompilationUnitResolver.java:344)
	at org.eclipse.jdt.core.dom.ASTParser.internalCreateAST(ASTParser.java:1272)
	at org.eclipse.jdt.core.dom.ASTParser.createAST(ASTParser.java:868)
	at org.eclipse.jdt.core.manipulation.CoreASTProvider$1.run(CoreASTProvider.java:294)
	at org.eclipse.core.runtime.SafeRunner.run(SafeRunner.java:45)
	at org.eclipse.jdt.core.manipulation.CoreASTProvider.createAST(CoreASTProvider.java:286)
	at org.eclipse.jdt.core.manipulation.CoreASTProvider.getAST(CoreASTProvider.java:199)
	at org.eclipse.jdt.core.manipulation.SharedASTProviderCore.getAST(SharedASTProviderCore.java:138)
	at org.eclipse.jdt.internal.ui.viewsupport.SelectionListenerWithASTManager$PartListenerGroup.calculateASTandInform(SelectionListenerWithASTManager.java:166)
	at org.eclipse.jdt.internal.ui.viewsupport.SelectionListenerWithASTManager$PartListenerGroup$1.run(SelectionListenerWithASTManager.java:151)
	at org.eclipse.core.internal.jobs.Worker.run(Worker.java:63)

!ENTRY org.eclipse.jdt.core.manipulation 4 2 2025-04-01 21:57:09.499
!MESSAGE Problems occurred when invoking code from plug-in: "org.eclipse.jdt.core.manipulation".
!STACK 0
java.lang.IllegalArgumentException
	at org.eclipse.jdt.core.dom.InfixExpression.setOperator(InfixExpression.java:383)
	at org.eclipse.jdt.core.dom.ASTConverter.convert(ASTConverter.java:880)
	at org.eclipse.jdt.core.dom.ASTConverter.convert(ASTConverter.java:2038)
	at org.eclipse.jdt.core.dom.ASTConverter.convertToParenthesizedExpression(ASTConverter.java:3882)
	at org.eclipse.jdt.core.dom.ASTConverter.convert(ASTConverter.java:1953)
	at org.eclipse.jdt.core.dom.ASTConverter.convert(ASTConverter.java:1204)
	at org.eclipse.jdt.core.dom.ASTConverter.convert(ASTConverter.java:1990)
	at org.eclipse.jdt.core.dom.ASTConverter.convert(ASTConverter.java:3124)
	at org.eclipse.jdt.core.dom.ASTConverter.convert(ASTConverter.java:2273)
	at org.eclipse.jdt.core.dom.ASTConverter.convert(ASTConverter.java:3066)
	at org.eclipse.jdt.core.dom.ASTConverter.convert(ASTConverter.java:1383)
	at org.eclipse.jdt.core.dom.ASTConverter.convert(ASTConverter.java:3042)
	at org.eclipse.jdt.core.dom.ASTConverter.convert(ASTConverter.java:2220)
	at org.eclipse.jdt.core.dom.ASTConverter.convert(ASTConverter.java:3063)
	at org.eclipse.jdt.core.dom.ASTConverter.convert(ASTConverter.java:751)
	at org.eclipse.jdt.core.dom.ASTConverter.buildBodyDeclarations(ASTConverter.java:208)
	at org.eclipse.jdt.core.dom.ASTConverter.convert(ASTConverter.java:3419)
	at org.eclipse.jdt.core.dom.ASTConverter.convert(ASTConverter.java:1534)
	at org.eclipse.jdt.core.dom.CompilationUnitResolver.convert(CompilationUnitResolver.java:344)
	at org.eclipse.jdt.core.dom.ASTParser.internalCreateAST(ASTParser.java:1272)
	at org.eclipse.jdt.core.dom.ASTParser.createAST(ASTParser.java:868)
	at org.eclipse.jdt.core.manipulation.CoreASTProvider$1.run(CoreASTProvider.java:294)
	at org.eclipse.core.runtime.SafeRunner.run(SafeRunner.java:45)
	at org.eclipse.jdt.core.manipulation.CoreASTProvider.createAST(CoreASTProvider.java:286)
	at org.eclipse.jdt.core.manipulation.CoreASTProvider.getAST(CoreASTProvider.java:199)
	at org.eclipse.jdt.core.manipulation.SharedASTProviderCore.getAST(SharedASTProviderCore.java:138)
	at org.eclipse.jdt.internal.ui.viewsupport.SelectionListenerWithASTManager$PartListenerGroup.calculateASTandInform(SelectionListenerWithASTManager.java:166)
	at org.eclipse.jdt.internal.ui.viewsupport.SelectionListenerWithASTManager$PartListenerGroup$1.run(SelectionListenerWithASTManager.java:151)
	at org.eclipse.core.internal.jobs.Worker.run(Worker.java:63)

!ENTRY org.eclipse.jdt.core.manipulation 4 0 2025-04-01 21:57:09.499
!MESSAGE Error in JDT Core during AST creation
!STACK 0
java.lang.IllegalArgumentException
	at org.eclipse.jdt.core.dom.InfixExpression.setOperator(InfixExpression.java:383)
	at org.eclipse.jdt.core.dom.ASTConverter.convert(ASTConverter.java:880)
	at org.eclipse.jdt.core.dom.ASTConverter.convert(ASTConverter.java:2038)
	at org.eclipse.jdt.core.dom.ASTConverter.convertToParenthesizedExpression(ASTConverter.java:3882)
	at org.eclipse.jdt.core.dom.ASTConverter.convert(ASTConverter.java:1953)
	at org.eclipse.jdt.core.dom.ASTConverter.convert(ASTConverter.java:1204)
	at org.eclipse.jdt.core.dom.ASTConverter.convert(ASTConverter.java:1990)
	at org.eclipse.jdt.core.dom.ASTConverter.convert(ASTConverter.java:3124)
	at org.eclipse.jdt.core.dom.ASTConverter.convert(ASTConverter.java:2273)
	at org.eclipse.jdt.core.dom.ASTConverter.convert(ASTConverter.java:3066)
	at org.eclipse.jdt.core.dom.ASTConverter.convert(ASTConverter.java:1383)
	at org.eclipse.jdt.core.dom.ASTConverter.convert(ASTConverter.java:3042)
	at org.eclipse.jdt.core.dom.ASTConverter.convert(ASTConverter.java:2220)
	at org.eclipse.jdt.core.dom.ASTConverter.convert(ASTConverter.java:3063)
	at org.eclipse.jdt.core.dom.ASTConverter.convert(ASTConverter.java:751)
	at org.eclipse.jdt.core.dom.ASTConverter.buildBodyDeclarations(ASTConverter.java:208)
	at org.eclipse.jdt.core.dom.ASTConverter.convert(ASTConverter.java:3419)
	at org.eclipse.jdt.core.dom.ASTConverter.convert(ASTConverter.java:1534)
	at org.eclipse.jdt.core.dom.CompilationUnitResolver.convert(CompilationUnitResolver.java:344)
	at org.eclipse.jdt.core.dom.ASTParser.internalCreateAST(ASTParser.java:1272)
	at org.eclipse.jdt.core.dom.ASTParser.createAST(ASTParser.java:868)
	at org.eclipse.jdt.core.manipulation.CoreASTProvider$1.run(CoreASTProvider.java:294)
	at org.eclipse.core.runtime.SafeRunner.run(SafeRunner.java:45)
	at org.eclipse.jdt.core.manipulation.CoreASTProvider.createAST(CoreASTProvider.java:286)
	at org.eclipse.jdt.core.manipulation.CoreASTProvider.getAST(CoreASTProvider.java:199)
	at org.eclipse.jdt.core.manipulation.SharedASTProviderCore.getAST(SharedASTProviderCore.java:138)
	at org.eclipse.jdt.internal.ui.viewsupport.SelectionListenerWithASTManager$PartListenerGroup.calculateASTandInform(SelectionListenerWithASTManager.java:166)
	at org.eclipse.jdt.internal.ui.viewsupport.SelectionListenerWithASTManager$PartListenerGroup$1.run(SelectionListenerWithASTManager.java:151)
	at org.eclipse.core.internal.jobs.Worker.run(Worker.java:63)

!ENTRY org.eclipse.jdt.core 4 4 2025-04-01 21:57:10.559
!MESSAGE Exception occurred during compilation unit conversion:
----------------------------------- SOURCE BEGIN -------------------------------------
package _250401;

public class A_강조하기 {

	public static void main(String[] args) {
		// TODO Auto-generated method stub
		String myString = "abstract algebra";
//		String myString = "PrOgRaMmErS";
		String answer ="";
		
		
		
		for(int i =0; i<myString.length(); i++) {
			
			if(myString.charAt(i)=='a') {
				
				answer+= Character.toUpperCase(myString.charAt(i));
			}else(myString.charAt(i)!='A' && Character.isUpperCase(myString.charAt(i)) ) {
				answer+=  Character.toLowerCase(myString.charAt(i));
			}
							
		}
		
		
		
		//char배열로 생성후 풀이
//		char[] arr  = myString.toCharArray(); 
//		
//		for(int i =0; i<myString.length(); i++) {
//			
//			if(arr[i]=='a') {
//				
//				answer+= Character.toUpperCase(arr[i]);
//			}else {
//				answer+=  Character.toLowerCase(arr[i]);
//			}
//							
//		}
		System.out.println(answer);
	}

}

----------------------------------- SOURCE END -------------------------------------
!STACK 0
java.lang.IllegalArgumentException
	at org.eclipse.jdt.core.dom.InfixExpression.setOperator(InfixExpression.java:383)
	at org.eclipse.jdt.core.dom.ASTConverter.convert(ASTConverter.java:880)
	at org.eclipse.jdt.core.dom.ASTConverter.convert(ASTConverter.java:2038)
	at org.eclipse.jdt.core.dom.ASTConverter.convertToParenthesizedExpression(ASTConverter.java:3882)
	at org.eclipse.jdt.core.dom.ASTConverter.convert(ASTConverter.java:1953)
	at org.eclipse.jdt.core.dom.ASTConverter.convert(ASTConverter.java:1204)
	at org.eclipse.jdt.core.dom.ASTConverter.convert(ASTConverter.java:1990)
	at org.eclipse.jdt.core.dom.ASTConverter.convert(ASTConverter.java:3124)
	at org.eclipse.jdt.core.dom.ASTConverter.convert(ASTConverter.java:2273)
	at org.eclipse.jdt.core.dom.ASTConverter.convert(ASTConverter.java:3066)
	at org.eclipse.jdt.core.dom.ASTConverter.convert(ASTConverter.java:1383)
	at org.eclipse.jdt.core.dom.ASTConverter.convert(ASTConverter.java:3042)
	at org.eclipse.jdt.core.dom.ASTConverter.convert(ASTConverter.java:2220)
	at org.eclipse.jdt.core.dom.ASTConverter.convert(ASTConverter.java:3063)
	at org.eclipse.jdt.core.dom.ASTConverter.convert(ASTConverter.java:751)
	at org.eclipse.jdt.core.dom.ASTConverter.buildBodyDeclarations(ASTConverter.java:208)
	at org.eclipse.jdt.core.dom.ASTConverter.convert(ASTConverter.java:3419)
	at org.eclipse.jdt.core.dom.ASTConverter.convert(ASTConverter.java:1534)
	at org.eclipse.jdt.core.dom.CompilationUnitResolver.convert(CompilationUnitResolver.java:344)
	at org.eclipse.jdt.core.dom.ASTParser.internalCreateAST(ASTParser.java:1272)
	at org.eclipse.jdt.core.dom.ASTParser.createAST(ASTParser.java:868)
	at org.eclipse.jdt.core.manipulation.CoreASTProvider$1.run(CoreASTProvider.java:294)
	at org.eclipse.core.runtime.SafeRunner.run(SafeRunner.java:45)
	at org.eclipse.jdt.core.manipulation.CoreASTProvider.createAST(CoreASTProvider.java:286)
	at org.eclipse.jdt.core.manipulation.CoreASTProvider.getAST(CoreASTProvider.java:199)
	at org.eclipse.jdt.core.manipulation.SharedASTProviderCore.getAST(SharedASTProviderCore.java:138)
	at org.eclipse.jdt.internal.ui.viewsupport.SelectionListenerWithASTManager$PartListenerGroup.calculateASTandInform(SelectionListenerWithASTManager.java:166)
	at org.eclipse.jdt.internal.ui.viewsupport.SelectionListenerWithASTManager$PartListenerGroup$1.run(SelectionListenerWithASTManager.java:151)
	at org.eclipse.core.internal.jobs.Worker.run(Worker.java:63)

!ENTRY org.eclipse.jdt.core.manipulation 4 2 2025-04-01 21:57:10.560
!MESSAGE Problems occurred when invoking code from plug-in: "org.eclipse.jdt.core.manipulation".
!STACK 0
java.lang.IllegalArgumentException
	at org.eclipse.jdt.core.dom.InfixExpression.setOperator(InfixExpression.java:383)
	at org.eclipse.jdt.core.dom.ASTConverter.convert(ASTConverter.java:880)
	at org.eclipse.jdt.core.dom.ASTConverter.convert(ASTConverter.java:2038)
	at org.eclipse.jdt.core.dom.ASTConverter.convertToParenthesizedExpression(ASTConverter.java:3882)
	at org.eclipse.jdt.core.dom.ASTConverter.convert(ASTConverter.java:1953)
	at org.eclipse.jdt.core.dom.ASTConverter.convert(ASTConverter.java:1204)
	at org.eclipse.jdt.core.dom.ASTConverter.convert(ASTConverter.java:1990)
	at org.eclipse.jdt.core.dom.ASTConverter.convert(ASTConverter.java:3124)
	at org.eclipse.jdt.core.dom.ASTConverter.convert(ASTConverter.java:2273)
	at org.eclipse.jdt.core.dom.ASTConverter.convert(ASTConverter.java:3066)
	at org.eclipse.jdt.core.dom.ASTConverter.convert(ASTConverter.java:1383)
	at org.eclipse.jdt.core.dom.ASTConverter.convert(ASTConverter.java:3042)
	at org.eclipse.jdt.core.dom.ASTConverter.convert(ASTConverter.java:2220)
	at org.eclipse.jdt.core.dom.ASTConverter.convert(ASTConverter.java:3063)
	at org.eclipse.jdt.core.dom.ASTConverter.convert(ASTConverter.java:751)
	at org.eclipse.jdt.core.dom.ASTConverter.buildBodyDeclarations(ASTConverter.java:208)
	at org.eclipse.jdt.core.dom.ASTConverter.convert(ASTConverter.java:3419)
	at org.eclipse.jdt.core.dom.ASTConverter.convert(ASTConverter.java:1534)
	at org.eclipse.jdt.core.dom.CompilationUnitResolver.convert(CompilationUnitResolver.java:344)
	at org.eclipse.jdt.core.dom.ASTParser.internalCreateAST(ASTParser.java:1272)
	at org.eclipse.jdt.core.dom.ASTParser.createAST(ASTParser.java:868)
	at org.eclipse.jdt.core.manipulation.CoreASTProvider$1.run(CoreASTProvider.java:294)
	at org.eclipse.core.runtime.SafeRunner.run(SafeRunner.java:45)
	at org.eclipse.jdt.core.manipulation.CoreASTProvider.createAST(CoreASTProvider.java:286)
	at org.eclipse.jdt.core.manipulation.CoreASTProvider.getAST(CoreASTProvider.java:199)
	at org.eclipse.jdt.core.manipulation.SharedASTProviderCore.getAST(SharedASTProviderCore.java:138)
	at org.eclipse.jdt.internal.ui.viewsupport.SelectionListenerWithASTManager$PartListenerGroup.calculateASTandInform(SelectionListenerWithASTManager.java:166)
	at org.eclipse.jdt.internal.ui.viewsupport.SelectionListenerWithASTManager$PartListenerGroup$1.run(SelectionListenerWithASTManager.java:151)
	at org.eclipse.core.internal.jobs.Worker.run(Worker.java:63)

!ENTRY org.eclipse.jdt.core.manipulation 4 0 2025-04-01 21:57:10.561
!MESSAGE Error in JDT Core during AST creation
!STACK 0
java.lang.IllegalArgumentException
	at org.eclipse.jdt.core.dom.InfixExpression.setOperator(InfixExpression.java:383)
	at org.eclipse.jdt.core.dom.ASTConverter.convert(ASTConverter.java:880)
	at org.eclipse.jdt.core.dom.ASTConverter.convert(ASTConverter.java:2038)
	at org.eclipse.jdt.core.dom.ASTConverter.convertToParenthesizedExpression(ASTConverter.java:3882)
	at org.eclipse.jdt.core.dom.ASTConverter.convert(ASTConverter.java:1953)
	at org.eclipse.jdt.core.dom.ASTConverter.convert(ASTConverter.java:1204)
	at org.eclipse.jdt.core.dom.ASTConverter.convert(ASTConverter.java:1990)
	at org.eclipse.jdt.core.dom.ASTConverter.convert(ASTConverter.java:3124)
	at org.eclipse.jdt.core.dom.ASTConverter.convert(ASTConverter.java:2273)
	at org.eclipse.jdt.core.dom.ASTConverter.convert(ASTConverter.java:3066)
	at org.eclipse.jdt.core.dom.ASTConverter.convert(ASTConverter.java:1383)
	at org.eclipse.jdt.core.dom.ASTConverter.convert(ASTConverter.java:3042)
	at org.eclipse.jdt.core.dom.ASTConverter.convert(ASTConverter.java:2220)
	at org.eclipse.jdt.core.dom.ASTConverter.convert(ASTConverter.java:3063)
	at org.eclipse.jdt.core.dom.ASTConverter.convert(ASTConverter.java:751)
	at org.eclipse.jdt.core.dom.ASTConverter.buildBodyDeclarations(ASTConverter.java:208)
	at org.eclipse.jdt.core.dom.ASTConverter.convert(ASTConverter.java:3419)
	at org.eclipse.jdt.core.dom.ASTConverter.convert(ASTConverter.java:1534)
	at org.eclipse.jdt.core.dom.CompilationUnitResolver.convert(CompilationUnitResolver.java:344)
	at org.eclipse.jdt.core.dom.ASTParser.internalCreateAST(ASTParser.java:1272)
	at org.eclipse.jdt.core.dom.ASTParser.createAST(ASTParser.java:868)
	at org.eclipse.jdt.core.manipulation.CoreASTProvider$1.run(CoreASTProvider.java:294)
	at org.eclipse.core.runtime.SafeRunner.run(SafeRunner.java:45)
	at org.eclipse.jdt.core.manipulation.CoreASTProvider.createAST(CoreASTProvider.java:286)
	at org.eclipse.jdt.core.manipulation.CoreASTProvider.getAST(CoreASTProvider.java:199)
	at org.eclipse.jdt.core.manipulation.SharedASTProviderCore.getAST(SharedASTProviderCore.java:138)
	at org.eclipse.jdt.internal.ui.viewsupport.SelectionListenerWithASTManager$PartListenerGroup.calculateASTandInform(SelectionListenerWithASTManager.java:166)
	at org.eclipse.jdt.internal.ui.viewsupport.SelectionListenerWithASTManager$PartListenerGroup$1.run(SelectionListenerWithASTManager.java:151)
	at org.eclipse.core.internal.jobs.Worker.run(Worker.java:63)

!ENTRY org.eclipse.jdt.core 4 4 2025-04-01 21:57:12.464
!MESSAGE Exception occurred during compilation unit conversion:
----------------------------------- SOURCE BEGIN -------------------------------------
package _250401;

public class A_강조하기 {

	public static void main(String[] args) {
		// TODO Auto-generated method stub
		String myString = "abstract algebra";
//		String myString = "PrOgRaMmErS";
		String answer ="";
		
		
		
		for(int i =0; i<myString.length(); i++) {
			
			if(myString.charAt(i)=='a') {
				
				answer+= Character.toUpperCase(myString.charAt(i));
			}else(myString.charAt(i)!='A' && Character.isUpperCase(myString.charAt(i)) ) {
				answer+=  Character.toLowerCase(myString.charAt(i));
			}
							
		}
		
		
		
		//char배열로 생성후 풀이
//		char[] arr  = myString.toCharArray(); 
//		
//		for(int i =0; i<myString.length(); i++) {
//			
//			if(arr[i]=='a') {
//				
//				answer+= Character.toUpperCase(arr[i]);
//			}else {
//				answer+=  Character.toLowerCase(arr[i]);
//			}
//							
//		}
		System.out.println(answer);
	}

}

----------------------------------- SOURCE END -------------------------------------
!STACK 0
java.lang.IllegalArgumentException
	at org.eclipse.jdt.core.dom.InfixExpression.setOperator(InfixExpression.java:383)
	at org.eclipse.jdt.core.dom.ASTConverter.convert(ASTConverter.java:880)
	at org.eclipse.jdt.core.dom.ASTConverter.convert(ASTConverter.java:2038)
	at org.eclipse.jdt.core.dom.ASTConverter.convertToParenthesizedExpression(ASTConverter.java:3882)
	at org.eclipse.jdt.core.dom.ASTConverter.convert(ASTConverter.java:1953)
	at org.eclipse.jdt.core.dom.ASTConverter.convert(ASTConverter.java:1204)
	at org.eclipse.jdt.core.dom.ASTConverter.convert(ASTConverter.java:1990)
	at org.eclipse.jdt.core.dom.ASTConverter.convert(ASTConverter.java:3124)
	at org.eclipse.jdt.core.dom.ASTConverter.convert(ASTConverter.java:2273)
	at org.eclipse.jdt.core.dom.ASTConverter.convert(ASTConverter.java:3066)
	at org.eclipse.jdt.core.dom.ASTConverter.convert(ASTConverter.java:1383)
	at org.eclipse.jdt.core.dom.ASTConverter.convert(ASTConverter.java:3042)
	at org.eclipse.jdt.core.dom.ASTConverter.convert(ASTConverter.java:2220)
	at org.eclipse.jdt.core.dom.ASTConverter.convert(ASTConverter.java:3063)
	at org.eclipse.jdt.core.dom.ASTConverter.convert(ASTConverter.java:751)
	at org.eclipse.jdt.core.dom.ASTConverter.buildBodyDeclarations(ASTConverter.java:208)
	at org.eclipse.jdt.core.dom.ASTConverter.convert(ASTConverter.java:3419)
	at org.eclipse.jdt.core.dom.ASTConverter.convert(ASTConverter.java:1534)
	at org.eclipse.jdt.core.dom.CompilationUnitResolver.convert(CompilationUnitResolver.java:344)
	at org.eclipse.jdt.core.dom.ASTParser.internalCreateAST(ASTParser.java:1272)
	at org.eclipse.jdt.core.dom.ASTParser.createAST(ASTParser.java:868)
	at org.eclipse.jdt.core.manipulation.CoreASTProvider$1.run(CoreASTProvider.java:294)
	at org.eclipse.core.runtime.SafeRunner.run(SafeRunner.java:45)
	at org.eclipse.jdt.core.manipulation.CoreASTProvider.createAST(CoreASTProvider.java:286)
	at org.eclipse.jdt.core.manipulation.CoreASTProvider.getAST(CoreASTProvider.java:199)
	at org.eclipse.jdt.core.manipulation.SharedASTProviderCore.getAST(SharedASTProviderCore.java:138)
	at org.eclipse.jdt.internal.ui.viewsupport.SelectionListenerWithASTManager$PartListenerGroup.calculateASTandInform(SelectionListenerWithASTManager.java:166)
	at org.eclipse.jdt.internal.ui.viewsupport.SelectionListenerWithASTManager$PartListenerGroup$1.run(SelectionListenerWithASTManager.java:151)
	at org.eclipse.core.internal.jobs.Worker.run(Worker.java:63)

!ENTRY org.eclipse.jdt.core.manipulation 4 2 2025-04-01 21:57:12.464
!MESSAGE Problems occurred when invoking code from plug-in: "org.eclipse.jdt.core.manipulation".
!STACK 0
java.lang.IllegalArgumentException
	at org.eclipse.jdt.core.dom.InfixExpression.setOperator(InfixExpression.java:383)
	at org.eclipse.jdt.core.dom.ASTConverter.convert(ASTConverter.java:880)
	at org.eclipse.jdt.core.dom.ASTConverter.convert(ASTConverter.java:2038)
	at org.eclipse.jdt.core.dom.ASTConverter.convertToParenthesizedExpression(ASTConverter.java:3882)
	at org.eclipse.jdt.core.dom.ASTConverter.convert(ASTConverter.java:1953)
	at org.eclipse.jdt.core.dom.ASTConverter.convert(ASTConverter.java:1204)
	at org.eclipse.jdt.core.dom.ASTConverter.convert(ASTConverter.java:1990)
	at org.eclipse.jdt.core.dom.ASTConverter.convert(ASTConverter.java:3124)
	at org.eclipse.jdt.core.dom.ASTConverter.convert(ASTConverter.java:2273)
	at org.eclipse.jdt.core.dom.ASTConverter.convert(ASTConverter.java:3066)
	at org.eclipse.jdt.core.dom.ASTConverter.convert(ASTConverter.java:1383)
	at org.eclipse.jdt.core.dom.ASTConverter.convert(ASTConverter.java:3042)
	at org.eclipse.jdt.core.dom.ASTConverter.convert(ASTConverter.java:2220)
	at org.eclipse.jdt.core.dom.ASTConverter.convert(ASTConverter.java:3063)
	at org.eclipse.jdt.core.dom.ASTConverter.convert(ASTConverter.java:751)
	at org.eclipse.jdt.core.dom.ASTConverter.buildBodyDeclarations(ASTConverter.java:208)
	at org.eclipse.jdt.core.dom.ASTConverter.convert(ASTConverter.java:3419)
	at org.eclipse.jdt.core.dom.ASTConverter.convert(ASTConverter.java:1534)
	at org.eclipse.jdt.core.dom.CompilationUnitResolver.convert(CompilationUnitResolver.java:344)
	at org.eclipse.jdt.core.dom.ASTParser.internalCreateAST(ASTParser.java:1272)
	at org.eclipse.jdt.core.dom.ASTParser.createAST(ASTParser.java:868)
	at org.eclipse.jdt.core.manipulation.CoreASTProvider$1.run(CoreASTProvider.java:294)
	at org.eclipse.core.runtime.SafeRunner.run(SafeRunner.java:45)
	at org.eclipse.jdt.core.manipulation.CoreASTProvider.createAST(CoreASTProvider.java:286)
	at org.eclipse.jdt.core.manipulation.CoreASTProvider.getAST(CoreASTProvider.java:199)
	at org.eclipse.jdt.core.manipulation.SharedASTProviderCore.getAST(SharedASTProviderCore.java:138)
	at org.eclipse.jdt.internal.ui.viewsupport.SelectionListenerWithASTManager$PartListenerGroup.calculateASTandInform(SelectionListenerWithASTManager.java:166)
	at org.eclipse.jdt.internal.ui.viewsupport.SelectionListenerWithASTManager$PartListenerGroup$1.run(SelectionListenerWithASTManager.java:151)
	at org.eclipse.core.internal.jobs.Worker.run(Worker.java:63)

!ENTRY org.eclipse.jdt.core.manipulation 4 0 2025-04-01 21:57:12.465
!MESSAGE Error in JDT Core during AST creation
!STACK 0
java.lang.IllegalArgumentException
	at org.eclipse.jdt.core.dom.InfixExpression.setOperator(InfixExpression.java:383)
	at org.eclipse.jdt.core.dom.ASTConverter.convert(ASTConverter.java:880)
	at org.eclipse.jdt.core.dom.ASTConverter.convert(ASTConverter.java:2038)
	at org.eclipse.jdt.core.dom.ASTConverter.convertToParenthesizedExpression(ASTConverter.java:3882)
	at org.eclipse.jdt.core.dom.ASTConverter.convert(ASTConverter.java:1953)
	at org.eclipse.jdt.core.dom.ASTConverter.convert(ASTConverter.java:1204)
	at org.eclipse.jdt.core.dom.ASTConverter.convert(ASTConverter.java:1990)
	at org.eclipse.jdt.core.dom.ASTConverter.convert(ASTConverter.java:3124)
	at org.eclipse.jdt.core.dom.ASTConverter.convert(ASTConverter.java:2273)
	at org.eclipse.jdt.core.dom.ASTConverter.convert(ASTConverter.java:3066)
	at org.eclipse.jdt.core.dom.ASTConverter.convert(ASTConverter.java:1383)
	at org.eclipse.jdt.core.dom.ASTConverter.convert(ASTConverter.java:3042)
	at org.eclipse.jdt.core.dom.ASTConverter.convert(ASTConverter.java:2220)
	at org.eclipse.jdt.core.dom.ASTConverter.convert(ASTConverter.java:3063)
	at org.eclipse.jdt.core.dom.ASTConverter.convert(ASTConverter.java:751)
	at org.eclipse.jdt.core.dom.ASTConverter.buildBodyDeclarations(ASTConverter.java:208)
	at org.eclipse.jdt.core.dom.ASTConverter.convert(ASTConverter.java:3419)
	at org.eclipse.jdt.core.dom.ASTConverter.convert(ASTConverter.java:1534)
	at org.eclipse.jdt.core.dom.CompilationUnitResolver.convert(CompilationUnitResolver.java:344)
	at org.eclipse.jdt.core.dom.ASTParser.internalCreateAST(ASTParser.java:1272)
	at org.eclipse.jdt.core.dom.ASTParser.createAST(ASTParser.java:868)
	at org.eclipse.jdt.core.manipulation.CoreASTProvider$1.run(CoreASTProvider.java:294)
	at org.eclipse.core.runtime.SafeRunner.run(SafeRunner.java:45)
	at org.eclipse.jdt.core.manipulation.CoreASTProvider.createAST(CoreASTProvider.java:286)
	at org.eclipse.jdt.core.manipulation.CoreASTProvider.getAST(CoreASTProvider.java:199)
	at org.eclipse.jdt.core.manipulation.SharedASTProviderCore.getAST(SharedASTProviderCore.java:138)
	at org.eclipse.jdt.internal.ui.viewsupport.SelectionListenerWithASTManager$PartListenerGroup.calculateASTandInform(SelectionListenerWithASTManager.java:166)
	at org.eclipse.jdt.internal.ui.viewsupport.SelectionListenerWithASTManager$PartListenerGroup$1.run(SelectionListenerWithASTManager.java:151)
	at org.eclipse.core.internal.jobs.Worker.run(Worker.java:63)

!ENTRY org.eclipse.lsp4e 2 0 2025-04-01 22:44:28.982
!MESSAGE Javadoc unavailable. Failed to obtain it.
!STACK 0
java.lang.InterruptedException
	at java.base/java.util.concurrent.CompletableFuture.reportGet(CompletableFuture.java:386)
	at java.base/java.util.concurrent.CompletableFuture.get(CompletableFuture.java:2096)
	at org.eclipse.lsp4e.jdt.LSJavaHoverProvider.getHoverInfo2(LSJavaHoverProvider.java:65)
	at org.eclipse.jdt.internal.ui.text.java.hover.BestMatchHover.getHoverInfo2(BestMatchHover.java:163)
	at org.eclipse.jdt.internal.ui.text.java.hover.BestMatchHover.getHoverInfo2(BestMatchHover.java:130)
	at org.eclipse.jdt.internal.ui.text.java.hover.JavaEditorTextHoverProxy.getHoverInfo2(JavaEditorTextHoverProxy.java:89)
	at org.eclipse.jface.text.TextViewerHoverManager$1.run(TextViewerHoverManager.java:155)

!ENTRY org.eclipse.lsp4e 2 0 2025-04-02 16:59:43.673
!MESSAGE Javadoc unavailable. Failed to obtain it.
!STACK 0
java.lang.InterruptedException
	at java.base/java.util.concurrent.CompletableFuture.reportGet(CompletableFuture.java:386)
	at java.base/java.util.concurrent.CompletableFuture.get(CompletableFuture.java:2096)
	at org.eclipse.lsp4e.jdt.LSJavaHoverProvider.getHoverInfo2(LSJavaHoverProvider.java:65)
	at org.eclipse.jdt.internal.ui.text.java.hover.BestMatchHover.getHoverInfo2(BestMatchHover.java:163)
	at org.eclipse.jdt.internal.ui.text.java.hover.BestMatchHover.getHoverInfo2(BestMatchHover.java:130)
	at org.eclipse.jdt.internal.ui.text.java.hover.JavaEditorTextHoverProxy.getHoverInfo2(JavaEditorTextHoverProxy.java:89)
	at org.eclipse.jface.text.TextViewerHoverManager$1.run(TextViewerHoverManager.java:155)
!SESSION 2025-04-02 19:33:21.467 -----------------------------------------------
eclipse.buildId=4.18.0.202303131455
java.version=17.0.6
java.vendor=Eclipse Adoptium
BootLoader constants: OS=win32, ARCH=x86_64, WS=win32, NL=ko_KR
Framework arguments:  -product org.springframework.boot.ide.branding.sts4
Command-line arguments:  -os win32 -ws win32 -arch x86_64 -product org.springframework.boot.ide.branding.sts4

!ENTRY ch.qos.logback.classic 1 0 2025-04-02 19:33:24.370
!MESSAGE Activated before the state location was initialized. Retry after the state location is initialized.

!ENTRY org.eclipse.core.resources 2 10035 2025-04-02 19:34:03.470
!MESSAGE The workspace exited with unsaved changes in the previous session; refreshing workspace to recover changes.

!ENTRY ch.qos.logback.classic 1 0 2025-04-02 19:34:06.866
!MESSAGE Logback config file: C:\sist1226\javacoding\.metadata\.plugins\org.eclipse.m2e.logback\logback.2.1.100.20230106-1511.xml

!ENTRY org.eclipse.jface 2 0 2025-04-02 19:34:23.679
!MESSAGE Keybinding conflicts occurred.  They may interfere with normal accelerator operation.
!SUBENTRY 1 org.eclipse.jface 2 0 2025-04-02 19:34:23.679
!MESSAGE A conflict occurred for CTRL+SHIFT+T:
Binding(CTRL+SHIFT+T,
	ParameterizedCommand(Command(org.eclipse.jdt.ui.navigate.open.type,Open Type,
		Open a type in a Java editor,
		Category(org.eclipse.ui.category.navigate,Navigate,null,true),
		WorkbenchHandlerServiceHandler("org.eclipse.jdt.ui.navigate.open.type"),
		,,true),null),
	org.eclipse.ui.defaultAcceleratorConfiguration,
	org.eclipse.ui.contexts.window,,,system)
Binding(CTRL+SHIFT+T,
	ParameterizedCommand(Command(org.eclipse.lsp4e.symbolinworkspace,Go to Symbol in Workspace,
		,
		Category(org.eclipse.lsp4e.category,Language Servers,null,true),
		WorkbenchHandlerServiceHandler("org.eclipse.lsp4e.symbolinworkspace"),
		,,true),null),
	org.eclipse.ui.defaultAcceleratorConfiguration,
	org.eclipse.ui.contexts.window,,,system)
!SUBENTRY 1 org.eclipse.jface 2 0 2025-04-02 19:34:23.679
!MESSAGE A conflict occurred for ALT+SHIFT+R:
Binding(ALT+SHIFT+R,
	ParameterizedCommand(Command(org.eclipse.jdt.ui.edit.text.java.rename.element,Rename - Refactoring ,
		Rename the selected element,
		Category(org.eclipse.jdt.ui.category.refactoring,Refactor - Java,Java Refactoring Actions,true),
		WorkbenchHandlerServiceHandler("org.eclipse.jdt.ui.edit.text.java.rename.element"),
		,,true),null),
	org.eclipse.ui.defaultAcceleratorConfiguration,
	org.eclipse.ui.contexts.window,,,system)
Binding(ALT+SHIFT+R,
	ParameterizedCommand(Command(org.eclipse.ui.edit.rename,Rename,
		Rename the selected item,
		Category(org.eclipse.ui.category.file,File,null,true),
		WorkbenchHandlerServiceHandler("org.eclipse.ui.edit.rename"),
		,,true),null),
	org.eclipse.ui.defaultAcceleratorConfiguration,
	org.eclipse.ui.contexts.window,,,system)

!ENTRY Activator 4 0 2025-04-02 19:54:12.196
!MESSAGE NullPointerException: Cannot invoke "org.springsource.ide.eclipse.commons.livexp.core.LiveSetVariable.getValue()" because "this.this$0.applications" is null
!STACK 0
java.lang.NullPointerException: Cannot invoke "org.springsource.ide.eclipse.commons.livexp.core.LiveSetVariable.getValue()" because "this.this$0.applications" is null
	at org.springframework.ide.eclipse.boot.dash.model.LocalBootDashModel$2.bundleChanged(LocalBootDashModel.java:157)
	at org.eclipse.osgi.internal.framework.BundleContextImpl.dispatchEvent(BundleContextImpl.java:949)
	at org.eclipse.osgi.framework.eventmgr.EventManager.dispatchEvent(EventManager.java:234)
	at org.eclipse.osgi.framework.eventmgr.EventManager$EventThread.run(EventManager.java:345)

!ENTRY org.eclipse.lsp4e 2 0 2025-04-02 20:09:10.010
!MESSAGE Javadoc unavailable. Failed to obtain it.
!STACK 0
java.lang.InterruptedException
	at java.base/java.util.concurrent.CompletableFuture.reportGet(CompletableFuture.java:386)
	at java.base/java.util.concurrent.CompletableFuture.get(CompletableFuture.java:2096)
	at org.eclipse.lsp4e.jdt.LSJavaHoverProvider.getHoverInfo2(LSJavaHoverProvider.java:65)
	at org.eclipse.jdt.internal.ui.text.java.hover.BestMatchHover.getHoverInfo2(BestMatchHover.java:163)
	at org.eclipse.jdt.internal.ui.text.java.hover.BestMatchHover.getHoverInfo2(BestMatchHover.java:130)
	at org.eclipse.jdt.internal.ui.text.java.hover.JavaEditorTextHoverProxy.getHoverInfo2(JavaEditorTextHoverProxy.java:89)
	at org.eclipse.jface.text.TextViewerHoverManager$1.run(TextViewerHoverManager.java:155)

!ENTRY org.eclipse.lsp4e 4 0 2025-04-02 20:40:39.582
!MESSAGE org.eclipse.lsp4j.jsonrpc.JsonRpcException: java.io.IOException: 파이프가 닫히는 중입니다
!STACK 0
java.util.concurrent.ExecutionException: org.eclipse.lsp4j.jsonrpc.JsonRpcException: java.io.IOException: 파이프가 닫히는 중입니다
	at java.base/java.util.concurrent.CompletableFuture.reportGet(CompletableFuture.java:396)
	at java.base/java.util.concurrent.CompletableFuture.get(CompletableFuture.java:2096)
	at org.eclipse.lsp4e.LanguageServerWrapper.lambda$10(LanguageServerWrapper.java:443)
	at java.base/java.util.concurrent.CompletableFuture$AsyncRun.run(CompletableFuture.java:1804)
	at java.base/java.util.concurrent.CompletableFuture$AsyncRun.exec(CompletableFuture.java:1796)
	at java.base/java.util.concurrent.ForkJoinTask.doExec(ForkJoinTask.java:373)
	at java.base/java.util.concurrent.ForkJoinPool$WorkQueue.topLevelExec(ForkJoinPool.java:1182)
	at java.base/java.util.concurrent.ForkJoinPool.scan(ForkJoinPool.java:1655)
	at java.base/java.util.concurrent.ForkJoinPool.runWorker(ForkJoinPool.java:1622)
	at java.base/java.util.concurrent.ForkJoinWorkerThread.run(ForkJoinWorkerThread.java:165)
Caused by: org.eclipse.lsp4j.jsonrpc.JsonRpcException: java.io.IOException: 파이프가 닫히는 중입니다
	at org.eclipse.lsp4j.jsonrpc.json.StreamMessageConsumer.consume(StreamMessageConsumer.java:72)
	at org.eclipse.lsp4e.LanguageServerWrapper.lambda$3(LanguageServerWrapper.java:279)
	at org.eclipse.lsp4j.jsonrpc.RemoteEndpoint.request(RemoteEndpoint.java:161)
	at org.eclipse.lsp4j.jsonrpc.services.EndpointProxy.invoke(EndpointProxy.java:91)
	at jdk.proxy12/jdk.proxy12.$Proxy36.shutdown(Unknown Source)
	at org.eclipse.lsp4e.LanguageServerWrapper.lambda$10(LanguageServerWrapper.java:441)
	... 7 more
Caused by: java.io.IOException: 파이프가 닫히는 중입니다
	at java.base/java.io.FileOutputStream.writeBytes(Native Method)
	at java.base/java.io.FileOutputStream.write(FileOutputStream.java:349)
	at java.base/java.io.BufferedOutputStream.flushBuffer(BufferedOutputStream.java:81)
	at java.base/java.io.BufferedOutputStream.flush(BufferedOutputStream.java:142)
	at org.eclipse.lsp4j.jsonrpc.json.StreamMessageConsumer.consume(StreamMessageConsumer.java:69)
	... 12 more

!ENTRY org.eclipse.lsp4e 4 0 2025-04-02 21:09:09.376
!MESSAGE org.eclipse.lsp4j.jsonrpc.JsonRpcException: java.io.IOException: 파이프가 닫히는 중입니다
!STACK 0
java.util.concurrent.ExecutionException: org.eclipse.lsp4j.jsonrpc.JsonRpcException: java.io.IOException: 파이프가 닫히는 중입니다
	at java.base/java.util.concurrent.CompletableFuture.reportGet(CompletableFuture.java:396)
	at java.base/java.util.concurrent.CompletableFuture.get(CompletableFuture.java:2096)
	at org.eclipse.lsp4e.LanguageServerWrapper.lambda$10(LanguageServerWrapper.java:443)
	at java.base/java.util.concurrent.CompletableFuture$AsyncRun.run(CompletableFuture.java:1804)
	at java.base/java.util.concurrent.CompletableFuture$AsyncRun.exec(CompletableFuture.java:1796)
	at java.base/java.util.concurrent.ForkJoinTask.doExec(ForkJoinTask.java:373)
	at java.base/java.util.concurrent.ForkJoinPool$WorkQueue.topLevelExec(ForkJoinPool.java:1182)
	at java.base/java.util.concurrent.ForkJoinPool.scan(ForkJoinPool.java:1655)
	at java.base/java.util.concurrent.ForkJoinPool.runWorker(ForkJoinPool.java:1622)
	at java.base/java.util.concurrent.ForkJoinWorkerThread.run(ForkJoinWorkerThread.java:165)
Caused by: org.eclipse.lsp4j.jsonrpc.JsonRpcException: java.io.IOException: 파이프가 닫히는 중입니다
	at org.eclipse.lsp4j.jsonrpc.json.StreamMessageConsumer.consume(StreamMessageConsumer.java:72)
	at org.eclipse.lsp4e.LanguageServerWrapper.lambda$3(LanguageServerWrapper.java:279)
	at org.eclipse.lsp4j.jsonrpc.RemoteEndpoint.request(RemoteEndpoint.java:161)
	at org.eclipse.lsp4j.jsonrpc.services.EndpointProxy.invoke(EndpointProxy.java:91)
	at jdk.proxy12/jdk.proxy12.$Proxy36.shutdown(Unknown Source)
	at org.eclipse.lsp4e.LanguageServerWrapper.lambda$10(LanguageServerWrapper.java:441)
	... 7 more
Caused by: java.io.IOException: 파이프가 닫히는 중입니다
	at java.base/java.io.FileOutputStream.writeBytes(Native Method)
	at java.base/java.io.FileOutputStream.write(FileOutputStream.java:349)
	at java.base/java.io.BufferedOutputStream.flushBuffer(BufferedOutputStream.java:81)
	at java.base/java.io.BufferedOutputStream.flush(BufferedOutputStream.java:142)
	at org.eclipse.lsp4j.jsonrpc.json.StreamMessageConsumer.consume(StreamMessageConsumer.java:69)
	... 12 more

!ENTRY org.springframework.tooling.ls.eclipse.commons 1 0 2025-04-02 21:09:14.526
!MESSAGE executing callback sts4.classpath.VkmhRFDh FAILED

!ENTRY org.springframework.tooling.ls.eclipse.commons 4 0 2025-04-02 21:09:14.527
!MESSAGE TimeoutException
!STACK 0
java.util.concurrent.TimeoutException
	at java.base/java.util.concurrent.CompletableFuture.timedGet(CompletableFuture.java:1960)
	at java.base/java.util.concurrent.CompletableFuture.get(CompletableFuture.java:2095)
	at org.springframework.tooling.ls.eclipse.commons.LSP4ECommandExecutor.executeClientCommand(LSP4ECommandExecutor.java:37)
	at org.springframework.tooling.jdt.ls.commons.classpath.SendClasspathNotificationsJob.flush(SendClasspathNotificationsJob.java:178)
	at org.springframework.tooling.jdt.ls.commons.classpath.SendClasspathNotificationsJob.run(SendClasspathNotificationsJob.java:149)
	at org.eclipse.core.internal.jobs.Worker.run(Worker.java:63)

!ENTRY org.eclipse.lsp4e 4 0 2025-04-02 21:09:19.754
!MESSAGE org.eclipse.lsp4j.jsonrpc.JsonRpcException: java.io.IOException: 파이프가 닫히는 중입니다
!STACK 0
java.util.concurrent.ExecutionException: org.eclipse.lsp4j.jsonrpc.JsonRpcException: java.io.IOException: 파이프가 닫히는 중입니다
	at java.base/java.util.concurrent.CompletableFuture.reportGet(CompletableFuture.java:396)
	at java.base/java.util.concurrent.CompletableFuture.get(CompletableFuture.java:2096)
	at org.eclipse.lsp4e.LanguageServerWrapper.lambda$10(LanguageServerWrapper.java:443)
	at java.base/java.util.concurrent.CompletableFuture$AsyncRun.run(CompletableFuture.java:1804)
	at java.base/java.util.concurrent.CompletableFuture$AsyncRun.exec(CompletableFuture.java:1796)
	at java.base/java.util.concurrent.ForkJoinTask.doExec(ForkJoinTask.java:373)
	at java.base/java.util.concurrent.ForkJoinPool$WorkQueue.topLevelExec(ForkJoinPool.java:1182)
	at java.base/java.util.concurrent.ForkJoinPool.scan(ForkJoinPool.java:1655)
	at java.base/java.util.concurrent.ForkJoinPool.runWorker(ForkJoinPool.java:1622)
	at java.base/java.util.concurrent.ForkJoinWorkerThread.run(ForkJoinWorkerThread.java:165)
Caused by: org.eclipse.lsp4j.jsonrpc.JsonRpcException: java.io.IOException: 파이프가 닫히는 중입니다
	at org.eclipse.lsp4j.jsonrpc.json.StreamMessageConsumer.consume(StreamMessageConsumer.java:72)
	at org.eclipse.lsp4e.LanguageServerWrapper.lambda$3(LanguageServerWrapper.java:279)
	at org.eclipse.lsp4j.jsonrpc.RemoteEndpoint.request(RemoteEndpoint.java:161)
	at org.eclipse.lsp4j.jsonrpc.services.EndpointProxy.invoke(EndpointProxy.java:91)
	at jdk.proxy12/jdk.proxy12.$Proxy36.shutdown(Unknown Source)
	at org.eclipse.lsp4e.LanguageServerWrapper.lambda$10(LanguageServerWrapper.java:441)
	... 7 more
Caused by: java.io.IOException: 파이프가 닫히는 중입니다
	at java.base/java.io.FileOutputStream.writeBytes(Native Method)
	at java.base/java.io.FileOutputStream.write(FileOutputStream.java:349)
	at java.base/java.io.BufferedOutputStream.flushBuffer(BufferedOutputStream.java:81)
	at java.base/java.io.BufferedOutputStream.flush(BufferedOutputStream.java:142)
	at org.eclipse.lsp4j.jsonrpc.json.StreamMessageConsumer.consume(StreamMessageConsumer.java:69)
	... 12 more

!ENTRY org.eclipse.lsp4e 4 0 2025-04-02 21:09:23.383
!MESSAGE org.eclipse.lsp4j.jsonrpc.JsonRpcException: java.io.IOException: 파이프가 닫히는 중입니다
!STACK 0
java.util.concurrent.ExecutionException: org.eclipse.lsp4j.jsonrpc.JsonRpcException: java.io.IOException: 파이프가 닫히는 중입니다
	at java.base/java.util.concurrent.CompletableFuture.reportGet(CompletableFuture.java:396)
	at java.base/java.util.concurrent.CompletableFuture.get(CompletableFuture.java:2096)
	at org.eclipse.lsp4e.LanguageServerWrapper.lambda$10(LanguageServerWrapper.java:443)
	at java.base/java.util.concurrent.CompletableFuture$AsyncRun.run(CompletableFuture.java:1804)
	at java.base/java.util.concurrent.CompletableFuture$AsyncRun.exec(CompletableFuture.java:1796)
	at java.base/java.util.concurrent.ForkJoinTask.doExec(ForkJoinTask.java:373)
	at java.base/java.util.concurrent.ForkJoinPool$WorkQueue.topLevelExec(ForkJoinPool.java:1182)
	at java.base/java.util.concurrent.ForkJoinPool.scan(ForkJoinPool.java:1655)
	at java.base/java.util.concurrent.ForkJoinPool.runWorker(ForkJoinPool.java:1622)
	at java.base/java.util.concurrent.ForkJoinWorkerThread.run(ForkJoinWorkerThread.java:165)
Caused by: org.eclipse.lsp4j.jsonrpc.JsonRpcException: java.io.IOException: 파이프가 닫히는 중입니다
	at org.eclipse.lsp4j.jsonrpc.json.StreamMessageConsumer.consume(StreamMessageConsumer.java:72)
	at org.eclipse.lsp4e.LanguageServerWrapper.lambda$3(LanguageServerWrapper.java:279)
	at org.eclipse.lsp4j.jsonrpc.RemoteEndpoint.request(RemoteEndpoint.java:161)
	at org.eclipse.lsp4j.jsonrpc.services.EndpointProxy.invoke(EndpointProxy.java:91)
	at jdk.proxy12/jdk.proxy12.$Proxy36.shutdown(Unknown Source)
	at org.eclipse.lsp4e.LanguageServerWrapper.lambda$10(LanguageServerWrapper.java:441)
	... 7 more
Caused by: java.io.IOException: 파이프가 닫히는 중입니다
	at java.base/java.io.FileOutputStream.writeBytes(Native Method)
	at java.base/java.io.FileOutputStream.write(FileOutputStream.java:349)
	at java.base/java.io.BufferedOutputStream.flushBuffer(BufferedOutputStream.java:81)
	at java.base/java.io.BufferedOutputStream.flush(BufferedOutputStream.java:142)
	at org.eclipse.lsp4j.jsonrpc.json.StreamMessageConsumer.consume(StreamMessageConsumer.java:69)
	... 12 more

!ENTRY org.eclipse.lsp4e 4 0 2025-04-02 21:09:26.841
!MESSAGE org.eclipse.lsp4j.jsonrpc.JsonRpcException: java.io.IOException: 파이프가 닫히는 중입니다
!STACK 0
java.util.concurrent.ExecutionException: org.eclipse.lsp4j.jsonrpc.JsonRpcException: java.io.IOException: 파이프가 닫히는 중입니다
	at java.base/java.util.concurrent.CompletableFuture.reportGet(CompletableFuture.java:396)
	at java.base/java.util.concurrent.CompletableFuture.get(CompletableFuture.java:2096)
	at org.eclipse.lsp4e.LanguageServerWrapper.lambda$10(LanguageServerWrapper.java:443)
	at java.base/java.util.concurrent.CompletableFuture$AsyncRun.run(CompletableFuture.java:1804)
	at java.base/java.util.concurrent.CompletableFuture$AsyncRun.exec(CompletableFuture.java:1796)
	at java.base/java.util.concurrent.ForkJoinTask.doExec(ForkJoinTask.java:373)
	at java.base/java.util.concurrent.ForkJoinPool$WorkQueue.topLevelExec(ForkJoinPool.java:1182)
	at java.base/java.util.concurrent.ForkJoinPool.scan(ForkJoinPool.java:1655)
	at java.base/java.util.concurrent.ForkJoinPool.runWorker(ForkJoinPool.java:1622)
	at java.base/java.util.concurrent.ForkJoinWorkerThread.run(ForkJoinWorkerThread.java:165)
Caused by: org.eclipse.lsp4j.jsonrpc.JsonRpcException: java.io.IOException: 파이프가 닫히는 중입니다
	at org.eclipse.lsp4j.jsonrpc.json.StreamMessageConsumer.consume(StreamMessageConsumer.java:72)
	at org.eclipse.lsp4e.LanguageServerWrapper.lambda$3(LanguageServerWrapper.java:279)
	at org.eclipse.lsp4j.jsonrpc.RemoteEndpoint.request(RemoteEndpoint.java:161)
	at org.eclipse.lsp4j.jsonrpc.services.EndpointProxy.invoke(EndpointProxy.java:91)
	at jdk.proxy12/jdk.proxy12.$Proxy36.shutdown(Unknown Source)
	at org.eclipse.lsp4e.LanguageServerWrapper.lambda$10(LanguageServerWrapper.java:441)
	... 7 more
Caused by: java.io.IOException: 파이프가 닫히는 중입니다
	at java.base/java.io.FileOutputStream.writeBytes(Native Method)
	at java.base/java.io.FileOutputStream.write(FileOutputStream.java:349)
	at java.base/java.io.BufferedOutputStream.flushBuffer(BufferedOutputStream.java:81)
	at java.base/java.io.BufferedOutputStream.flush(BufferedOutputStream.java:142)
	at org.eclipse.lsp4j.jsonrpc.json.StreamMessageConsumer.consume(StreamMessageConsumer.java:69)
	... 12 more

!ENTRY org.springframework.tooling.ls.eclipse.commons 1 0 2025-04-02 21:09:31.239
!MESSAGE executing callback sts4.classpath.tcVKLNFU FAILED

!ENTRY org.springframework.tooling.ls.eclipse.commons 4 0 2025-04-02 21:09:31.240
!MESSAGE TimeoutException
!STACK 0
java.util.concurrent.TimeoutException
	at java.base/java.util.concurrent.CompletableFuture.timedGet(CompletableFuture.java:1960)
	at java.base/java.util.concurrent.CompletableFuture.get(CompletableFuture.java:2095)
	at org.springframework.tooling.ls.eclipse.commons.LSP4ECommandExecutor.executeClientCommand(LSP4ECommandExecutor.java:37)
	at org.springframework.tooling.jdt.ls.commons.classpath.SendClasspathNotificationsJob.flush(SendClasspathNotificationsJob.java:178)
	at org.springframework.tooling.jdt.ls.commons.classpath.SendClasspathNotificationsJob.run(SendClasspathNotificationsJob.java:149)
	at org.eclipse.core.internal.jobs.Worker.run(Worker.java:63)

!ENTRY org.eclipse.lsp4e 4 0 2025-04-02 21:09:33.163
!MESSAGE org.eclipse.lsp4j.jsonrpc.JsonRpcException: java.io.IOException: 파이프가 닫히는 중입니다
!STACK 0
java.util.concurrent.ExecutionException: org.eclipse.lsp4j.jsonrpc.JsonRpcException: java.io.IOException: 파이프가 닫히는 중입니다
	at java.base/java.util.concurrent.CompletableFuture.reportGet(CompletableFuture.java:396)
	at java.base/java.util.concurrent.CompletableFuture.get(CompletableFuture.java:2096)
	at org.eclipse.lsp4e.LanguageServerWrapper.lambda$10(LanguageServerWrapper.java:443)
	at java.base/java.util.concurrent.CompletableFuture$AsyncRun.run(CompletableFuture.java:1804)
	at java.base/java.util.concurrent.CompletableFuture$AsyncRun.exec(CompletableFuture.java:1796)
	at java.base/java.util.concurrent.ForkJoinTask.doExec(ForkJoinTask.java:373)
	at java.base/java.util.concurrent.ForkJoinPool$WorkQueue.topLevelExec(ForkJoinPool.java:1182)
	at java.base/java.util.concurrent.ForkJoinPool.scan(ForkJoinPool.java:1655)
	at java.base/java.util.concurrent.ForkJoinPool.runWorker(ForkJoinPool.java:1622)
	at java.base/java.util.concurrent.ForkJoinWorkerThread.run(ForkJoinWorkerThread.java:165)
Caused by: org.eclipse.lsp4j.jsonrpc.JsonRpcException: java.io.IOException: 파이프가 닫히는 중입니다
	at org.eclipse.lsp4j.jsonrpc.json.StreamMessageConsumer.consume(StreamMessageConsumer.java:72)
	at org.eclipse.lsp4e.LanguageServerWrapper.lambda$3(LanguageServerWrapper.java:279)
	at org.eclipse.lsp4j.jsonrpc.RemoteEndpoint.request(RemoteEndpoint.java:161)
	at org.eclipse.lsp4j.jsonrpc.services.EndpointProxy.invoke(EndpointProxy.java:91)
	at jdk.proxy12/jdk.proxy12.$Proxy36.shutdown(Unknown Source)
	at org.eclipse.lsp4e.LanguageServerWrapper.lambda$10(LanguageServerWrapper.java:441)
	... 7 more
Caused by: java.io.IOException: 파이프가 닫히는 중입니다
	at java.base/java.io.FileOutputStream.writeBytes(Native Method)
	at java.base/java.io.FileOutputStream.write(FileOutputStream.java:349)
	at java.base/java.io.BufferedOutputStream.flushBuffer(BufferedOutputStream.java:81)
	at java.base/java.io.BufferedOutputStream.flush(BufferedOutputStream.java:142)
	at org.eclipse.lsp4j.jsonrpc.json.StreamMessageConsumer.consume(StreamMessageConsumer.java:69)
	... 12 more

!ENTRY org.eclipse.lsp4e 4 0 2025-04-02 21:09:37.654
!MESSAGE org.eclipse.lsp4j.jsonrpc.JsonRpcException: java.io.IOException: 파이프가 닫히는 중입니다
!STACK 0
java.util.concurrent.ExecutionException: org.eclipse.lsp4j.jsonrpc.JsonRpcException: java.io.IOException: 파이프가 닫히는 중입니다
	at java.base/java.util.concurrent.CompletableFuture.reportGet(CompletableFuture.java:396)
	at java.base/java.util.concurrent.CompletableFuture.get(CompletableFuture.java:2096)
	at org.eclipse.lsp4e.LanguageServerWrapper.lambda$10(LanguageServerWrapper.java:443)
	at java.base/java.util.concurrent.CompletableFuture$AsyncRun.run(CompletableFuture.java:1804)
	at java.base/java.util.concurrent.CompletableFuture$AsyncRun.exec(CompletableFuture.java:1796)
	at java.base/java.util.concurrent.ForkJoinTask.doExec(ForkJoinTask.java:373)
	at java.base/java.util.concurrent.ForkJoinPool$WorkQueue.topLevelExec(ForkJoinPool.java:1182)
	at java.base/java.util.concurrent.ForkJoinPool.scan(ForkJoinPool.java:1655)
	at java.base/java.util.concurrent.ForkJoinPool.runWorker(ForkJoinPool.java:1622)
	at java.base/java.util.concurrent.ForkJoinWorkerThread.run(ForkJoinWorkerThread.java:165)
Caused by: org.eclipse.lsp4j.jsonrpc.JsonRpcException: java.io.IOException: 파이프가 닫히는 중입니다
	at org.eclipse.lsp4j.jsonrpc.json.StreamMessageConsumer.consume(StreamMessageConsumer.java:72)
	at org.eclipse.lsp4e.LanguageServerWrapper.lambda$3(LanguageServerWrapper.java:279)
	at org.eclipse.lsp4j.jsonrpc.RemoteEndpoint.request(RemoteEndpoint.java:161)
	at org.eclipse.lsp4j.jsonrpc.services.EndpointProxy.invoke(EndpointProxy.java:91)
	at jdk.proxy12/jdk.proxy12.$Proxy36.shutdown(Unknown Source)
	at org.eclipse.lsp4e.LanguageServerWrapper.lambda$10(LanguageServerWrapper.java:441)
	... 7 more
Caused by: java.io.IOException: 파이프가 닫히는 중입니다
	at java.base/java.io.FileOutputStream.writeBytes(Native Method)
	at java.base/java.io.FileOutputStream.write(FileOutputStream.java:349)
	at java.base/java.io.BufferedOutputStream.flushBuffer(BufferedOutputStream.java:81)
	at java.base/java.io.BufferedOutputStream.flush(BufferedOutputStream.java:142)
	at org.eclipse.lsp4j.jsonrpc.json.StreamMessageConsumer.consume(StreamMessageConsumer.java:69)
	... 12 more

!ENTRY org.eclipse.lsp4e 4 0 2025-04-02 21:09:38.483
!MESSAGE TimeoutException
!STACK 0
java.util.concurrent.TimeoutException
	at java.base/java.util.concurrent.CompletableFuture.timedGet(CompletableFuture.java:1960)
	at java.base/java.util.concurrent.CompletableFuture.get(CompletableFuture.java:2095)
	at org.eclipse.lsp4e.jdt.LSJavaCompletionProposalComputer.asJavaProposals(LSJavaCompletionProposalComputer.java:78)
	at org.eclipse.lsp4e.jdt.LSJavaCompletionProposalComputer.computeCompletionProposals(LSJavaCompletionProposalComputer.java:50)
	at org.eclipse.jdt.internal.ui.text.java.CompletionProposalComputerDescriptor.computeCompletionProposals(CompletionProposalComputerDescriptor.java:348)
	at org.eclipse.jdt.internal.ui.text.java.CompletionProposalCategory.computeCompletionProposals(CompletionProposalCategory.java:340)
	at org.eclipse.jdt.internal.ui.text.java.ContentAssistProcessor.collectProposals(ContentAssistProcessor.java:333)
	at org.eclipse.jdt.internal.ui.text.java.ContentAssistProcessor.computeCompletionProposals(ContentAssistProcessor.java:289)
	at org.eclipse.jface.text.contentassist.AsyncCompletionProposalPopup.lambda$10(AsyncCompletionProposalPopup.java:378)
	at org.eclipse.core.runtime.SafeRunner.run(SafeRunner.java:45)
	at org.eclipse.jface.text.contentassist.AsyncCompletionProposalPopup.lambda$9(AsyncCompletionProposalPopup.java:377)
	at java.base/java.util.concurrent.CompletableFuture$AsyncSupply.run(CompletableFuture.java:1768)
	at java.base/java.util.concurrent.CompletableFuture$AsyncSupply.exec(CompletableFuture.java:1760)
	at java.base/java.util.concurrent.ForkJoinTask.doExec(ForkJoinTask.java:373)
	at java.base/java.util.concurrent.ForkJoinPool$WorkQueue.topLevelExec(ForkJoinPool.java:1182)
	at java.base/java.util.concurrent.ForkJoinPool.scan(ForkJoinPool.java:1655)
	at java.base/java.util.concurrent.ForkJoinPool.runWorker(ForkJoinPool.java:1622)
	at java.base/java.util.concurrent.ForkJoinWorkerThread.run(ForkJoinWorkerThread.java:165)

!ENTRY org.eclipse.lsp4e 4 0 2025-04-02 21:09:40.929
!MESSAGE org.eclipse.lsp4j.jsonrpc.JsonRpcException: java.io.IOException: 파이프가 닫히는 중입니다
!STACK 0
java.util.concurrent.ExecutionException: org.eclipse.lsp4j.jsonrpc.JsonRpcException: java.io.IOException: 파이프가 닫히는 중입니다
	at java.base/java.util.concurrent.CompletableFuture.reportGet(CompletableFuture.java:396)
	at java.base/java.util.concurrent.CompletableFuture.get(CompletableFuture.java:2096)
	at org.eclipse.lsp4e.LanguageServerWrapper.lambda$10(LanguageServerWrapper.java:443)
	at java.base/java.util.concurrent.CompletableFuture$AsyncRun.run(CompletableFuture.java:1804)
	at java.base/java.util.concurrent.CompletableFuture$AsyncRun.exec(CompletableFuture.java:1796)
	at java.base/java.util.concurrent.ForkJoinTask.doExec(ForkJoinTask.java:373)
	at java.base/java.util.concurrent.ForkJoinPool$WorkQueue.topLevelExec(ForkJoinPool.java:1182)
	at java.base/java.util.concurrent.ForkJoinPool.scan(ForkJoinPool.java:1655)
	at java.base/java.util.concurrent.ForkJoinPool.runWorker(ForkJoinPool.java:1622)
	at java.base/java.util.concurrent.ForkJoinWorkerThread.run(ForkJoinWorkerThread.java:165)
Caused by: org.eclipse.lsp4j.jsonrpc.JsonRpcException: java.io.IOException: 파이프가 닫히는 중입니다
	at org.eclipse.lsp4j.jsonrpc.json.StreamMessageConsumer.consume(StreamMessageConsumer.java:72)
	at org.eclipse.lsp4e.LanguageServerWrapper.lambda$3(LanguageServerWrapper.java:279)
	at org.eclipse.lsp4j.jsonrpc.RemoteEndpoint.request(RemoteEndpoint.java:161)
	at org.eclipse.lsp4j.jsonrpc.services.EndpointProxy.invoke(EndpointProxy.java:91)
	at jdk.proxy12/jdk.proxy12.$Proxy36.shutdown(Unknown Source)
	at org.eclipse.lsp4e.LanguageServerWrapper.lambda$10(LanguageServerWrapper.java:441)
	... 7 more
Caused by: java.io.IOException: 파이프가 닫히는 중입니다
	at java.base/java.io.FileOutputStream.writeBytes(Native Method)
	at java.base/java.io.FileOutputStream.write(FileOutputStream.java:349)
	at java.base/java.io.BufferedOutputStream.flushBuffer(BufferedOutputStream.java:81)
	at java.base/java.io.BufferedOutputStream.flush(BufferedOutputStream.java:142)
	at org.eclipse.lsp4j.jsonrpc.json.StreamMessageConsumer.consume(StreamMessageConsumer.java:69)
	... 12 more

!ENTRY org.eclipse.lsp4e 4 0 2025-04-02 21:11:10.795
!MESSAGE org.eclipse.lsp4j.jsonrpc.JsonRpcException: java.io.IOException: 파이프가 닫히는 중입니다
!STACK 0
java.util.concurrent.ExecutionException: org.eclipse.lsp4j.jsonrpc.JsonRpcException: java.io.IOException: 파이프가 닫히는 중입니다
	at java.base/java.util.concurrent.CompletableFuture.reportGet(CompletableFuture.java:396)
	at java.base/java.util.concurrent.CompletableFuture.get(CompletableFuture.java:2096)
	at org.eclipse.lsp4e.LanguageServerWrapper.lambda$10(LanguageServerWrapper.java:443)
	at java.base/java.util.concurrent.CompletableFuture$AsyncRun.run(CompletableFuture.java:1804)
	at java.base/java.util.concurrent.CompletableFuture$AsyncRun.exec(CompletableFuture.java:1796)
	at java.base/java.util.concurrent.ForkJoinTask.doExec(ForkJoinTask.java:373)
	at java.base/java.util.concurrent.ForkJoinPool$WorkQueue.topLevelExec(ForkJoinPool.java:1182)
	at java.base/java.util.concurrent.ForkJoinPool.scan(ForkJoinPool.java:1655)
	at java.base/java.util.concurrent.ForkJoinPool.runWorker(ForkJoinPool.java:1622)
	at java.base/java.util.concurrent.ForkJoinWorkerThread.run(ForkJoinWorkerThread.java:165)
Caused by: org.eclipse.lsp4j.jsonrpc.JsonRpcException: java.io.IOException: 파이프가 닫히는 중입니다
	at org.eclipse.lsp4j.jsonrpc.json.StreamMessageConsumer.consume(StreamMessageConsumer.java:72)
	at org.eclipse.lsp4e.LanguageServerWrapper.lambda$3(LanguageServerWrapper.java:279)
	at org.eclipse.lsp4j.jsonrpc.RemoteEndpoint.request(RemoteEndpoint.java:161)
	at org.eclipse.lsp4j.jsonrpc.services.EndpointProxy.invoke(EndpointProxy.java:91)
	at jdk.proxy12/jdk.proxy12.$Proxy36.shutdown(Unknown Source)
	at org.eclipse.lsp4e.LanguageServerWrapper.lambda$10(LanguageServerWrapper.java:441)
	... 7 more
Caused by: java.io.IOException: 파이프가 닫히는 중입니다
	at java.base/java.io.FileOutputStream.writeBytes(Native Method)
	at java.base/java.io.FileOutputStream.write(FileOutputStream.java:349)
	at java.base/java.io.BufferedOutputStream.flushBuffer(BufferedOutputStream.java:81)
	at java.base/java.io.BufferedOutputStream.flush(BufferedOutputStream.java:142)
	at org.eclipse.lsp4j.jsonrpc.json.StreamMessageConsumer.consume(StreamMessageConsumer.java:69)
	... 12 more

!ENTRY org.eclipse.lsp4e 4 0 2025-04-02 21:11:11.442
!MESSAGE org.eclipse.lsp4j.jsonrpc.JsonRpcException: java.io.IOException: 파이프가 닫히는 중입니다
!STACK 0
java.util.concurrent.ExecutionException: org.eclipse.lsp4j.jsonrpc.JsonRpcException: java.io.IOException: 파이프가 닫히는 중입니다
	at java.base/java.util.concurrent.CompletableFuture.reportGet(CompletableFuture.java:396)
	at java.base/java.util.concurrent.CompletableFuture.get(CompletableFuture.java:2096)
	at org.eclipse.lsp4e.LanguageServerWrapper.lambda$10(LanguageServerWrapper.java:443)
	at java.base/java.util.concurrent.CompletableFuture$AsyncRun.run(CompletableFuture.java:1804)
	at java.base/java.util.concurrent.CompletableFuture$AsyncRun.exec(CompletableFuture.java:1796)
	at java.base/java.util.concurrent.ForkJoinTask.doExec(ForkJoinTask.java:373)
	at java.base/java.util.concurrent.ForkJoinPool$WorkQueue.topLevelExec(ForkJoinPool.java:1182)
	at java.base/java.util.concurrent.ForkJoinPool.scan(ForkJoinPool.java:1655)
	at java.base/java.util.concurrent.ForkJoinPool.runWorker(ForkJoinPool.java:1622)
	at java.base/java.util.concurrent.ForkJoinWorkerThread.run(ForkJoinWorkerThread.java:165)
Caused by: org.eclipse.lsp4j.jsonrpc.JsonRpcException: java.io.IOException: 파이프가 닫히는 중입니다
	at org.eclipse.lsp4j.jsonrpc.json.StreamMessageConsumer.consume(StreamMessageConsumer.java:72)
	at org.eclipse.lsp4e.LanguageServerWrapper.lambda$3(LanguageServerWrapper.java:279)
	at org.eclipse.lsp4j.jsonrpc.RemoteEndpoint.request(RemoteEndpoint.java:161)
	at org.eclipse.lsp4j.jsonrpc.services.EndpointProxy.invoke(EndpointProxy.java:91)
	at jdk.proxy12/jdk.proxy12.$Proxy36.shutdown(Unknown Source)
	at org.eclipse.lsp4e.LanguageServerWrapper.lambda$10(LanguageServerWrapper.java:441)
	... 7 more
Caused by: java.io.IOException: 파이프가 닫히는 중입니다
	at java.base/java.io.FileOutputStream.writeBytes(Native Method)
	at java.base/java.io.FileOutputStream.write(FileOutputStream.java:349)
	at java.base/java.io.BufferedOutputStream.flushBuffer(BufferedOutputStream.java:81)
	at java.base/java.io.BufferedOutputStream.flush(BufferedOutputStream.java:142)
	at org.eclipse.lsp4j.jsonrpc.json.StreamMessageConsumer.consume(StreamMessageConsumer.java:69)
	... 12 more

!ENTRY org.eclipse.lsp4e 4 0 2025-04-02 21:11:48.240
!MESSAGE org.eclipse.lsp4j.jsonrpc.JsonRpcException: java.io.IOException: 파이프가 닫히는 중입니다
!STACK 0
java.util.concurrent.ExecutionException: org.eclipse.lsp4j.jsonrpc.JsonRpcException: java.io.IOException: 파이프가 닫히는 중입니다
	at java.base/java.util.concurrent.CompletableFuture.reportGet(CompletableFuture.java:396)
	at java.base/java.util.concurrent.CompletableFuture.get(CompletableFuture.java:2096)
	at org.eclipse.lsp4e.LanguageServerWrapper.lambda$10(LanguageServerWrapper.java:443)
	at java.base/java.util.concurrent.CompletableFuture$AsyncRun.run(CompletableFuture.java:1804)
	at java.base/java.util.concurrent.CompletableFuture$AsyncRun.exec(CompletableFuture.java:1796)
	at java.base/java.util.concurrent.ForkJoinTask.doExec(ForkJoinTask.java:373)
	at java.base/java.util.concurrent.ForkJoinPool$WorkQueue.topLevelExec(ForkJoinPool.java:1182)
	at java.base/java.util.concurrent.ForkJoinPool.scan(ForkJoinPool.java:1655)
	at java.base/java.util.concurrent.ForkJoinPool.runWorker(ForkJoinPool.java:1622)
	at java.base/java.util.concurrent.ForkJoinWorkerThread.run(ForkJoinWorkerThread.java:165)
Caused by: org.eclipse.lsp4j.jsonrpc.JsonRpcException: java.io.IOException: 파이프가 닫히는 중입니다
	at org.eclipse.lsp4j.jsonrpc.json.StreamMessageConsumer.consume(StreamMessageConsumer.java:72)
	at org.eclipse.lsp4e.LanguageServerWrapper.lambda$3(LanguageServerWrapper.java:279)
	at org.eclipse.lsp4j.jsonrpc.RemoteEndpoint.request(RemoteEndpoint.java:161)
	at org.eclipse.lsp4j.jsonrpc.services.EndpointProxy.invoke(EndpointProxy.java:91)
	at jdk.proxy12/jdk.proxy12.$Proxy36.shutdown(Unknown Source)
	at org.eclipse.lsp4e.LanguageServerWrapper.lambda$10(LanguageServerWrapper.java:441)
	... 7 more
Caused by: java.io.IOException: 파이프가 닫히는 중입니다
	at java.base/java.io.FileOutputStream.writeBytes(Native Method)
	at java.base/java.io.FileOutputStream.write(FileOutputStream.java:349)
	at java.base/java.io.BufferedOutputStream.flushBuffer(BufferedOutputStream.java:81)
	at java.base/java.io.BufferedOutputStream.flush(BufferedOutputStream.java:142)
	at org.eclipse.lsp4j.jsonrpc.json.StreamMessageConsumer.consume(StreamMessageConsumer.java:69)
	... 12 more

!ENTRY org.eclipse.lsp4e 4 0 2025-04-02 21:11:50.777
!MESSAGE org.eclipse.lsp4j.jsonrpc.JsonRpcException: java.io.IOException: 파이프가 닫히는 중입니다
!STACK 0
java.util.concurrent.ExecutionException: org.eclipse.lsp4j.jsonrpc.JsonRpcException: java.io.IOException: 파이프가 닫히는 중입니다
	at java.base/java.util.concurrent.CompletableFuture.reportGet(CompletableFuture.java:396)
	at java.base/java.util.concurrent.CompletableFuture.get(CompletableFuture.java:2096)
	at org.eclipse.lsp4e.LanguageServerWrapper.lambda$10(LanguageServerWrapper.java:443)
	at java.base/java.util.concurrent.CompletableFuture$AsyncRun.run(CompletableFuture.java:1804)
	at java.base/java.util.concurrent.CompletableFuture$AsyncRun.exec(CompletableFuture.java:1796)
	at java.base/java.util.concurrent.ForkJoinTask.doExec(ForkJoinTask.java:373)
	at java.base/java.util.concurrent.ForkJoinPool$WorkQueue.topLevelExec(ForkJoinPool.java:1182)
	at java.base/java.util.concurrent.ForkJoinPool.scan(ForkJoinPool.java:1655)
	at java.base/java.util.concurrent.ForkJoinPool.runWorker(ForkJoinPool.java:1622)
	at java.base/java.util.concurrent.ForkJoinWorkerThread.run(ForkJoinWorkerThread.java:165)
Caused by: org.eclipse.lsp4j.jsonrpc.JsonRpcException: java.io.IOException: 파이프가 닫히는 중입니다
	at org.eclipse.lsp4j.jsonrpc.json.StreamMessageConsumer.consume(StreamMessageConsumer.java:72)
	at org.eclipse.lsp4e.LanguageServerWrapper.lambda$3(LanguageServerWrapper.java:279)
	at org.eclipse.lsp4j.jsonrpc.RemoteEndpoint.request(RemoteEndpoint.java:161)
	at org.eclipse.lsp4j.jsonrpc.services.EndpointProxy.invoke(EndpointProxy.java:91)
	at jdk.proxy12/jdk.proxy12.$Proxy36.shutdown(Unknown Source)
	at org.eclipse.lsp4e.LanguageServerWrapper.lambda$10(LanguageServerWrapper.java:441)
	... 7 more
Caused by: java.io.IOException: 파이프가 닫히는 중입니다
	at java.base/java.io.FileOutputStream.writeBytes(Native Method)
	at java.base/java.io.FileOutputStream.write(FileOutputStream.java:349)
	at java.base/java.io.BufferedOutputStream.flushBuffer(BufferedOutputStream.java:81)
	at java.base/java.io.BufferedOutputStream.flush(BufferedOutputStream.java:142)
	at org.eclipse.lsp4j.jsonrpc.json.StreamMessageConsumer.consume(StreamMessageConsumer.java:69)
	... 12 more

!ENTRY org.eclipse.lsp4e 4 0 2025-04-02 21:11:51.477
!MESSAGE org.eclipse.lsp4j.jsonrpc.JsonRpcException: java.io.IOException: 파이프가 닫히는 중입니다
!STACK 0
java.util.concurrent.ExecutionException: org.eclipse.lsp4j.jsonrpc.JsonRpcException: java.io.IOException: 파이프가 닫히는 중입니다
	at java.base/java.util.concurrent.CompletableFuture.reportGet(CompletableFuture.java:396)
	at java.base/java.util.concurrent.CompletableFuture.get(CompletableFuture.java:2096)
	at org.eclipse.lsp4e.LanguageServerWrapper.lambda$10(LanguageServerWrapper.java:443)
	at java.base/java.util.concurrent.CompletableFuture$AsyncRun.run(CompletableFuture.java:1804)
	at java.base/java.util.concurrent.CompletableFuture$AsyncRun.exec(CompletableFuture.java:1796)
	at java.base/java.util.concurrent.ForkJoinTask.doExec(ForkJoinTask.java:373)
	at java.base/java.util.concurrent.ForkJoinPool$WorkQueue.topLevelExec(ForkJoinPool.java:1182)
	at java.base/java.util.concurrent.ForkJoinPool.scan(ForkJoinPool.java:1655)
	at java.base/java.util.concurrent.ForkJoinPool.runWorker(ForkJoinPool.java:1622)
	at java.base/java.util.concurrent.ForkJoinWorkerThread.run(ForkJoinWorkerThread.java:165)
Caused by: org.eclipse.lsp4j.jsonrpc.JsonRpcException: java.io.IOException: 파이프가 닫히는 중입니다
	at org.eclipse.lsp4j.jsonrpc.json.StreamMessageConsumer.consume(StreamMessageConsumer.java:72)
	at org.eclipse.lsp4e.LanguageServerWrapper.lambda$3(LanguageServerWrapper.java:279)
	at org.eclipse.lsp4j.jsonrpc.RemoteEndpoint.request(RemoteEndpoint.java:161)
	at org.eclipse.lsp4j.jsonrpc.services.EndpointProxy.invoke(EndpointProxy.java:91)
	at jdk.proxy12/jdk.proxy12.$Proxy36.shutdown(Unknown Source)
	at org.eclipse.lsp4e.LanguageServerWrapper.lambda$10(LanguageServerWrapper.java:441)
	... 7 more
Caused by: java.io.IOException: 파이프가 닫히는 중입니다
	at java.base/java.io.FileOutputStream.writeBytes(Native Method)
	at java.base/java.io.FileOutputStream.write(FileOutputStream.java:349)
	at java.base/java.io.BufferedOutputStream.flushBuffer(BufferedOutputStream.java:81)
	at java.base/java.io.BufferedOutputStream.flush(BufferedOutputStream.java:142)
	at org.eclipse.lsp4j.jsonrpc.json.StreamMessageConsumer.consume(StreamMessageConsumer.java:69)
	... 12 more

!ENTRY org.eclipse.lsp4e 4 0 2025-04-02 21:11:52.467
!MESSAGE org.eclipse.lsp4j.jsonrpc.JsonRpcException: java.io.IOException: 파이프가 닫히는 중입니다
!STACK 0
java.util.concurrent.ExecutionException: org.eclipse.lsp4j.jsonrpc.JsonRpcException: java.io.IOException: 파이프가 닫히는 중입니다
	at java.base/java.util.concurrent.CompletableFuture.reportGet(CompletableFuture.java:396)
	at java.base/java.util.concurrent.CompletableFuture.get(CompletableFuture.java:2096)
	at org.eclipse.lsp4e.LanguageServerWrapper.lambda$10(LanguageServerWrapper.java:443)
	at java.base/java.util.concurrent.CompletableFuture$AsyncRun.run(CompletableFuture.java:1804)
	at java.base/java.util.concurrent.CompletableFuture$AsyncRun.exec(CompletableFuture.java:1796)
	at java.base/java.util.concurrent.ForkJoinTask.doExec(ForkJoinTask.java:373)
	at java.base/java.util.concurrent.ForkJoinPool$WorkQueue.topLevelExec(ForkJoinPool.java:1182)
	at java.base/java.util.concurrent.ForkJoinPool.scan(ForkJoinPool.java:1655)
	at java.base/java.util.concurrent.ForkJoinPool.runWorker(ForkJoinPool.java:1622)
	at java.base/java.util.concurrent.ForkJoinWorkerThread.run(ForkJoinWorkerThread.java:165)
Caused by: org.eclipse.lsp4j.jsonrpc.JsonRpcException: java.io.IOException: 파이프가 닫히는 중입니다
	at org.eclipse.lsp4j.jsonrpc.json.StreamMessageConsumer.consume(StreamMessageConsumer.java:72)
	at org.eclipse.lsp4e.LanguageServerWrapper.lambda$3(LanguageServerWrapper.java:279)
	at org.eclipse.lsp4j.jsonrpc.RemoteEndpoint.request(RemoteEndpoint.java:161)
	at org.eclipse.lsp4j.jsonrpc.services.EndpointProxy.invoke(EndpointProxy.java:91)
	at jdk.proxy12/jdk.proxy12.$Proxy36.shutdown(Unknown Source)
	at org.eclipse.lsp4e.LanguageServerWrapper.lambda$10(LanguageServerWrapper.java:441)
	... 7 more
Caused by: java.io.IOException: 파이프가 닫히는 중입니다
	at java.base/java.io.FileOutputStream.writeBytes(Native Method)
	at java.base/java.io.FileOutputStream.write(FileOutputStream.java:349)
	at java.base/java.io.BufferedOutputStream.flushBuffer(BufferedOutputStream.java:81)
	at java.base/java.io.BufferedOutputStream.flush(BufferedOutputStream.java:142)
	at org.eclipse.lsp4j.jsonrpc.json.StreamMessageConsumer.consume(StreamMessageConsumer.java:69)
	... 12 more

!ENTRY org.eclipse.lsp4e 4 0 2025-04-02 21:11:53.899
!MESSAGE org.eclipse.lsp4j.jsonrpc.JsonRpcException: java.io.IOException: 파이프가 닫히는 중입니다
!STACK 0
java.util.concurrent.ExecutionException: org.eclipse.lsp4j.jsonrpc.JsonRpcException: java.io.IOException: 파이프가 닫히는 중입니다
	at java.base/java.util.concurrent.CompletableFuture.reportGet(CompletableFuture.java:396)
	at java.base/java.util.concurrent.CompletableFuture.get(CompletableFuture.java:2096)
	at org.eclipse.lsp4e.LanguageServerWrapper.lambda$10(LanguageServerWrapper.java:443)
	at java.base/java.util.concurrent.CompletableFuture$AsyncRun.run(CompletableFuture.java:1804)
	at java.base/java.util.concurrent.CompletableFuture$AsyncRun.exec(CompletableFuture.java:1796)
	at java.base/java.util.concurrent.ForkJoinTask.doExec(ForkJoinTask.java:373)
	at java.base/java.util.concurrent.ForkJoinPool$WorkQueue.topLevelExec(ForkJoinPool.java:1182)
	at java.base/java.util.concurrent.ForkJoinPool.scan(ForkJoinPool.java:1655)
	at java.base/java.util.concurrent.ForkJoinPool.runWorker(ForkJoinPool.java:1622)
	at java.base/java.util.concurrent.ForkJoinWorkerThread.run(ForkJoinWorkerThread.java:165)
Caused by: org.eclipse.lsp4j.jsonrpc.JsonRpcException: java.io.IOException: 파이프가 닫히는 중입니다
	at org.eclipse.lsp4j.jsonrpc.json.StreamMessageConsumer.consume(StreamMessageConsumer.java:72)
	at org.eclipse.lsp4e.LanguageServerWrapper.lambda$3(LanguageServerWrapper.java:279)
	at org.eclipse.lsp4j.jsonrpc.RemoteEndpoint.request(RemoteEndpoint.java:161)
	at org.eclipse.lsp4j.jsonrpc.services.EndpointProxy.invoke(EndpointProxy.java:91)
	at jdk.proxy12/jdk.proxy12.$Proxy36.shutdown(Unknown Source)
	at org.eclipse.lsp4e.LanguageServerWrapper.lambda$10(LanguageServerWrapper.java:441)
	... 7 more
Caused by: java.io.IOException: 파이프가 닫히는 중입니다
	at java.base/java.io.FileOutputStream.writeBytes(Native Method)
	at java.base/java.io.FileOutputStream.write(FileOutputStream.java:349)
	at java.base/java.io.BufferedOutputStream.flushBuffer(BufferedOutputStream.java:81)
	at java.base/java.io.BufferedOutputStream.flush(BufferedOutputStream.java:142)
	at org.eclipse.lsp4j.jsonrpc.json.StreamMessageConsumer.consume(StreamMessageConsumer.java:69)
	... 12 more

!ENTRY org.eclipse.lsp4e 4 0 2025-04-02 21:11:54.721
!MESSAGE org.eclipse.lsp4j.jsonrpc.JsonRpcException: java.io.IOException: 파이프가 닫히는 중입니다
!STACK 0
java.util.concurrent.ExecutionException: org.eclipse.lsp4j.jsonrpc.JsonRpcException: java.io.IOException: 파이프가 닫히는 중입니다
	at java.base/java.util.concurrent.CompletableFuture.reportGet(CompletableFuture.java:396)
	at java.base/java.util.concurrent.CompletableFuture.get(CompletableFuture.java:2096)
	at org.eclipse.lsp4e.LanguageServerWrapper.lambda$10(LanguageServerWrapper.java:443)
	at java.base/java.util.concurrent.CompletableFuture$AsyncRun.run(CompletableFuture.java:1804)
	at java.base/java.util.concurrent.CompletableFuture$AsyncRun.exec(CompletableFuture.java:1796)
	at java.base/java.util.concurrent.ForkJoinTask.doExec(ForkJoinTask.java:373)
	at java.base/java.util.concurrent.ForkJoinPool$WorkQueue.topLevelExec(ForkJoinPool.java:1182)
	at java.base/java.util.concurrent.ForkJoinPool.scan(ForkJoinPool.java:1655)
	at java.base/java.util.concurrent.ForkJoinPool.runWorker(ForkJoinPool.java:1622)
	at java.base/java.util.concurrent.ForkJoinWorkerThread.run(ForkJoinWorkerThread.java:165)
Caused by: org.eclipse.lsp4j.jsonrpc.JsonRpcException: java.io.IOException: 파이프가 닫히는 중입니다
	at org.eclipse.lsp4j.jsonrpc.json.StreamMessageConsumer.consume(StreamMessageConsumer.java:72)
	at org.eclipse.lsp4e.LanguageServerWrapper.lambda$3(LanguageServerWrapper.java:279)
	at org.eclipse.lsp4j.jsonrpc.RemoteEndpoint.request(RemoteEndpoint.java:161)
	at org.eclipse.lsp4j.jsonrpc.services.EndpointProxy.invoke(EndpointProxy.java:91)
	at jdk.proxy12/jdk.proxy12.$Proxy36.shutdown(Unknown Source)
	at org.eclipse.lsp4e.LanguageServerWrapper.lambda$10(LanguageServerWrapper.java:441)
	... 7 more
Caused by: java.io.IOException: 파이프가 닫히는 중입니다
	at java.base/java.io.FileOutputStream.writeBytes(Native Method)
	at java.base/java.io.FileOutputStream.write(FileOutputStream.java:349)
	at java.base/java.io.BufferedOutputStream.flushBuffer(BufferedOutputStream.java:81)
	at java.base/java.io.BufferedOutputStream.flush(BufferedOutputStream.java:142)
	at org.eclipse.lsp4j.jsonrpc.json.StreamMessageConsumer.consume(StreamMessageConsumer.java:69)
	... 12 more

!ENTRY org.eclipse.lsp4e 4 0 2025-04-02 21:11:58.380
!MESSAGE org.eclipse.lsp4j.jsonrpc.JsonRpcException: java.io.IOException: 파이프가 닫히는 중입니다
!STACK 0
java.util.concurrent.ExecutionException: org.eclipse.lsp4j.jsonrpc.JsonRpcException: java.io.IOException: 파이프가 닫히는 중입니다
	at java.base/java.util.concurrent.CompletableFuture.reportGet(CompletableFuture.java:396)
	at java.base/java.util.concurrent.CompletableFuture.get(CompletableFuture.java:2096)
	at org.eclipse.lsp4e.LanguageServerWrapper.lambda$10(LanguageServerWrapper.java:443)
	at java.base/java.util.concurrent.CompletableFuture$AsyncRun.run(CompletableFuture.java:1804)
	at java.base/java.util.concurrent.CompletableFuture$AsyncRun.exec(CompletableFuture.java:1796)
	at java.base/java.util.concurrent.ForkJoinTask.doExec(ForkJoinTask.java:373)
	at java.base/java.util.concurrent.ForkJoinPool$WorkQueue.topLevelExec(ForkJoinPool.java:1182)
	at java.base/java.util.concurrent.ForkJoinPool.scan(ForkJoinPool.java:1655)
	at java.base/java.util.concurrent.ForkJoinPool.runWorker(ForkJoinPool.java:1622)
	at java.base/java.util.concurrent.ForkJoinWorkerThread.run(ForkJoinWorkerThread.java:165)
Caused by: org.eclipse.lsp4j.jsonrpc.JsonRpcException: java.io.IOException: 파이프가 닫히는 중입니다
	at org.eclipse.lsp4j.jsonrpc.json.StreamMessageConsumer.consume(StreamMessageConsumer.java:72)
	at org.eclipse.lsp4e.LanguageServerWrapper.lambda$3(LanguageServerWrapper.java:279)
	at org.eclipse.lsp4j.jsonrpc.RemoteEndpoint.request(RemoteEndpoint.java:161)
	at org.eclipse.lsp4j.jsonrpc.services.EndpointProxy.invoke(EndpointProxy.java:91)
	at jdk.proxy12/jdk.proxy12.$Proxy36.shutdown(Unknown Source)
	at org.eclipse.lsp4e.LanguageServerWrapper.lambda$10(LanguageServerWrapper.java:441)
	... 7 more
Caused by: java.io.IOException: 파이프가 닫히는 중입니다
	at java.base/java.io.FileOutputStream.writeBytes(Native Method)
	at java.base/java.io.FileOutputStream.write(FileOutputStream.java:349)
	at java.base/java.io.BufferedOutputStream.flushBuffer(BufferedOutputStream.java:81)
	at java.base/java.io.BufferedOutputStream.flush(BufferedOutputStream.java:142)
	at org.eclipse.lsp4j.jsonrpc.json.StreamMessageConsumer.consume(StreamMessageConsumer.java:69)
	... 12 more

!ENTRY org.eclipse.lsp4e 4 0 2025-04-02 21:12:01.320
!MESSAGE org.eclipse.lsp4j.jsonrpc.JsonRpcException: java.io.IOException: 파이프가 닫히는 중입니다
!STACK 0
java.util.concurrent.ExecutionException: org.eclipse.lsp4j.jsonrpc.JsonRpcException: java.io.IOException: 파이프가 닫히는 중입니다
	at java.base/java.util.concurrent.CompletableFuture.reportGet(CompletableFuture.java:396)
	at java.base/java.util.concurrent.CompletableFuture.get(CompletableFuture.java:2096)
	at org.eclipse.lsp4e.LanguageServerWrapper.lambda$10(LanguageServerWrapper.java:443)
	at java.base/java.util.concurrent.CompletableFuture$AsyncRun.run(CompletableFuture.java:1804)
	at java.base/java.util.concurrent.CompletableFuture$AsyncRun.exec(CompletableFuture.java:1796)
	at java.base/java.util.concurrent.ForkJoinTask.doExec(ForkJoinTask.java:373)
	at java.base/java.util.concurrent.ForkJoinPool$WorkQueue.topLevelExec(ForkJoinPool.java:1182)
	at java.base/java.util.concurrent.ForkJoinPool.scan(ForkJoinPool.java:1655)
	at java.base/java.util.concurrent.ForkJoinPool.runWorker(ForkJoinPool.java:1622)
	at java.base/java.util.concurrent.ForkJoinWorkerThread.run(ForkJoinWorkerThread.java:165)
Caused by: org.eclipse.lsp4j.jsonrpc.JsonRpcException: java.io.IOException: 파이프가 닫히는 중입니다
	at org.eclipse.lsp4j.jsonrpc.json.StreamMessageConsumer.consume(StreamMessageConsumer.java:72)
	at org.eclipse.lsp4e.LanguageServerWrapper.lambda$3(LanguageServerWrapper.java:279)
	at org.eclipse.lsp4j.jsonrpc.RemoteEndpoint.request(RemoteEndpoint.java:161)
	at org.eclipse.lsp4j.jsonrpc.services.EndpointProxy.invoke(EndpointProxy.java:91)
	at jdk.proxy12/jdk.proxy12.$Proxy36.shutdown(Unknown Source)
	at org.eclipse.lsp4e.LanguageServerWrapper.lambda$10(LanguageServerWrapper.java:441)
	... 7 more
Caused by: java.io.IOException: 파이프가 닫히는 중입니다
	at java.base/java.io.FileOutputStream.writeBytes(Native Method)
	at java.base/java.io.FileOutputStream.write(FileOutputStream.java:349)
	at java.base/java.io.BufferedOutputStream.flushBuffer(BufferedOutputStream.java:81)
	at java.base/java.io.BufferedOutputStream.flush(BufferedOutputStream.java:142)
	at org.eclipse.lsp4j.jsonrpc.json.StreamMessageConsumer.consume(StreamMessageConsumer.java:69)
	... 12 more

!ENTRY org.eclipse.lsp4e 4 0 2025-04-02 21:12:04.133
!MESSAGE org.eclipse.lsp4j.jsonrpc.JsonRpcException: java.io.IOException: 파이프가 닫히는 중입니다
!STACK 0
java.util.concurrent.ExecutionException: org.eclipse.lsp4j.jsonrpc.JsonRpcException: java.io.IOException: 파이프가 닫히는 중입니다
	at java.base/java.util.concurrent.CompletableFuture.reportGet(CompletableFuture.java:396)
	at java.base/java.util.concurrent.CompletableFuture.get(CompletableFuture.java:2096)
	at org.eclipse.lsp4e.LanguageServerWrapper.lambda$10(LanguageServerWrapper.java:443)
	at java.base/java.util.concurrent.CompletableFuture$AsyncRun.run(CompletableFuture.java:1804)
	at java.base/java.util.concurrent.CompletableFuture$AsyncRun.exec(CompletableFuture.java:1796)
	at java.base/java.util.concurrent.ForkJoinTask.doExec(ForkJoinTask.java:373)
	at java.base/java.util.concurrent.ForkJoinPool$WorkQueue.topLevelExec(ForkJoinPool.java:1182)
	at java.base/java.util.concurrent.ForkJoinPool.scan(ForkJoinPool.java:1655)
	at java.base/java.util.concurrent.ForkJoinPool.runWorker(ForkJoinPool.java:1622)
	at java.base/java.util.concurrent.ForkJoinWorkerThread.run(ForkJoinWorkerThread.java:165)
Caused by: org.eclipse.lsp4j.jsonrpc.JsonRpcException: java.io.IOException: 파이프가 닫히는 중입니다
	at org.eclipse.lsp4j.jsonrpc.json.StreamMessageConsumer.consume(StreamMessageConsumer.java:72)
	at org.eclipse.lsp4e.LanguageServerWrapper.lambda$3(LanguageServerWrapper.java:279)
	at org.eclipse.lsp4j.jsonrpc.RemoteEndpoint.request(RemoteEndpoint.java:161)
	at org.eclipse.lsp4j.jsonrpc.services.EndpointProxy.invoke(EndpointProxy.java:91)
	at jdk.proxy12/jdk.proxy12.$Proxy36.shutdown(Unknown Source)
	at org.eclipse.lsp4e.LanguageServerWrapper.lambda$10(LanguageServerWrapper.java:441)
	... 7 more
Caused by: java.io.IOException: 파이프가 닫히는 중입니다
	at java.base/java.io.FileOutputStream.writeBytes(Native Method)
	at java.base/java.io.FileOutputStream.write(FileOutputStream.java:349)
	at java.base/java.io.BufferedOutputStream.flushBuffer(BufferedOutputStream.java:81)
	at java.base/java.io.BufferedOutputStream.flush(BufferedOutputStream.java:142)
	at org.eclipse.lsp4j.jsonrpc.json.StreamMessageConsumer.consume(StreamMessageConsumer.java:69)
	... 12 more

!ENTRY org.eclipse.lsp4e 4 0 2025-04-02 21:12:39.030
!MESSAGE org.eclipse.lsp4j.jsonrpc.JsonRpcException: java.io.IOException: 파이프가 닫히는 중입니다
!STACK 0
java.util.concurrent.ExecutionException: org.eclipse.lsp4j.jsonrpc.JsonRpcException: java.io.IOException: 파이프가 닫히는 중입니다
	at java.base/java.util.concurrent.CompletableFuture.reportGet(CompletableFuture.java:396)
	at java.base/java.util.concurrent.CompletableFuture.get(CompletableFuture.java:2096)
	at org.eclipse.lsp4e.LanguageServerWrapper.lambda$10(LanguageServerWrapper.java:443)
	at java.base/java.util.concurrent.CompletableFuture$AsyncRun.run(CompletableFuture.java:1804)
	at java.base/java.util.concurrent.CompletableFuture$AsyncRun.exec(CompletableFuture.java:1796)
	at java.base/java.util.concurrent.ForkJoinTask.doExec(ForkJoinTask.java:373)
	at java.base/java.util.concurrent.ForkJoinPool$WorkQueue.topLevelExec(ForkJoinPool.java:1182)
	at java.base/java.util.concurrent.ForkJoinPool.scan(ForkJoinPool.java:1655)
	at java.base/java.util.concurrent.ForkJoinPool.runWorker(ForkJoinPool.java:1622)
	at java.base/java.util.concurrent.ForkJoinWorkerThread.run(ForkJoinWorkerThread.java:165)
Caused by: org.eclipse.lsp4j.jsonrpc.JsonRpcException: java.io.IOException: 파이프가 닫히는 중입니다
	at org.eclipse.lsp4j.jsonrpc.json.StreamMessageConsumer.consume(StreamMessageConsumer.java:72)
	at org.eclipse.lsp4e.LanguageServerWrapper.lambda$3(LanguageServerWrapper.java:279)
	at org.eclipse.lsp4j.jsonrpc.RemoteEndpoint.request(RemoteEndpoint.java:161)
	at org.eclipse.lsp4j.jsonrpc.services.EndpointProxy.invoke(EndpointProxy.java:91)
	at jdk.proxy12/jdk.proxy12.$Proxy36.shutdown(Unknown Source)
	at org.eclipse.lsp4e.LanguageServerWrapper.lambda$10(LanguageServerWrapper.java:441)
	... 7 more
Caused by: java.io.IOException: 파이프가 닫히는 중입니다
	at java.base/java.io.FileOutputStream.writeBytes(Native Method)
	at java.base/java.io.FileOutputStream.write(FileOutputStream.java:349)
	at java.base/java.io.BufferedOutputStream.flushBuffer(BufferedOutputStream.java:81)
	at java.base/java.io.BufferedOutputStream.flush(BufferedOutputStream.java:142)
	at org.eclipse.lsp4j.jsonrpc.json.StreamMessageConsumer.consume(StreamMessageConsumer.java:69)
	... 12 more

!ENTRY org.eclipse.lsp4e 2 0 2025-04-02 21:12:40.031
!MESSAGE Timeout waiting for data to generate LS hover
!STACK 0
java.util.concurrent.TimeoutException
	at java.base/java.util.concurrent.CompletableFuture.timedGet(CompletableFuture.java:1960)
	at java.base/java.util.concurrent.CompletableFuture.get(CompletableFuture.java:2095)
	at org.eclipse.lsp4e.jdt.LSJavaHoverProvider.getHoverInfo2(LSJavaHoverProvider.java:65)
	at org.eclipse.jdt.internal.ui.text.java.hover.BestMatchHover.getHoverInfo2(BestMatchHover.java:163)
	at org.eclipse.jdt.internal.ui.text.java.hover.BestMatchHover.getHoverInfo2(BestMatchHover.java:130)
	at org.eclipse.jdt.internal.ui.text.java.hover.JavaEditorTextHoverProxy.getHoverInfo2(JavaEditorTextHoverProxy.java:89)
	at org.eclipse.jface.text.TextViewerHoverManager$1.run(TextViewerHoverManager.java:155)

!ENTRY org.eclipse.lsp4e 4 0 2025-04-02 21:12:46.931
!MESSAGE org.eclipse.lsp4j.jsonrpc.JsonRpcException: java.io.IOException: 파이프가 닫히는 중입니다
!STACK 0
java.util.concurrent.ExecutionException: org.eclipse.lsp4j.jsonrpc.JsonRpcException: java.io.IOException: 파이프가 닫히는 중입니다
	at java.base/java.util.concurrent.CompletableFuture.reportGet(CompletableFuture.java:396)
	at java.base/java.util.concurrent.CompletableFuture.get(CompletableFuture.java:2096)
	at org.eclipse.lsp4e.LanguageServerWrapper.lambda$10(LanguageServerWrapper.java:443)
	at java.base/java.util.concurrent.CompletableFuture$AsyncRun.run(CompletableFuture.java:1804)
	at java.base/java.util.concurrent.CompletableFuture$AsyncRun.exec(CompletableFuture.java:1796)
	at java.base/java.util.concurrent.ForkJoinTask.doExec(ForkJoinTask.java:373)
	at java.base/java.util.concurrent.ForkJoinPool$WorkQueue.topLevelExec(ForkJoinPool.java:1182)
	at java.base/java.util.concurrent.ForkJoinPool.scan(ForkJoinPool.java:1655)
	at java.base/java.util.concurrent.ForkJoinPool.runWorker(ForkJoinPool.java:1622)
	at java.base/java.util.concurrent.ForkJoinWorkerThread.run(ForkJoinWorkerThread.java:165)
Caused by: org.eclipse.lsp4j.jsonrpc.JsonRpcException: java.io.IOException: 파이프가 닫히는 중입니다
	at org.eclipse.lsp4j.jsonrpc.json.StreamMessageConsumer.consume(StreamMessageConsumer.java:72)
	at org.eclipse.lsp4e.LanguageServerWrapper.lambda$3(LanguageServerWrapper.java:279)
	at org.eclipse.lsp4j.jsonrpc.RemoteEndpoint.request(RemoteEndpoint.java:161)
	at org.eclipse.lsp4j.jsonrpc.services.EndpointProxy.invoke(EndpointProxy.java:91)
	at jdk.proxy12/jdk.proxy12.$Proxy36.shutdown(Unknown Source)
	at org.eclipse.lsp4e.LanguageServerWrapper.lambda$10(LanguageServerWrapper.java:441)
	... 7 more
Caused by: java.io.IOException: 파이프가 닫히는 중입니다
	at java.base/java.io.FileOutputStream.writeBytes(Native Method)
	at java.base/java.io.FileOutputStream.write(FileOutputStream.java:349)
	at java.base/java.io.BufferedOutputStream.flushBuffer(BufferedOutputStream.java:81)
	at java.base/java.io.BufferedOutputStream.flush(BufferedOutputStream.java:142)
	at org.eclipse.lsp4j.jsonrpc.json.StreamMessageConsumer.consume(StreamMessageConsumer.java:69)
	... 12 more

!ENTRY org.eclipse.lsp4e 4 0 2025-04-02 21:12:51.565
!MESSAGE org.eclipse.lsp4j.jsonrpc.JsonRpcException: java.io.IOException: 파이프가 닫히는 중입니다
!STACK 0
java.util.concurrent.ExecutionException: org.eclipse.lsp4j.jsonrpc.JsonRpcException: java.io.IOException: 파이프가 닫히는 중입니다
	at java.base/java.util.concurrent.CompletableFuture.reportGet(CompletableFuture.java:396)
	at java.base/java.util.concurrent.CompletableFuture.get(CompletableFuture.java:2096)
	at org.eclipse.lsp4e.LanguageServerWrapper.lambda$10(LanguageServerWrapper.java:443)
	at java.base/java.util.concurrent.CompletableFuture$AsyncRun.run(CompletableFuture.java:1804)
	at java.base/java.util.concurrent.CompletableFuture$AsyncRun.exec(CompletableFuture.java:1796)
	at java.base/java.util.concurrent.ForkJoinTask.doExec(ForkJoinTask.java:373)
	at java.base/java.util.concurrent.ForkJoinPool$WorkQueue.topLevelExec(ForkJoinPool.java:1182)
	at java.base/java.util.concurrent.ForkJoinPool.scan(ForkJoinPool.java:1655)
	at java.base/java.util.concurrent.ForkJoinPool.runWorker(ForkJoinPool.java:1622)
	at java.base/java.util.concurrent.ForkJoinWorkerThread.run(ForkJoinWorkerThread.java:165)
Caused by: org.eclipse.lsp4j.jsonrpc.JsonRpcException: java.io.IOException: 파이프가 닫히는 중입니다
	at org.eclipse.lsp4j.jsonrpc.json.StreamMessageConsumer.consume(StreamMessageConsumer.java:72)
	at org.eclipse.lsp4e.LanguageServerWrapper.lambda$3(LanguageServerWrapper.java:279)
	at org.eclipse.lsp4j.jsonrpc.RemoteEndpoint.request(RemoteEndpoint.java:161)
	at org.eclipse.lsp4j.jsonrpc.services.EndpointProxy.invoke(EndpointProxy.java:91)
	at jdk.proxy12/jdk.proxy12.$Proxy36.shutdown(Unknown Source)
	at org.eclipse.lsp4e.LanguageServerWrapper.lambda$10(LanguageServerWrapper.java:441)
	... 7 more
Caused by: java.io.IOException: 파이프가 닫히는 중입니다
	at java.base/java.io.FileOutputStream.writeBytes(Native Method)
	at java.base/java.io.FileOutputStream.write(FileOutputStream.java:349)
	at java.base/java.io.BufferedOutputStream.flushBuffer(BufferedOutputStream.java:81)
	at java.base/java.io.BufferedOutputStream.flush(BufferedOutputStream.java:142)
	at org.eclipse.lsp4j.jsonrpc.json.StreamMessageConsumer.consume(StreamMessageConsumer.java:69)
	... 12 more

!ENTRY org.eclipse.lsp4e 2 0 2025-04-02 21:12:52.565
!MESSAGE Timeout waiting for data to generate LS hover
!STACK 0
java.util.concurrent.TimeoutException
	at java.base/java.util.concurrent.CompletableFuture.timedGet(CompletableFuture.java:1960)
	at java.base/java.util.concurrent.CompletableFuture.get(CompletableFuture.java:2095)
	at org.eclipse.lsp4e.jdt.LSJavaHoverProvider.getHoverInfo2(LSJavaHoverProvider.java:65)
	at org.eclipse.jdt.internal.ui.text.java.hover.BestMatchHover.getHoverInfo2(BestMatchHover.java:163)
	at org.eclipse.jdt.internal.ui.text.java.hover.BestMatchHover.getHoverInfo2(BestMatchHover.java:130)
	at org.eclipse.jdt.internal.ui.text.java.hover.JavaEditorTextHoverProxy.getHoverInfo2(JavaEditorTextHoverProxy.java:89)
	at org.eclipse.jface.text.TextViewerHoverManager$1.run(TextViewerHoverManager.java:155)

!ENTRY org.eclipse.lsp4e 4 0 2025-04-02 21:13:09.009
!MESSAGE org.eclipse.lsp4j.jsonrpc.JsonRpcException: java.io.IOException: 파이프가 닫히는 중입니다
!STACK 0
java.util.concurrent.ExecutionException: org.eclipse.lsp4j.jsonrpc.JsonRpcException: java.io.IOException: 파이프가 닫히는 중입니다
	at java.base/java.util.concurrent.CompletableFuture.reportGet(CompletableFuture.java:396)
	at java.base/java.util.concurrent.CompletableFuture.get(CompletableFuture.java:2096)
	at org.eclipse.lsp4e.LanguageServerWrapper.lambda$10(LanguageServerWrapper.java:443)
	at java.base/java.util.concurrent.CompletableFuture$AsyncRun.run(CompletableFuture.java:1804)
	at java.base/java.util.concurrent.CompletableFuture$AsyncRun.exec(CompletableFuture.java:1796)
	at java.base/java.util.concurrent.ForkJoinTask.doExec(ForkJoinTask.java:373)
	at java.base/java.util.concurrent.ForkJoinPool$WorkQueue.topLevelExec(ForkJoinPool.java:1182)
	at java.base/java.util.concurrent.ForkJoinPool.scan(ForkJoinPool.java:1655)
	at java.base/java.util.concurrent.ForkJoinPool.runWorker(ForkJoinPool.java:1622)
	at java.base/java.util.concurrent.ForkJoinWorkerThread.run(ForkJoinWorkerThread.java:165)
Caused by: org.eclipse.lsp4j.jsonrpc.JsonRpcException: java.io.IOException: 파이프가 닫히는 중입니다
	at org.eclipse.lsp4j.jsonrpc.json.StreamMessageConsumer.consume(StreamMessageConsumer.java:72)
	at org.eclipse.lsp4e.LanguageServerWrapper.lambda$3(LanguageServerWrapper.java:279)
	at org.eclipse.lsp4j.jsonrpc.RemoteEndpoint.request(RemoteEndpoint.java:161)
	at org.eclipse.lsp4j.jsonrpc.services.EndpointProxy.invoke(EndpointProxy.java:91)
	at jdk.proxy12/jdk.proxy12.$Proxy36.shutdown(Unknown Source)
	at org.eclipse.lsp4e.LanguageServerWrapper.lambda$10(LanguageServerWrapper.java:441)
	... 7 more
Caused by: java.io.IOException: 파이프가 닫히는 중입니다
	at java.base/java.io.FileOutputStream.writeBytes(Native Method)
	at java.base/java.io.FileOutputStream.write(FileOutputStream.java:349)
	at java.base/java.io.BufferedOutputStream.flushBuffer(BufferedOutputStream.java:81)
	at java.base/java.io.BufferedOutputStream.flush(BufferedOutputStream.java:142)
	at org.eclipse.lsp4j.jsonrpc.json.StreamMessageConsumer.consume(StreamMessageConsumer.java:69)
	... 12 more

!ENTRY org.eclipse.lsp4e 4 0 2025-04-02 21:13:10.890
!MESSAGE org.eclipse.lsp4j.jsonrpc.JsonRpcException: java.io.IOException: 파이프가 닫히는 중입니다
!STACK 0
java.util.concurrent.ExecutionException: org.eclipse.lsp4j.jsonrpc.JsonRpcException: java.io.IOException: 파이프가 닫히는 중입니다
	at java.base/java.util.concurrent.CompletableFuture.reportGet(CompletableFuture.java:396)
	at java.base/java.util.concurrent.CompletableFuture.get(CompletableFuture.java:2096)
	at org.eclipse.lsp4e.LanguageServerWrapper.lambda$10(LanguageServerWrapper.java:443)
	at java.base/java.util.concurrent.CompletableFuture$AsyncRun.run(CompletableFuture.java:1804)
	at java.base/java.util.concurrent.CompletableFuture$AsyncRun.exec(CompletableFuture.java:1796)
	at java.base/java.util.concurrent.ForkJoinTask.doExec(ForkJoinTask.java:373)
	at java.base/java.util.concurrent.ForkJoinPool$WorkQueue.topLevelExec(ForkJoinPool.java:1182)
	at java.base/java.util.concurrent.ForkJoinPool.scan(ForkJoinPool.java:1655)
	at java.base/java.util.concurrent.ForkJoinPool.runWorker(ForkJoinPool.java:1622)
	at java.base/java.util.concurrent.ForkJoinWorkerThread.run(ForkJoinWorkerThread.java:165)
Caused by: org.eclipse.lsp4j.jsonrpc.JsonRpcException: java.io.IOException: 파이프가 닫히는 중입니다
	at org.eclipse.lsp4j.jsonrpc.json.StreamMessageConsumer.consume(StreamMessageConsumer.java:72)
	at org.eclipse.lsp4e.LanguageServerWrapper.lambda$3(LanguageServerWrapper.java:279)
	at org.eclipse.lsp4j.jsonrpc.RemoteEndpoint.request(RemoteEndpoint.java:161)
	at org.eclipse.lsp4j.jsonrpc.services.EndpointProxy.invoke(EndpointProxy.java:91)
	at jdk.proxy12/jdk.proxy12.$Proxy36.shutdown(Unknown Source)
	at org.eclipse.lsp4e.LanguageServerWrapper.lambda$10(LanguageServerWrapper.java:441)
	... 7 more
Caused by: java.io.IOException: 파이프가 닫히는 중입니다
	at java.base/java.io.FileOutputStream.writeBytes(Native Method)
	at java.base/java.io.FileOutputStream.write(FileOutputStream.java:349)
	at java.base/java.io.BufferedOutputStream.flushBuffer(BufferedOutputStream.java:81)
	at java.base/java.io.BufferedOutputStream.flush(BufferedOutputStream.java:142)
	at org.eclipse.lsp4j.jsonrpc.json.StreamMessageConsumer.consume(StreamMessageConsumer.java:69)
	... 12 more

!ENTRY org.eclipse.lsp4e 4 0 2025-04-02 21:13:11.380
!MESSAGE java.util.concurrent.CancellationException
!STACK 0
java.util.concurrent.ExecutionException: java.util.concurrent.CancellationException
	at java.base/java.util.concurrent.CompletableFuture.reportGet(CompletableFuture.java:396)
	at java.base/java.util.concurrent.CompletableFuture.get(CompletableFuture.java:2073)
	at org.eclipse.lsp4e.operations.completion.LSContentAssistProcessor.computeCompletionProposals(LSContentAssistProcessor.java:111)
	at org.eclipse.lsp4e.jdt.LSJavaCompletionProposalComputer.lambda$0(LSJavaCompletionProposalComputer.java:47)
	at java.base/java.util.concurrent.CompletableFuture$AsyncSupply.run(CompletableFuture.java:1768)
	at java.base/java.util.concurrent.CompletableFuture$AsyncSupply.exec(CompletableFuture.java:1760)
	at java.base/java.util.concurrent.ForkJoinTask.doExec(ForkJoinTask.java:373)
	at java.base/java.util.concurrent.ForkJoinPool$WorkQueue.helpAsyncBlocker(ForkJoinPool.java:1253)
	at java.base/java.util.concurrent.ForkJoinPool.helpAsyncBlocker(ForkJoinPool.java:2237)
	at java.base/java.util.concurrent.CompletableFuture.timedGet(CompletableFuture.java:1933)
	at java.base/java.util.concurrent.CompletableFuture.get(CompletableFuture.java:2095)
	at org.eclipse.lsp4e.jdt.LSJavaCompletionProposalComputer.asJavaProposals(LSJavaCompletionProposalComputer.java:78)
	at org.eclipse.lsp4e.jdt.LSJavaCompletionProposalComputer.computeCompletionProposals(LSJavaCompletionProposalComputer.java:50)
	at org.eclipse.jdt.internal.ui.text.java.CompletionProposalComputerDescriptor.computeCompletionProposals(CompletionProposalComputerDescriptor.java:348)
	at org.eclipse.jdt.internal.ui.text.java.CompletionProposalCategory.computeCompletionProposals(CompletionProposalCategory.java:340)
	at org.eclipse.jdt.internal.ui.text.java.ContentAssistProcessor.collectProposals(ContentAssistProcessor.java:333)
	at org.eclipse.jdt.internal.ui.text.java.ContentAssistProcessor.computeCompletionProposals(ContentAssistProcessor.java:289)
	at org.eclipse.jface.text.contentassist.AsyncCompletionProposalPopup.lambda$10(AsyncCompletionProposalPopup.java:378)
	at org.eclipse.core.runtime.SafeRunner.run(SafeRunner.java:45)
	at org.eclipse.jface.text.contentassist.AsyncCompletionProposalPopup.lambda$9(AsyncCompletionProposalPopup.java:377)
	at java.base/java.util.concurrent.CompletableFuture$AsyncSupply.run(CompletableFuture.java:1768)
	at java.base/java.util.concurrent.CompletableFuture$AsyncSupply.exec(CompletableFuture.java:1760)
	at java.base/java.util.concurrent.ForkJoinTask.doExec(ForkJoinTask.java:373)
	at java.base/java.util.concurrent.ForkJoinPool$WorkQueue.topLevelExec(ForkJoinPool.java:1182)
	at java.base/java.util.concurrent.ForkJoinPool.scan(ForkJoinPool.java:1655)
	at java.base/java.util.concurrent.ForkJoinPool.runWorker(ForkJoinPool.java:1622)
	at java.base/java.util.concurrent.ForkJoinWorkerThread.run(ForkJoinWorkerThread.java:165)
Caused by: java.util.concurrent.CancellationException
	at java.base/java.util.concurrent.CompletableFuture.cancel(CompletableFuture.java:2478)
	at org.eclipse.lsp4e.LanguageServerWrapper.stop(LanguageServerWrapper.java:427)
	at org.eclipse.lsp4e.LanguageServerWrapper.start(LanguageServerWrapper.java:248)
	at org.eclipse.lsp4e.LanguageServerWrapper.getInitializedServer(LanguageServerWrapper.java:696)
	at org.eclipse.lsp4e.LanguageServers$LanguageServerDocumentExecutor.filter(LanguageServers.java:263)
	at java.base/java.util.stream.ReferencePipeline$3$1.accept(ReferencePipeline.java:197)
	at java.base/java.util.Iterator.forEachRemaining(Iterator.java:133)
	at java.base/java.util.Spliterators$IteratorSpliterator.forEachRemaining(Spliterators.java:1845)
	at java.base/java.util.stream.AbstractPipeline.copyInto(AbstractPipeline.java:509)
	at java.base/java.util.stream.AbstractPipeline.wrapAndCopyInto(AbstractPipeline.java:499)
	at java.base/java.util.stream.AbstractPipeline.evaluate(AbstractPipeline.java:575)
	at java.base/java.util.stream.AbstractPipeline.evaluateToArrayNode(AbstractPipeline.java:260)
	at java.base/java.util.stream.ReferencePipeline.toArray(ReferencePipeline.java:616)
	at java.base/java.util.stream.ReferencePipeline.toArray(ReferencePipeline.java:622)
	at java.base/java.util.stream.ReferencePipeline.toList(ReferencePipeline.java:627)
	at org.eclipse.lsp4e.LanguageServers$LanguageServerDocumentExecutor.getServers(LanguageServers.java:273)
	at org.eclipse.lsp4e.LanguageServers.executeOnServers(LanguageServers.java:403)
	at org.eclipse.lsp4e.LanguageServers.collectAll(LanguageServers.java:76)
	at org.eclipse.lsp4e.operations.codelens.CodeLensProvider.provideCodeMinings(CodeLensProvider.java:40)
	at org.eclipse.lsp4e.operations.codelens.CodeLensProvider.provideCodeMinings(CodeLensProvider.java:67)
	at org.eclipse.jface.internal.text.codemining.CodeMiningManager.lambda$2(CodeMiningManager.java:189)
	at java.base/java.util.stream.ReferencePipeline$3$1.accept(ReferencePipeline.java:197)
	at java.base/java.util.Spliterators$ArraySpliterator.forEachRemaining(Spliterators.java:992)
	at java.base/java.util.stream.AbstractPipeline.copyInto(AbstractPipeline.java:509)
	at java.base/java.util.stream.AbstractPipeline.wrapAndCopyInto(AbstractPipeline.java:499)
	at java.base/java.util.stream.ReduceOps$ReduceOp.evaluateSequential(ReduceOps.java:921)
	at java.base/java.util.stream.AbstractPipeline.evaluate(AbstractPipeline.java:234)
	at java.base/java.util.stream.ReferencePipeline.collect(ReferencePipeline.java:682)
	at org.eclipse.jface.internal.text.codemining.CodeMiningManager.getCodeMinings(CodeMiningManager.java:195)
	at org.eclipse.jface.internal.text.codemining.CodeMiningManager.updateCodeMinings(CodeMiningManager.java:140)
	at org.eclipse.jface.internal.text.codemining.CodeMiningManager.run(CodeMiningManager.java:129)
	at org.eclipse.jface.text.source.SourceViewer.updateCodeMinings(SourceViewer.java:1333)
	at org.eclipse.jdt.internal.ui.javaeditor.JavaCodeMiningReconciler.reconciled(JavaCodeMiningReconciler.java:51)
	at org.eclipse.jdt.internal.ui.javaeditor.CompilationUnitEditor.reconciled(CompilationUnitEditor.java:1681)
	at org.eclipse.jdt.internal.ui.text.java.JavaReconcilingStrategy.reconciled(JavaReconcilingStrategy.java:228)
	at org.eclipse.jdt.internal.ui.text.JavaCompositeReconcilingStrategy.reconciled(JavaCompositeReconcilingStrategy.java:171)
	at org.eclipse.jdt.internal.ui.text.JavaCompositeReconcilingStrategy.reconcile(JavaCompositeReconcilingStrategy.java:115)
	at org.eclipse.jface.text.reconciler.MonoReconciler.process(MonoReconciler.java:78)
	at org.eclipse.jface.text.reconciler.AbstractReconciler$BackgroundThread.run(AbstractReconciler.java:207)

!ENTRY org.eclipse.lsp4e 4 0 2025-04-02 21:13:11.382
!MESSAGE org.eclipse.lsp4j.jsonrpc.JsonRpcException: java.io.IOException: 파이프가 닫히는 중입니다
!STACK 0
java.util.concurrent.ExecutionException: org.eclipse.lsp4j.jsonrpc.JsonRpcException: java.io.IOException: 파이프가 닫히는 중입니다
	at java.base/java.util.concurrent.CompletableFuture.reportGet(CompletableFuture.java:396)
	at java.base/java.util.concurrent.CompletableFuture.get(CompletableFuture.java:2096)
	at org.eclipse.lsp4e.LanguageServerWrapper.lambda$10(LanguageServerWrapper.java:443)
	at java.base/java.util.concurrent.CompletableFuture$AsyncRun.run(CompletableFuture.java:1804)
	at java.base/java.util.concurrent.CompletableFuture$AsyncRun.exec(CompletableFuture.java:1796)
	at java.base/java.util.concurrent.ForkJoinTask.doExec(ForkJoinTask.java:373)
	at java.base/java.util.concurrent.ForkJoinPool$WorkQueue.topLevelExec(ForkJoinPool.java:1182)
	at java.base/java.util.concurrent.ForkJoinPool.scan(ForkJoinPool.java:1655)
	at java.base/java.util.concurrent.ForkJoinPool.runWorker(ForkJoinPool.java:1622)
	at java.base/java.util.concurrent.ForkJoinWorkerThread.run(ForkJoinWorkerThread.java:165)
Caused by: org.eclipse.lsp4j.jsonrpc.JsonRpcException: java.io.IOException: 파이프가 닫히는 중입니다
	at org.eclipse.lsp4j.jsonrpc.json.StreamMessageConsumer.consume(StreamMessageConsumer.java:72)
	at org.eclipse.lsp4e.LanguageServerWrapper.lambda$3(LanguageServerWrapper.java:279)
	at org.eclipse.lsp4j.jsonrpc.RemoteEndpoint.request(RemoteEndpoint.java:161)
	at org.eclipse.lsp4j.jsonrpc.services.EndpointProxy.invoke(EndpointProxy.java:91)
	at jdk.proxy12/jdk.proxy12.$Proxy36.shutdown(Unknown Source)
	at org.eclipse.lsp4e.LanguageServerWrapper.lambda$10(LanguageServerWrapper.java:441)
	... 7 more
Caused by: java.io.IOException: 파이프가 닫히는 중입니다
	at java.base/java.io.FileOutputStream.writeBytes(Native Method)
	at java.base/java.io.FileOutputStream.write(FileOutputStream.java:349)
	at java.base/java.io.BufferedOutputStream.flushBuffer(BufferedOutputStream.java:81)
	at java.base/java.io.BufferedOutputStream.flush(BufferedOutputStream.java:142)
	at org.eclipse.lsp4j.jsonrpc.json.StreamMessageConsumer.consume(StreamMessageConsumer.java:69)
	... 12 more

!ENTRY org.eclipse.lsp4e 4 0 2025-04-02 21:13:12.335
!MESSAGE org.eclipse.lsp4j.jsonrpc.JsonRpcException: java.io.IOException: 파이프가 닫히는 중입니다
!STACK 0
java.util.concurrent.ExecutionException: org.eclipse.lsp4j.jsonrpc.JsonRpcException: java.io.IOException: 파이프가 닫히는 중입니다
	at java.base/java.util.concurrent.CompletableFuture.reportGet(CompletableFuture.java:396)
	at java.base/java.util.concurrent.CompletableFuture.get(CompletableFuture.java:2096)
	at org.eclipse.lsp4e.LanguageServerWrapper.lambda$10(LanguageServerWrapper.java:443)
	at java.base/java.util.concurrent.CompletableFuture$AsyncRun.run(CompletableFuture.java:1804)
	at java.base/java.util.concurrent.CompletableFuture$AsyncRun.exec(CompletableFuture.java:1796)
	at java.base/java.util.concurrent.ForkJoinTask.doExec(ForkJoinTask.java:373)
	at java.base/java.util.concurrent.ForkJoinPool$WorkQueue.topLevelExec(ForkJoinPool.java:1182)
	at java.base/java.util.concurrent.ForkJoinPool.scan(ForkJoinPool.java:1655)
	at java.base/java.util.concurrent.ForkJoinPool.runWorker(ForkJoinPool.java:1622)
	at java.base/java.util.concurrent.ForkJoinWorkerThread.run(ForkJoinWorkerThread.java:165)
Caused by: org.eclipse.lsp4j.jsonrpc.JsonRpcException: java.io.IOException: 파이프가 닫히는 중입니다
	at org.eclipse.lsp4j.jsonrpc.json.StreamMessageConsumer.consume(StreamMessageConsumer.java:72)
	at org.eclipse.lsp4e.LanguageServerWrapper.lambda$3(LanguageServerWrapper.java:279)
	at org.eclipse.lsp4j.jsonrpc.RemoteEndpoint.request(RemoteEndpoint.java:161)
	at org.eclipse.lsp4j.jsonrpc.services.EndpointProxy.invoke(EndpointProxy.java:91)
	at jdk.proxy12/jdk.proxy12.$Proxy36.shutdown(Unknown Source)
	at org.eclipse.lsp4e.LanguageServerWrapper.lambda$10(LanguageServerWrapper.java:441)
	... 7 more
Caused by: java.io.IOException: 파이프가 닫히는 중입니다
	at java.base/java.io.FileOutputStream.writeBytes(Native Method)
	at java.base/java.io.FileOutputStream.write(FileOutputStream.java:349)
	at java.base/java.io.BufferedOutputStream.flushBuffer(BufferedOutputStream.java:81)
	at java.base/java.io.BufferedOutputStream.flush(BufferedOutputStream.java:142)
	at org.eclipse.lsp4j.jsonrpc.json.StreamMessageConsumer.consume(StreamMessageConsumer.java:69)
	... 12 more

!ENTRY org.eclipse.lsp4e 4 0 2025-04-02 21:13:12.928
!MESSAGE org.eclipse.lsp4j.jsonrpc.JsonRpcException: java.io.IOException: 파이프가 닫히는 중입니다
!STACK 0
java.util.concurrent.ExecutionException: org.eclipse.lsp4j.jsonrpc.JsonRpcException: java.io.IOException: 파이프가 닫히는 중입니다
	at java.base/java.util.concurrent.CompletableFuture.reportGet(CompletableFuture.java:396)
	at java.base/java.util.concurrent.CompletableFuture.get(CompletableFuture.java:2096)
	at org.eclipse.lsp4e.LanguageServerWrapper.lambda$10(LanguageServerWrapper.java:443)
	at java.base/java.util.concurrent.CompletableFuture$AsyncRun.run(CompletableFuture.java:1804)
	at java.base/java.util.concurrent.CompletableFuture$AsyncRun.exec(CompletableFuture.java:1796)
	at java.base/java.util.concurrent.ForkJoinTask.doExec(ForkJoinTask.java:373)
	at java.base/java.util.concurrent.ForkJoinPool$WorkQueue.topLevelExec(ForkJoinPool.java:1182)
	at java.base/java.util.concurrent.ForkJoinPool.scan(ForkJoinPool.java:1655)
	at java.base/java.util.concurrent.ForkJoinPool.runWorker(ForkJoinPool.java:1622)
	at java.base/java.util.concurrent.ForkJoinWorkerThread.run(ForkJoinWorkerThread.java:165)
Caused by: org.eclipse.lsp4j.jsonrpc.JsonRpcException: java.io.IOException: 파이프가 닫히는 중입니다
	at org.eclipse.lsp4j.jsonrpc.json.StreamMessageConsumer.consume(StreamMessageConsumer.java:72)
	at org.eclipse.lsp4e.LanguageServerWrapper.lambda$3(LanguageServerWrapper.java:279)
	at org.eclipse.lsp4j.jsonrpc.RemoteEndpoint.request(RemoteEndpoint.java:161)
	at org.eclipse.lsp4j.jsonrpc.services.EndpointProxy.invoke(EndpointProxy.java:91)
	at jdk.proxy12/jdk.proxy12.$Proxy36.shutdown(Unknown Source)
	at org.eclipse.lsp4e.LanguageServerWrapper.lambda$10(LanguageServerWrapper.java:441)
	... 7 more
Caused by: java.io.IOException: 파이프가 닫히는 중입니다
	at java.base/java.io.FileOutputStream.writeBytes(Native Method)
	at java.base/java.io.FileOutputStream.write(FileOutputStream.java:349)
	at java.base/java.io.BufferedOutputStream.flushBuffer(BufferedOutputStream.java:81)
	at java.base/java.io.BufferedOutputStream.flush(BufferedOutputStream.java:142)
	at org.eclipse.lsp4j.jsonrpc.json.StreamMessageConsumer.consume(StreamMessageConsumer.java:69)
	... 12 more

!ENTRY org.eclipse.lsp4e 4 0 2025-04-02 21:13:16.784
!MESSAGE org.eclipse.lsp4j.jsonrpc.JsonRpcException: java.io.IOException: 파이프가 닫히는 중입니다
!STACK 0
java.util.concurrent.ExecutionException: org.eclipse.lsp4j.jsonrpc.JsonRpcException: java.io.IOException: 파이프가 닫히는 중입니다
	at java.base/java.util.concurrent.CompletableFuture.reportGet(CompletableFuture.java:396)
	at java.base/java.util.concurrent.CompletableFuture.get(CompletableFuture.java:2096)
	at org.eclipse.lsp4e.LanguageServerWrapper.lambda$10(LanguageServerWrapper.java:443)
	at java.base/java.util.concurrent.CompletableFuture$AsyncRun.run(CompletableFuture.java:1804)
	at java.base/java.util.concurrent.CompletableFuture$AsyncRun.exec(CompletableFuture.java:1796)
	at java.base/java.util.concurrent.ForkJoinTask.doExec(ForkJoinTask.java:373)
	at java.base/java.util.concurrent.ForkJoinPool$WorkQueue.topLevelExec(ForkJoinPool.java:1182)
	at java.base/java.util.concurrent.ForkJoinPool.scan(ForkJoinPool.java:1655)
	at java.base/java.util.concurrent.ForkJoinPool.runWorker(ForkJoinPool.java:1622)
	at java.base/java.util.concurrent.ForkJoinWorkerThread.run(ForkJoinWorkerThread.java:165)
Caused by: org.eclipse.lsp4j.jsonrpc.JsonRpcException: java.io.IOException: 파이프가 닫히는 중입니다
	at org.eclipse.lsp4j.jsonrpc.json.StreamMessageConsumer.consume(StreamMessageConsumer.java:72)
	at org.eclipse.lsp4e.LanguageServerWrapper.lambda$3(LanguageServerWrapper.java:279)
	at org.eclipse.lsp4j.jsonrpc.RemoteEndpoint.request(RemoteEndpoint.java:161)
	at org.eclipse.lsp4j.jsonrpc.services.EndpointProxy.invoke(EndpointProxy.java:91)
	at jdk.proxy12/jdk.proxy12.$Proxy36.shutdown(Unknown Source)
	at org.eclipse.lsp4e.LanguageServerWrapper.lambda$10(LanguageServerWrapper.java:441)
	... 7 more
Caused by: java.io.IOException: 파이프가 닫히는 중입니다
	at java.base/java.io.FileOutputStream.writeBytes(Native Method)
	at java.base/java.io.FileOutputStream.write(FileOutputStream.java:349)
	at java.base/java.io.BufferedOutputStream.flushBuffer(BufferedOutputStream.java:81)
	at java.base/java.io.BufferedOutputStream.flush(BufferedOutputStream.java:142)
	at org.eclipse.lsp4j.jsonrpc.json.StreamMessageConsumer.consume(StreamMessageConsumer.java:69)
	... 12 more

!ENTRY org.eclipse.lsp4e 4 0 2025-04-02 21:13:17.444
!MESSAGE java.util.concurrent.CancellationException
!STACK 0
java.util.concurrent.ExecutionException: java.util.concurrent.CancellationException
	at java.base/java.util.concurrent.CompletableFuture.reportGet(CompletableFuture.java:396)
	at java.base/java.util.concurrent.CompletableFuture.get(CompletableFuture.java:2073)
	at org.eclipse.lsp4e.operations.completion.LSContentAssistProcessor.computeCompletionProposals(LSContentAssistProcessor.java:111)
	at org.eclipse.lsp4e.jdt.LSJavaCompletionProposalComputer.lambda$0(LSJavaCompletionProposalComputer.java:47)
	at java.base/java.util.concurrent.CompletableFuture$AsyncSupply.run(CompletableFuture.java:1768)
	at java.base/java.util.concurrent.CompletableFuture$AsyncSupply.exec(CompletableFuture.java:1760)
	at java.base/java.util.concurrent.ForkJoinTask.doExec(ForkJoinTask.java:373)
	at java.base/java.util.concurrent.ForkJoinPool$WorkQueue.helpAsyncBlocker(ForkJoinPool.java:1253)
	at java.base/java.util.concurrent.ForkJoinPool.helpAsyncBlocker(ForkJoinPool.java:2237)
	at java.base/java.util.concurrent.CompletableFuture.timedGet(CompletableFuture.java:1933)
	at java.base/java.util.concurrent.CompletableFuture.get(CompletableFuture.java:2095)
	at org.eclipse.lsp4e.jdt.LSJavaCompletionProposalComputer.asJavaProposals(LSJavaCompletionProposalComputer.java:78)
	at org.eclipse.lsp4e.jdt.LSJavaCompletionProposalComputer.computeCompletionProposals(LSJavaCompletionProposalComputer.java:50)
	at org.eclipse.jdt.internal.ui.text.java.CompletionProposalComputerDescriptor.computeCompletionProposals(CompletionProposalComputerDescriptor.java:348)
	at org.eclipse.jdt.internal.ui.text.java.CompletionProposalCategory.computeCompletionProposals(CompletionProposalCategory.java:340)
	at org.eclipse.jdt.internal.ui.text.java.ContentAssistProcessor.collectProposals(ContentAssistProcessor.java:333)
	at org.eclipse.jdt.internal.ui.text.java.ContentAssistProcessor.computeCompletionProposals(ContentAssistProcessor.java:289)
	at org.eclipse.jface.text.contentassist.AsyncCompletionProposalPopup.lambda$10(AsyncCompletionProposalPopup.java:378)
	at org.eclipse.core.runtime.SafeRunner.run(SafeRunner.java:45)
	at org.eclipse.jface.text.contentassist.AsyncCompletionProposalPopup.lambda$9(AsyncCompletionProposalPopup.java:377)
	at java.base/java.util.concurrent.CompletableFuture$AsyncSupply.run(CompletableFuture.java:1768)
	at java.base/java.util.concurrent.CompletableFuture$AsyncSupply.exec(CompletableFuture.java:1760)
	at java.base/java.util.concurrent.ForkJoinTask.doExec(ForkJoinTask.java:373)
	at java.base/java.util.concurrent.ForkJoinPool$WorkQueue.topLevelExec(ForkJoinPool.java:1182)
	at java.base/java.util.concurrent.ForkJoinPool.scan(ForkJoinPool.java:1655)
	at java.base/java.util.concurrent.ForkJoinPool.runWorker(ForkJoinPool.java:1622)
	at java.base/java.util.concurrent.ForkJoinWorkerThread.run(ForkJoinWorkerThread.java:165)
Caused by: java.util.concurrent.CancellationException
	at java.base/java.util.concurrent.CompletableFuture.cancel(CompletableFuture.java:2478)
	at org.eclipse.lsp4e.LanguageServerWrapper.stop(LanguageServerWrapper.java:427)
	at org.eclipse.lsp4e.LanguageServerWrapper.start(LanguageServerWrapper.java:248)
	at org.eclipse.lsp4e.LanguageServerWrapper.getInitializedServer(LanguageServerWrapper.java:696)
	at org.eclipse.lsp4e.LanguageServers$LanguageServerDocumentExecutor.filter(LanguageServers.java:263)
	at java.base/java.util.stream.ReferencePipeline$3$1.accept(ReferencePipeline.java:197)
	at java.base/java.util.Iterator.forEachRemaining(Iterator.java:133)
	at java.base/java.util.Spliterators$IteratorSpliterator.forEachRemaining(Spliterators.java:1845)
	at java.base/java.util.stream.AbstractPipeline.copyInto(AbstractPipeline.java:509)
	at java.base/java.util.stream.AbstractPipeline.wrapAndCopyInto(AbstractPipeline.java:499)
	at java.base/java.util.stream.AbstractPipeline.evaluate(AbstractPipeline.java:575)
	at java.base/java.util.stream.AbstractPipeline.evaluateToArrayNode(AbstractPipeline.java:260)
	at java.base/java.util.stream.ReferencePipeline.toArray(ReferencePipeline.java:616)
	at java.base/java.util.stream.ReferencePipeline.toArray(ReferencePipeline.java:622)
	at java.base/java.util.stream.ReferencePipeline.toList(ReferencePipeline.java:627)
	at org.eclipse.lsp4e.LanguageServers$LanguageServerDocumentExecutor.getServers(LanguageServers.java:273)
	at org.eclipse.lsp4e.LanguageServers.executeOnServers(LanguageServers.java:403)
	at org.eclipse.lsp4e.LanguageServers.collectAll(LanguageServers.java:76)
	at org.eclipse.lsp4e.operations.codelens.CodeLensProvider.provideCodeMinings(CodeLensProvider.java:40)
	at org.eclipse.lsp4e.operations.codelens.CodeLensProvider.provideCodeMinings(CodeLensProvider.java:67)
	at org.eclipse.jface.internal.text.codemining.CodeMiningManager.lambda$2(CodeMiningManager.java:189)
	at java.base/java.util.stream.ReferencePipeline$3$1.accept(ReferencePipeline.java:197)
	at java.base/java.util.Spliterators$ArraySpliterator.forEachRemaining(Spliterators.java:992)
	at java.base/java.util.stream.AbstractPipeline.copyInto(AbstractPipeline.java:509)
	at java.base/java.util.stream.AbstractPipeline.wrapAndCopyInto(AbstractPipeline.java:499)
	at java.base/java.util.stream.ReduceOps$ReduceOp.evaluateSequential(ReduceOps.java:921)
	at java.base/java.util.stream.AbstractPipeline.evaluate(AbstractPipeline.java:234)
	at java.base/java.util.stream.ReferencePipeline.collect(ReferencePipeline.java:682)
	at org.eclipse.jface.internal.text.codemining.CodeMiningManager.getCodeMinings(CodeMiningManager.java:195)
	at org.eclipse.jface.internal.text.codemining.CodeMiningManager.updateCodeMinings(CodeMiningManager.java:140)
	at org.eclipse.jface.internal.text.codemining.CodeMiningManager.run(CodeMiningManager.java:129)
	at org.eclipse.jface.text.source.SourceViewer.updateCodeMinings(SourceViewer.java:1333)
	at org.eclipse.jdt.internal.ui.javaeditor.JavaCodeMiningReconciler.reconciled(JavaCodeMiningReconciler.java:51)
	at org.eclipse.jdt.internal.ui.javaeditor.CompilationUnitEditor.reconciled(CompilationUnitEditor.java:1681)
	at org.eclipse.jdt.internal.ui.text.java.JavaReconcilingStrategy.reconciled(JavaReconcilingStrategy.java:228)
	at org.eclipse.jdt.internal.ui.text.JavaCompositeReconcilingStrategy.reconciled(JavaCompositeReconcilingStrategy.java:171)
	at org.eclipse.jdt.internal.ui.text.JavaCompositeReconcilingStrategy.reconcile(JavaCompositeReconcilingStrategy.java:115)
	at org.eclipse.jface.text.reconciler.MonoReconciler.process(MonoReconciler.java:78)
	at org.eclipse.jface.text.reconciler.AbstractReconciler$BackgroundThread.run(AbstractReconciler.java:207)

!ENTRY org.eclipse.lsp4e 4 0 2025-04-02 21:13:17.446
!MESSAGE org.eclipse.lsp4j.jsonrpc.JsonRpcException: java.io.IOException: 파이프가 닫히는 중입니다
!STACK 0
java.util.concurrent.ExecutionException: org.eclipse.lsp4j.jsonrpc.JsonRpcException: java.io.IOException: 파이프가 닫히는 중입니다
	at java.base/java.util.concurrent.CompletableFuture.reportGet(CompletableFuture.java:396)
	at java.base/java.util.concurrent.CompletableFuture.get(CompletableFuture.java:2096)
	at org.eclipse.lsp4e.LanguageServerWrapper.lambda$10(LanguageServerWrapper.java:443)
	at java.base/java.util.concurrent.CompletableFuture$AsyncRun.run(CompletableFuture.java:1804)
	at java.base/java.util.concurrent.CompletableFuture$AsyncRun.exec(CompletableFuture.java:1796)
	at java.base/java.util.concurrent.ForkJoinTask.doExec(ForkJoinTask.java:373)
	at java.base/java.util.concurrent.ForkJoinPool$WorkQueue.topLevelExec(ForkJoinPool.java:1182)
	at java.base/java.util.concurrent.ForkJoinPool.scan(ForkJoinPool.java:1655)
	at java.base/java.util.concurrent.ForkJoinPool.runWorker(ForkJoinPool.java:1622)
	at java.base/java.util.concurrent.ForkJoinWorkerThread.run(ForkJoinWorkerThread.java:165)
Caused by: org.eclipse.lsp4j.jsonrpc.JsonRpcException: java.io.IOException: 파이프가 닫히는 중입니다
	at org.eclipse.lsp4j.jsonrpc.json.StreamMessageConsumer.consume(StreamMessageConsumer.java:72)
	at org.eclipse.lsp4e.LanguageServerWrapper.lambda$3(LanguageServerWrapper.java:279)
	at org.eclipse.lsp4j.jsonrpc.RemoteEndpoint.request(RemoteEndpoint.java:161)
	at org.eclipse.lsp4j.jsonrpc.services.EndpointProxy.invoke(EndpointProxy.java:91)
	at jdk.proxy12/jdk.proxy12.$Proxy36.shutdown(Unknown Source)
	at org.eclipse.lsp4e.LanguageServerWrapper.lambda$10(LanguageServerWrapper.java:441)
	... 7 more
Caused by: java.io.IOException: 파이프가 닫히는 중입니다
	at java.base/java.io.FileOutputStream.writeBytes(Native Method)
	at java.base/java.io.FileOutputStream.write(FileOutputStream.java:349)
	at java.base/java.io.BufferedOutputStream.flushBuffer(BufferedOutputStream.java:81)
	at java.base/java.io.BufferedOutputStream.flush(BufferedOutputStream.java:142)
	at org.eclipse.lsp4j.jsonrpc.json.StreamMessageConsumer.consume(StreamMessageConsumer.java:69)
	... 12 more

!ENTRY org.eclipse.lsp4e 4 0 2025-04-02 21:13:19.192
!MESSAGE org.eclipse.lsp4j.jsonrpc.JsonRpcException: java.io.IOException: 파이프가 닫히는 중입니다
!STACK 0
java.util.concurrent.ExecutionException: org.eclipse.lsp4j.jsonrpc.JsonRpcException: java.io.IOException: 파이프가 닫히는 중입니다
	at java.base/java.util.concurrent.CompletableFuture.reportGet(CompletableFuture.java:396)
	at java.base/java.util.concurrent.CompletableFuture.get(CompletableFuture.java:2096)
	at org.eclipse.lsp4e.LanguageServerWrapper.lambda$10(LanguageServerWrapper.java:443)
	at java.base/java.util.concurrent.CompletableFuture$AsyncRun.run(CompletableFuture.java:1804)
	at java.base/java.util.concurrent.CompletableFuture$AsyncRun.exec(CompletableFuture.java:1796)
	at java.base/java.util.concurrent.ForkJoinTask.doExec(ForkJoinTask.java:373)
	at java.base/java.util.concurrent.ForkJoinPool$WorkQueue.topLevelExec(ForkJoinPool.java:1182)
	at java.base/java.util.concurrent.ForkJoinPool.scan(ForkJoinPool.java:1655)
	at java.base/java.util.concurrent.ForkJoinPool.runWorker(ForkJoinPool.java:1622)
	at java.base/java.util.concurrent.ForkJoinWorkerThread.run(ForkJoinWorkerThread.java:165)
Caused by: org.eclipse.lsp4j.jsonrpc.JsonRpcException: java.io.IOException: 파이프가 닫히는 중입니다
	at org.eclipse.lsp4j.jsonrpc.json.StreamMessageConsumer.consume(StreamMessageConsumer.java:72)
	at org.eclipse.lsp4e.LanguageServerWrapper.lambda$3(LanguageServerWrapper.java:279)
	at org.eclipse.lsp4j.jsonrpc.RemoteEndpoint.request(RemoteEndpoint.java:161)
	at org.eclipse.lsp4j.jsonrpc.services.EndpointProxy.invoke(EndpointProxy.java:91)
	at jdk.proxy12/jdk.proxy12.$Proxy36.shutdown(Unknown Source)
	at org.eclipse.lsp4e.LanguageServerWrapper.lambda$10(LanguageServerWrapper.java:441)
	... 7 more
Caused by: java.io.IOException: 파이프가 닫히는 중입니다
	at java.base/java.io.FileOutputStream.writeBytes(Native Method)
	at java.base/java.io.FileOutputStream.write(FileOutputStream.java:349)
	at java.base/java.io.BufferedOutputStream.flushBuffer(BufferedOutputStream.java:81)
	at java.base/java.io.BufferedOutputStream.flush(BufferedOutputStream.java:142)
	at org.eclipse.lsp4j.jsonrpc.json.StreamMessageConsumer.consume(StreamMessageConsumer.java:69)
	... 12 more

!ENTRY org.eclipse.lsp4e 4 0 2025-04-02 21:13:19.768
!MESSAGE org.eclipse.lsp4j.jsonrpc.JsonRpcException: java.io.IOException: 파이프가 닫히는 중입니다
!STACK 0
java.util.concurrent.ExecutionException: org.eclipse.lsp4j.jsonrpc.JsonRpcException: java.io.IOException: 파이프가 닫히는 중입니다
	at java.base/java.util.concurrent.CompletableFuture.reportGet(CompletableFuture.java:396)
	at java.base/java.util.concurrent.CompletableFuture.get(CompletableFuture.java:2096)
	at org.eclipse.lsp4e.LanguageServerWrapper.lambda$10(LanguageServerWrapper.java:443)
	at java.base/java.util.concurrent.CompletableFuture$AsyncRun.run(CompletableFuture.java:1804)
	at java.base/java.util.concurrent.CompletableFuture$AsyncRun.exec(CompletableFuture.java:1796)
	at java.base/java.util.concurrent.ForkJoinTask.doExec(ForkJoinTask.java:373)
	at java.base/java.util.concurrent.ForkJoinPool$WorkQueue.topLevelExec(ForkJoinPool.java:1182)
	at java.base/java.util.concurrent.ForkJoinPool.scan(ForkJoinPool.java:1655)
	at java.base/java.util.concurrent.ForkJoinPool.runWorker(ForkJoinPool.java:1622)
	at java.base/java.util.concurrent.ForkJoinWorkerThread.run(ForkJoinWorkerThread.java:165)
Caused by: org.eclipse.lsp4j.jsonrpc.JsonRpcException: java.io.IOException: 파이프가 닫히는 중입니다
	at org.eclipse.lsp4j.jsonrpc.json.StreamMessageConsumer.consume(StreamMessageConsumer.java:72)
	at org.eclipse.lsp4e.LanguageServerWrapper.lambda$3(LanguageServerWrapper.java:279)
	at org.eclipse.lsp4j.jsonrpc.RemoteEndpoint.request(RemoteEndpoint.java:161)
	at org.eclipse.lsp4j.jsonrpc.services.EndpointProxy.invoke(EndpointProxy.java:91)
	at jdk.proxy12/jdk.proxy12.$Proxy36.shutdown(Unknown Source)
	at org.eclipse.lsp4e.LanguageServerWrapper.lambda$10(LanguageServerWrapper.java:441)
	... 7 more
Caused by: java.io.IOException: 파이프가 닫히는 중입니다
	at java.base/java.io.FileOutputStream.writeBytes(Native Method)
	at java.base/java.io.FileOutputStream.write(FileOutputStream.java:349)
	at java.base/java.io.BufferedOutputStream.flushBuffer(BufferedOutputStream.java:81)
	at java.base/java.io.BufferedOutputStream.flush(BufferedOutputStream.java:142)
	at org.eclipse.lsp4j.jsonrpc.json.StreamMessageConsumer.consume(StreamMessageConsumer.java:69)
	... 12 more

!ENTRY org.eclipse.lsp4e 4 0 2025-04-02 21:13:20.716
!MESSAGE org.eclipse.lsp4j.jsonrpc.JsonRpcException: java.io.IOException: 파이프가 닫히는 중입니다
!STACK 0
java.util.concurrent.ExecutionException: org.eclipse.lsp4j.jsonrpc.JsonRpcException: java.io.IOException: 파이프가 닫히는 중입니다
	at java.base/java.util.concurrent.CompletableFuture.reportGet(CompletableFuture.java:396)
	at java.base/java.util.concurrent.CompletableFuture.get(CompletableFuture.java:2096)
	at org.eclipse.lsp4e.LanguageServerWrapper.lambda$10(LanguageServerWrapper.java:443)
	at java.base/java.util.concurrent.CompletableFuture$AsyncRun.run(CompletableFuture.java:1804)
	at java.base/java.util.concurrent.CompletableFuture$AsyncRun.exec(CompletableFuture.java:1796)
	at java.base/java.util.concurrent.ForkJoinTask.doExec(ForkJoinTask.java:373)
	at java.base/java.util.concurrent.ForkJoinPool$WorkQueue.topLevelExec(ForkJoinPool.java:1182)
	at java.base/java.util.concurrent.ForkJoinPool.scan(ForkJoinPool.java:1655)
	at java.base/java.util.concurrent.ForkJoinPool.runWorker(ForkJoinPool.java:1622)
	at java.base/java.util.concurrent.ForkJoinWorkerThread.run(ForkJoinWorkerThread.java:165)
Caused by: org.eclipse.lsp4j.jsonrpc.JsonRpcException: java.io.IOException: 파이프가 닫히는 중입니다
	at org.eclipse.lsp4j.jsonrpc.json.StreamMessageConsumer.consume(StreamMessageConsumer.java:72)
	at org.eclipse.lsp4e.LanguageServerWrapper.lambda$3(LanguageServerWrapper.java:279)
	at org.eclipse.lsp4j.jsonrpc.RemoteEndpoint.request(RemoteEndpoint.java:161)
	at org.eclipse.lsp4j.jsonrpc.services.EndpointProxy.invoke(EndpointProxy.java:91)
	at jdk.proxy12/jdk.proxy12.$Proxy36.shutdown(Unknown Source)
	at org.eclipse.lsp4e.LanguageServerWrapper.lambda$10(LanguageServerWrapper.java:441)
	... 7 more
Caused by: java.io.IOException: 파이프가 닫히는 중입니다
	at java.base/java.io.FileOutputStream.writeBytes(Native Method)
	at java.base/java.io.FileOutputStream.write(FileOutputStream.java:349)
	at java.base/java.io.BufferedOutputStream.flushBuffer(BufferedOutputStream.java:81)
	at java.base/java.io.BufferedOutputStream.flush(BufferedOutputStream.java:142)
	at org.eclipse.lsp4j.jsonrpc.json.StreamMessageConsumer.consume(StreamMessageConsumer.java:69)
	... 12 more

!ENTRY org.eclipse.lsp4e 4 0 2025-04-02 21:13:21.262
!MESSAGE org.eclipse.lsp4j.jsonrpc.JsonRpcException: java.io.IOException: 파이프가 닫히는 중입니다
!STACK 0
java.util.concurrent.ExecutionException: org.eclipse.lsp4j.jsonrpc.JsonRpcException: java.io.IOException: 파이프가 닫히는 중입니다
	at java.base/java.util.concurrent.CompletableFuture.reportGet(CompletableFuture.java:396)
	at java.base/java.util.concurrent.CompletableFuture.get(CompletableFuture.java:2096)
	at org.eclipse.lsp4e.LanguageServerWrapper.lambda$10(LanguageServerWrapper.java:443)
	at java.base/java.util.concurrent.CompletableFuture$AsyncRun.run(CompletableFuture.java:1804)
	at java.base/java.util.concurrent.CompletableFuture$AsyncRun.exec(CompletableFuture.java:1796)
	at java.base/java.util.concurrent.ForkJoinTask.doExec(ForkJoinTask.java:373)
	at java.base/java.util.concurrent.ForkJoinPool$WorkQueue.topLevelExec(ForkJoinPool.java:1182)
	at java.base/java.util.concurrent.ForkJoinPool.scan(ForkJoinPool.java:1655)
	at java.base/java.util.concurrent.ForkJoinPool.runWorker(ForkJoinPool.java:1622)
	at java.base/java.util.concurrent.ForkJoinWorkerThread.run(ForkJoinWorkerThread.java:165)
Caused by: org.eclipse.lsp4j.jsonrpc.JsonRpcException: java.io.IOException: 파이프가 닫히는 중입니다
	at org.eclipse.lsp4j.jsonrpc.json.StreamMessageConsumer.consume(StreamMessageConsumer.java:72)
	at org.eclipse.lsp4e.LanguageServerWrapper.lambda$3(LanguageServerWrapper.java:279)
	at org.eclipse.lsp4j.jsonrpc.RemoteEndpoint.request(RemoteEndpoint.java:161)
	at org.eclipse.lsp4j.jsonrpc.services.EndpointProxy.invoke(EndpointProxy.java:91)
	at jdk.proxy12/jdk.proxy12.$Proxy36.shutdown(Unknown Source)
	at org.eclipse.lsp4e.LanguageServerWrapper.lambda$10(LanguageServerWrapper.java:441)
	... 7 more
Caused by: java.io.IOException: 파이프가 닫히는 중입니다
	at java.base/java.io.FileOutputStream.writeBytes(Native Method)
	at java.base/java.io.FileOutputStream.write(FileOutputStream.java:349)
	at java.base/java.io.BufferedOutputStream.flushBuffer(BufferedOutputStream.java:81)
	at java.base/java.io.BufferedOutputStream.flush(BufferedOutputStream.java:142)
	at org.eclipse.lsp4j.jsonrpc.json.StreamMessageConsumer.consume(StreamMessageConsumer.java:69)
	... 12 more

!ENTRY org.eclipse.lsp4e 4 0 2025-04-02 21:13:23.213
!MESSAGE org.eclipse.lsp4j.jsonrpc.JsonRpcException: java.io.IOException: 파이프가 닫히는 중입니다
!STACK 0
java.util.concurrent.ExecutionException: org.eclipse.lsp4j.jsonrpc.JsonRpcException: java.io.IOException: 파이프가 닫히는 중입니다
	at java.base/java.util.concurrent.CompletableFuture.reportGet(CompletableFuture.java:396)
	at java.base/java.util.concurrent.CompletableFuture.get(CompletableFuture.java:2096)
	at org.eclipse.lsp4e.LanguageServerWrapper.lambda$10(LanguageServerWrapper.java:443)
	at java.base/java.util.concurrent.CompletableFuture$AsyncRun.run(CompletableFuture.java:1804)
	at java.base/java.util.concurrent.CompletableFuture$AsyncRun.exec(CompletableFuture.java:1796)
	at java.base/java.util.concurrent.ForkJoinTask.doExec(ForkJoinTask.java:373)
	at java.base/java.util.concurrent.ForkJoinPool$WorkQueue.topLevelExec(ForkJoinPool.java:1182)
	at java.base/java.util.concurrent.ForkJoinPool.scan(ForkJoinPool.java:1655)
	at java.base/java.util.concurrent.ForkJoinPool.runWorker(ForkJoinPool.java:1622)
	at java.base/java.util.concurrent.ForkJoinWorkerThread.run(ForkJoinWorkerThread.java:165)
Caused by: org.eclipse.lsp4j.jsonrpc.JsonRpcException: java.io.IOException: 파이프가 닫히는 중입니다
	at org.eclipse.lsp4j.jsonrpc.json.StreamMessageConsumer.consume(StreamMessageConsumer.java:72)
	at org.eclipse.lsp4e.LanguageServerWrapper.lambda$3(LanguageServerWrapper.java:279)
	at org.eclipse.lsp4j.jsonrpc.RemoteEndpoint.request(RemoteEndpoint.java:161)
	at org.eclipse.lsp4j.jsonrpc.services.EndpointProxy.invoke(EndpointProxy.java:91)
	at jdk.proxy12/jdk.proxy12.$Proxy36.shutdown(Unknown Source)
	at org.eclipse.lsp4e.LanguageServerWrapper.lambda$10(LanguageServerWrapper.java:441)
	... 7 more
Caused by: java.io.IOException: 파이프가 닫히는 중입니다
	at java.base/java.io.FileOutputStream.writeBytes(Native Method)
	at java.base/java.io.FileOutputStream.write(FileOutputStream.java:349)
	at java.base/java.io.BufferedOutputStream.flushBuffer(BufferedOutputStream.java:81)
	at java.base/java.io.BufferedOutputStream.flush(BufferedOutputStream.java:142)
	at org.eclipse.lsp4j.jsonrpc.json.StreamMessageConsumer.consume(StreamMessageConsumer.java:69)
	... 12 more

!ENTRY org.eclipse.lsp4e 4 0 2025-04-02 21:13:23.215
!MESSAGE java.lang.RuntimeException: java.io.IOException: Cannot run program "C:\sist1226\util\sts-4.18.0.RELEASE\plugins\org.eclipse.justj.openjdk.hotspot.jre.full.win32.x86_64_17.0.6.v20230204-1729\jre\bin\javaw.exe" (in directory "C:\sist1226\util\sts-4.18.0.RELEASE"): CreateProcess error=1450, 시스템 리소스가 부족하기 때문에 요청한 서비스를 완성할 수 없습니다
!STACK 0
java.util.concurrent.CompletionException: java.lang.RuntimeException: java.io.IOException: Cannot run program "C:\sist1226\util\sts-4.18.0.RELEASE\plugins\org.eclipse.justj.openjdk.hotspot.jre.full.win32.x86_64_17.0.6.v20230204-1729\jre\bin\javaw.exe" (in directory "C:\sist1226\util\sts-4.18.0.RELEASE"): CreateProcess error=1450, 시스템 리소스가 부족하기 때문에 요청한 서비스를 완성할 수 없습니다
	at java.base/java.util.concurrent.CompletableFuture.encodeThrowable(CompletableFuture.java:315)
	at java.base/java.util.concurrent.CompletableFuture.completeThrowable(CompletableFuture.java:320)
	at java.base/java.util.concurrent.CompletableFuture$AsyncSupply.run(CompletableFuture.java:1770)
	at java.base/java.util.concurrent.CompletableFuture$AsyncSupply.exec(CompletableFuture.java:1760)
	at java.base/java.util.concurrent.ForkJoinTask.doExec(ForkJoinTask.java:373)
	at java.base/java.util.concurrent.ForkJoinPool$WorkQueue.helpAsyncBlocker(ForkJoinPool.java:1253)
	at java.base/java.util.concurrent.ForkJoinPool.helpAsyncBlocker(ForkJoinPool.java:2237)
	at java.base/java.util.concurrent.CompletableFuture.waitingGet(CompletableFuture.java:1887)
	at java.base/java.util.concurrent.CompletableFuture.get(CompletableFuture.java:2072)
	at org.eclipse.lsp4e.operations.completion.LSContentAssistProcessor.computeCompletionProposals(LSContentAssistProcessor.java:111)
	at org.eclipse.lsp4e.jdt.LSJavaCompletionProposalComputer.lambda$0(LSJavaCompletionProposalComputer.java:47)
	at java.base/java.util.concurrent.CompletableFuture$AsyncSupply.run(CompletableFuture.java:1768)
	at java.base/java.util.concurrent.CompletableFuture$AsyncSupply.exec(CompletableFuture.java:1760)
	at java.base/java.util.concurrent.ForkJoinTask.doExec(ForkJoinTask.java:373)
	at java.base/java.util.concurrent.ForkJoinPool$WorkQueue.helpAsyncBlocker(ForkJoinPool.java:1253)
	at java.base/java.util.concurrent.ForkJoinPool.helpAsyncBlocker(ForkJoinPool.java:2237)
	at java.base/java.util.concurrent.CompletableFuture.timedGet(CompletableFuture.java:1933)
	at java.base/java.util.concurrent.CompletableFuture.get(CompletableFuture.java:2095)
	at org.eclipse.lsp4e.jdt.LSJavaCompletionProposalComputer.asJavaProposals(LSJavaCompletionProposalComputer.java:78)
	at org.eclipse.lsp4e.jdt.LSJavaCompletionProposalComputer.computeCompletionProposals(LSJavaCompletionProposalComputer.java:50)
	at org.eclipse.jdt.internal.ui.text.java.CompletionProposalComputerDescriptor.computeCompletionProposals(CompletionProposalComputerDescriptor.java:348)
	at org.eclipse.jdt.internal.ui.text.java.CompletionProposalCategory.computeCompletionProposals(CompletionProposalCategory.java:340)
	at org.eclipse.jdt.internal.ui.text.java.ContentAssistProcessor.collectProposals(ContentAssistProcessor.java:333)
	at org.eclipse.jdt.internal.ui.text.java.ContentAssistProcessor.computeCompletionProposals(ContentAssistProcessor.java:289)
	at org.eclipse.jface.text.contentassist.AsyncCompletionProposalPopup.lambda$10(AsyncCompletionProposalPopup.java:378)
	at org.eclipse.core.runtime.SafeRunner.run(SafeRunner.java:45)
	at org.eclipse.jface.text.contentassist.AsyncCompletionProposalPopup.lambda$9(AsyncCompletionProposalPopup.java:377)
	at java.base/java.util.concurrent.CompletableFuture$AsyncSupply.run(CompletableFuture.java:1768)
	at java.base/java.util.concurrent.CompletableFuture$AsyncSupply.exec(CompletableFuture.java:1760)
	at java.base/java.util.concurrent.ForkJoinTask.doExec(ForkJoinTask.java:373)
	at java.base/java.util.concurrent.ForkJoinPool$WorkQueue.topLevelExec(ForkJoinPool.java:1182)
	at java.base/java.util.concurrent.ForkJoinPool.scan(ForkJoinPool.java:1655)
	at java.base/java.util.concurrent.ForkJoinPool.runWorker(ForkJoinPool.java:1622)
	at java.base/java.util.concurrent.ForkJoinWorkerThread.run(ForkJoinWorkerThread.java:165)
Caused by: java.lang.RuntimeException: java.io.IOException: Cannot run program "C:\sist1226\util\sts-4.18.0.RELEASE\plugins\org.eclipse.justj.openjdk.hotspot.jre.full.win32.x86_64_17.0.6.v20230204-1729\jre\bin\javaw.exe" (in directory "C:\sist1226\util\sts-4.18.0.RELEASE"): CreateProcess error=1450, 시스템 리소스가 부족하기 때문에 요청한 서비스를 완성할 수 없습니다
	at org.eclipse.lsp4e.LanguageServerWrapper.lambda$0(LanguageServerWrapper.java:264)
	at java.base/java.util.concurrent.CompletableFuture$AsyncSupply.run(CompletableFuture.java:1768)
	... 31 more
Caused by: java.io.IOException: Cannot run program "C:\sist1226\util\sts-4.18.0.RELEASE\plugins\org.eclipse.justj.openjdk.hotspot.jre.full.win32.x86_64_17.0.6.v20230204-1729\jre\bin\javaw.exe" (in directory "C:\sist1226\util\sts-4.18.0.RELEASE"): CreateProcess error=1450, 시스템 리소스가 부족하기 때문에 요청한 서비스를 완성할 수 없습니다
	at java.base/java.lang.ProcessBuilder.start(ProcessBuilder.java:1143)
	at java.base/java.lang.ProcessBuilder.start(ProcessBuilder.java:1073)
	at org.eclipse.lsp4e.server.ProcessStreamConnectionProvider.start(ProcessStreamConnectionProvider.java:54)
	at org.springframework.tooling.ls.eclipse.commons.STS4LanguageServerProcessStreamConnector.start(STS4LanguageServerProcessStreamConnector.java:54)
	at org.springframework.tooling.boot.ls.DelegatingStreamConnectionProvider.start(DelegatingStreamConnectionProvider.java:115)
	at org.eclipse.lsp4e.LanguageServerWrapper.lambda$0(LanguageServerWrapper.java:262)
	... 32 more
Caused by: java.io.IOException: CreateProcess error=1450, 시스템 리소스가 부족하기 때문에 요청한 서비스를 완성할 수 없습니다
	at java.base/java.lang.ProcessImpl.create(Native Method)
	at java.base/java.lang.ProcessImpl.<init>(ProcessImpl.java:499)
	at java.base/java.lang.ProcessImpl.start(ProcessImpl.java:158)
	at java.base/java.lang.ProcessBuilder.start(ProcessBuilder.java:1110)
	... 37 more

!ENTRY org.eclipse.lsp4e 4 0 2025-04-02 21:13:23.217
!MESSAGE java.lang.RuntimeException: java.io.IOException: Cannot run program "C:\sist1226\util\sts-4.18.0.RELEASE\plugins\org.eclipse.justj.openjdk.hotspot.jre.full.win32.x86_64_17.0.6.v20230204-1729\jre\bin\javaw.exe" (in directory "C:\sist1226\util\sts-4.18.0.RELEASE"): CreateProcess error=1450, 시스템 리소스가 부족하기 때문에 요청한 서비스를 완성할 수 없습니다
!STACK 0
java.util.concurrent.ExecutionException: java.lang.RuntimeException: java.io.IOException: Cannot run program "C:\sist1226\util\sts-4.18.0.RELEASE\plugins\org.eclipse.justj.openjdk.hotspot.jre.full.win32.x86_64_17.0.6.v20230204-1729\jre\bin\javaw.exe" (in directory "C:\sist1226\util\sts-4.18.0.RELEASE"): CreateProcess error=1450, 시스템 리소스가 부족하기 때문에 요청한 서비스를 완성할 수 없습니다
	at java.base/java.util.concurrent.CompletableFuture.reportGet(CompletableFuture.java:396)
	at java.base/java.util.concurrent.CompletableFuture.get(CompletableFuture.java:2073)
	at org.eclipse.lsp4e.operations.completion.LSContentAssistProcessor.computeCompletionProposals(LSContentAssistProcessor.java:111)
	at org.eclipse.lsp4e.jdt.LSJavaCompletionProposalComputer.lambda$0(LSJavaCompletionProposalComputer.java:47)
	at java.base/java.util.concurrent.CompletableFuture$AsyncSupply.run(CompletableFuture.java:1768)
	at java.base/java.util.concurrent.CompletableFuture$AsyncSupply.exec(CompletableFuture.java:1760)
	at java.base/java.util.concurrent.ForkJoinTask.doExec(ForkJoinTask.java:373)
	at java.base/java.util.concurrent.ForkJoinPool$WorkQueue.helpAsyncBlocker(ForkJoinPool.java:1253)
	at java.base/java.util.concurrent.ForkJoinPool.helpAsyncBlocker(ForkJoinPool.java:2237)
	at java.base/java.util.concurrent.CompletableFuture.timedGet(CompletableFuture.java:1933)
	at java.base/java.util.concurrent.CompletableFuture.get(CompletableFuture.java:2095)
	at org.eclipse.lsp4e.jdt.LSJavaCompletionProposalComputer.asJavaProposals(LSJavaCompletionProposalComputer.java:78)
	at org.eclipse.lsp4e.jdt.LSJavaCompletionProposalComputer.computeCompletionProposals(LSJavaCompletionProposalComputer.java:50)
	at org.eclipse.jdt.internal.ui.text.java.CompletionProposalComputerDescriptor.computeCompletionProposals(CompletionProposalComputerDescriptor.java:348)
	at org.eclipse.jdt.internal.ui.text.java.CompletionProposalCategory.computeCompletionProposals(CompletionProposalCategory.java:340)
	at org.eclipse.jdt.internal.ui.text.java.ContentAssistProcessor.collectProposals(ContentAssistProcessor.java:333)
	at org.eclipse.jdt.internal.ui.text.java.ContentAssistProcessor.computeCompletionProposals(ContentAssistProcessor.java:289)
	at org.eclipse.jface.text.contentassist.AsyncCompletionProposalPopup.lambda$10(AsyncCompletionProposalPopup.java:378)
	at org.eclipse.core.runtime.SafeRunner.run(SafeRunner.java:45)
	at org.eclipse.jface.text.contentassist.AsyncCompletionProposalPopup.lambda$9(AsyncCompletionProposalPopup.java:377)
	at java.base/java.util.concurrent.CompletableFuture$AsyncSupply.run(CompletableFuture.java:1768)
	at java.base/java.util.concurrent.CompletableFuture$AsyncSupply.exec(CompletableFuture.java:1760)
	at java.base/java.util.concurrent.ForkJoinTask.doExec(ForkJoinTask.java:373)
	at java.base/java.util.concurrent.ForkJoinPool$WorkQueue.topLevelExec(ForkJoinPool.java:1182)
	at java.base/java.util.concurrent.ForkJoinPool.scan(ForkJoinPool.java:1655)
	at java.base/java.util.concurrent.ForkJoinPool.runWorker(ForkJoinPool.java:1622)
	at java.base/java.util.concurrent.ForkJoinWorkerThread.run(ForkJoinWorkerThread.java:165)
Caused by: java.lang.RuntimeException: java.io.IOException: Cannot run program "C:\sist1226\util\sts-4.18.0.RELEASE\plugins\org.eclipse.justj.openjdk.hotspot.jre.full.win32.x86_64_17.0.6.v20230204-1729\jre\bin\javaw.exe" (in directory "C:\sist1226\util\sts-4.18.0.RELEASE"): CreateProcess error=1450, 시스템 리소스가 부족하기 때문에 요청한 서비스를 완성할 수 없습니다
	at org.eclipse.lsp4e.LanguageServerWrapper.lambda$0(LanguageServerWrapper.java:264)
	at java.base/java.util.concurrent.CompletableFuture$AsyncSupply.run(CompletableFuture.java:1768)
	at java.base/java.util.concurrent.CompletableFuture$AsyncSupply.exec(CompletableFuture.java:1760)
	at java.base/java.util.concurrent.ForkJoinTask.doExec(ForkJoinTask.java:373)
	at java.base/java.util.concurrent.ForkJoinPool$WorkQueue.helpAsyncBlocker(ForkJoinPool.java:1253)
	at java.base/java.util.concurrent.ForkJoinPool.helpAsyncBlocker(ForkJoinPool.java:2237)
	at java.base/java.util.concurrent.CompletableFuture.waitingGet(CompletableFuture.java:1887)
	at java.base/java.util.concurrent.CompletableFuture.get(CompletableFuture.java:2072)
	... 25 more
Caused by: java.io.IOException: Cannot run program "C:\sist1226\util\sts-4.18.0.RELEASE\plugins\org.eclipse.justj.openjdk.hotspot.jre.full.win32.x86_64_17.0.6.v20230204-1729\jre\bin\javaw.exe" (in directory "C:\sist1226\util\sts-4.18.0.RELEASE"): CreateProcess error=1450, 시스템 리소스가 부족하기 때문에 요청한 서비스를 완성할 수 없습니다
	at java.base/java.lang.ProcessBuilder.start(ProcessBuilder.java:1143)
	at java.base/java.lang.ProcessBuilder.start(ProcessBuilder.java:1073)
	at org.eclipse.lsp4e.server.ProcessStreamConnectionProvider.start(ProcessStreamConnectionProvider.java:54)
	at org.springframework.tooling.ls.eclipse.commons.STS4LanguageServerProcessStreamConnector.start(STS4LanguageServerProcessStreamConnector.java:54)
	at org.springframework.tooling.boot.ls.DelegatingStreamConnectionProvider.start(DelegatingStreamConnectionProvider.java:115)
	at org.eclipse.lsp4e.LanguageServerWrapper.lambda$0(LanguageServerWrapper.java:262)
	... 32 more
Caused by: java.io.IOException: CreateProcess error=1450, 시스템 리소스가 부족하기 때문에 요청한 서비스를 완성할 수 없습니다
	at java.base/java.lang.ProcessImpl.create(Native Method)
	at java.base/java.lang.ProcessImpl.<init>(ProcessImpl.java:499)
	at java.base/java.lang.ProcessImpl.start(ProcessImpl.java:158)
	at java.base/java.lang.ProcessBuilder.start(ProcessBuilder.java:1110)
	... 37 more

!ENTRY org.eclipse.lsp4e 4 0 2025-04-02 21:13:24.463
!MESSAGE java.lang.RuntimeException: java.io.IOException: Cannot run program "C:\sist1226\util\sts-4.18.0.RELEASE\plugins\org.eclipse.justj.openjdk.hotspot.jre.full.win32.x86_64_17.0.6.v20230204-1729\jre\bin\javaw.exe" (in directory "C:\sist1226\util\sts-4.18.0.RELEASE"): CreateProcess error=1455, 이 작업을 완료하기 위한 페이징 파일이 너무 작습니다
!STACK 0
java.util.concurrent.CompletionException: java.lang.RuntimeException: java.io.IOException: Cannot run program "C:\sist1226\util\sts-4.18.0.RELEASE\plugins\org.eclipse.justj.openjdk.hotspot.jre.full.win32.x86_64_17.0.6.v20230204-1729\jre\bin\javaw.exe" (in directory "C:\sist1226\util\sts-4.18.0.RELEASE"): CreateProcess error=1455, 이 작업을 완료하기 위한 페이징 파일이 너무 작습니다
	at java.base/java.util.concurrent.CompletableFuture.encodeThrowable(CompletableFuture.java:315)
	at java.base/java.util.concurrent.CompletableFuture.completeThrowable(CompletableFuture.java:320)
	at java.base/java.util.concurrent.CompletableFuture$AsyncSupply.run(CompletableFuture.java:1770)
	at java.base/java.util.concurrent.CompletableFuture$AsyncSupply.exec(CompletableFuture.java:1760)
	at java.base/java.util.concurrent.ForkJoinTask.doExec(ForkJoinTask.java:373)
	at java.base/java.util.concurrent.ForkJoinPool$WorkQueue.topLevelExec(ForkJoinPool.java:1182)
	at java.base/java.util.concurrent.ForkJoinPool.scan(ForkJoinPool.java:1655)
	at java.base/java.util.concurrent.ForkJoinPool.runWorker(ForkJoinPool.java:1622)
	at java.base/java.util.concurrent.ForkJoinWorkerThread.run(ForkJoinWorkerThread.java:165)
Caused by: java.lang.RuntimeException: java.io.IOException: Cannot run program "C:\sist1226\util\sts-4.18.0.RELEASE\plugins\org.eclipse.justj.openjdk.hotspot.jre.full.win32.x86_64_17.0.6.v20230204-1729\jre\bin\javaw.exe" (in directory "C:\sist1226\util\sts-4.18.0.RELEASE"): CreateProcess error=1455, 이 작업을 완료하기 위한 페이징 파일이 너무 작습니다
	at org.eclipse.lsp4e.LanguageServerWrapper.lambda$0(LanguageServerWrapper.java:264)
	at java.base/java.util.concurrent.CompletableFuture$AsyncSupply.run(CompletableFuture.java:1768)
	... 6 more
Caused by: java.io.IOException: Cannot run program "C:\sist1226\util\sts-4.18.0.RELEASE\plugins\org.eclipse.justj.openjdk.hotspot.jre.full.win32.x86_64_17.0.6.v20230204-1729\jre\bin\javaw.exe" (in directory "C:\sist1226\util\sts-4.18.0.RELEASE"): CreateProcess error=1455, 이 작업을 완료하기 위한 페이징 파일이 너무 작습니다
	at java.base/java.lang.ProcessBuilder.start(ProcessBuilder.java:1143)
	at java.base/java.lang.ProcessBuilder.start(ProcessBuilder.java:1073)
	at org.eclipse.lsp4e.server.ProcessStreamConnectionProvider.start(ProcessStreamConnectionProvider.java:54)
	at org.springframework.tooling.ls.eclipse.commons.STS4LanguageServerProcessStreamConnector.start(STS4LanguageServerProcessStreamConnector.java:54)
	at org.springframework.tooling.boot.ls.DelegatingStreamConnectionProvider.start(DelegatingStreamConnectionProvider.java:115)
	at org.eclipse.lsp4e.LanguageServerWrapper.lambda$0(LanguageServerWrapper.java:262)
	... 7 more
Caused by: java.io.IOException: CreateProcess error=1455, 이 작업을 완료하기 위한 페이징 파일이 너무 작습니다
	at java.base/java.lang.ProcessImpl.create(Native Method)
	at java.base/java.lang.ProcessImpl.<init>(ProcessImpl.java:499)
	at java.base/java.lang.ProcessImpl.start(ProcessImpl.java:158)
	at java.base/java.lang.ProcessBuilder.start(ProcessBuilder.java:1110)
	... 12 more

!ENTRY org.eclipse.jface.text 4 0 2025-04-02 21:13:24.464
!MESSAGE java.lang.RuntimeException: java.io.IOException: Cannot run program "C:\sist1226\util\sts-4.18.0.RELEASE\plugins\org.eclipse.justj.openjdk.hotspot.jre.full.win32.x86_64_17.0.6.v20230204-1729\jre\bin\javaw.exe" (in directory "C:\sist1226\util\sts-4.18.0.RELEASE"): CreateProcess error=1455, 이 작업을 완료하기 위한 페이징 파일이 너무 작습니다
!STACK 0
java.util.concurrent.CompletionException: java.lang.RuntimeException: java.io.IOException: Cannot run program "C:\sist1226\util\sts-4.18.0.RELEASE\plugins\org.eclipse.justj.openjdk.hotspot.jre.full.win32.x86_64_17.0.6.v20230204-1729\jre\bin\javaw.exe" (in directory "C:\sist1226\util\sts-4.18.0.RELEASE"): CreateProcess error=1455, 이 작업을 완료하기 위한 페이징 파일이 너무 작습니다
	at java.base/java.util.concurrent.CompletableFuture.encodeThrowable(CompletableFuture.java:315)
	at java.base/java.util.concurrent.CompletableFuture.completeThrowable(CompletableFuture.java:320)
	at java.base/java.util.concurrent.CompletableFuture$AsyncSupply.run(CompletableFuture.java:1770)
	at java.base/java.util.concurrent.CompletableFuture$AsyncSupply.exec(CompletableFuture.java:1760)
	at java.base/java.util.concurrent.ForkJoinTask.doExec(ForkJoinTask.java:373)
	at java.base/java.util.concurrent.ForkJoinPool$WorkQueue.topLevelExec(ForkJoinPool.java:1182)
	at java.base/java.util.concurrent.ForkJoinPool.scan(ForkJoinPool.java:1655)
	at java.base/java.util.concurrent.ForkJoinPool.runWorker(ForkJoinPool.java:1622)
	at java.base/java.util.concurrent.ForkJoinWorkerThread.run(ForkJoinWorkerThread.java:165)
Caused by: java.lang.RuntimeException: java.io.IOException: Cannot run program "C:\sist1226\util\sts-4.18.0.RELEASE\plugins\org.eclipse.justj.openjdk.hotspot.jre.full.win32.x86_64_17.0.6.v20230204-1729\jre\bin\javaw.exe" (in directory "C:\sist1226\util\sts-4.18.0.RELEASE"): CreateProcess error=1455, 이 작업을 완료하기 위한 페이징 파일이 너무 작습니다
	at org.eclipse.lsp4e.LanguageServerWrapper.lambda$0(LanguageServerWrapper.java:264)
	at java.base/java.util.concurrent.CompletableFuture$AsyncSupply.run(CompletableFuture.java:1768)
	... 6 more
Caused by: java.io.IOException: Cannot run program "C:\sist1226\util\sts-4.18.0.RELEASE\plugins\org.eclipse.justj.openjdk.hotspot.jre.full.win32.x86_64_17.0.6.v20230204-1729\jre\bin\javaw.exe" (in directory "C:\sist1226\util\sts-4.18.0.RELEASE"): CreateProcess error=1455, 이 작업을 완료하기 위한 페이징 파일이 너무 작습니다
	at java.base/java.lang.ProcessBuilder.start(ProcessBuilder.java:1143)
	at java.base/java.lang.ProcessBuilder.start(ProcessBuilder.java:1073)
	at org.eclipse.lsp4e.server.ProcessStreamConnectionProvider.start(ProcessStreamConnectionProvider.java:54)
	at org.springframework.tooling.ls.eclipse.commons.STS4LanguageServerProcessStreamConnector.start(STS4LanguageServerProcessStreamConnector.java:54)
	at org.springframework.tooling.boot.ls.DelegatingStreamConnectionProvider.start(DelegatingStreamConnectionProvider.java:115)
	at org.eclipse.lsp4e.LanguageServerWrapper.lambda$0(LanguageServerWrapper.java:262)
	... 7 more
Caused by: java.io.IOException: CreateProcess error=1455, 이 작업을 완료하기 위한 페이징 파일이 너무 작습니다
	at java.base/java.lang.ProcessImpl.create(Native Method)
	at java.base/java.lang.ProcessImpl.<init>(ProcessImpl.java:499)
	at java.base/java.lang.ProcessImpl.start(ProcessImpl.java:158)
	at java.base/java.lang.ProcessBuilder.start(ProcessBuilder.java:1110)
	... 12 more

!ENTRY org.eclipse.jface.text 4 0 2025-04-02 21:13:24.473
!MESSAGE java.lang.RuntimeException: java.io.IOException: Cannot run program "C:\sist1226\util\sts-4.18.0.RELEASE\plugins\org.eclipse.justj.openjdk.hotspot.jre.full.win32.x86_64_17.0.6.v20230204-1729\jre\bin\javaw.exe" (in directory "C:\sist1226\util\sts-4.18.0.RELEASE"): CreateProcess error=1455, 이 작업을 완료하기 위한 페이징 파일이 너무 작습니다
!STACK 0
java.util.concurrent.CompletionException: java.lang.RuntimeException: java.io.IOException: Cannot run program "C:\sist1226\util\sts-4.18.0.RELEASE\plugins\org.eclipse.justj.openjdk.hotspot.jre.full.win32.x86_64_17.0.6.v20230204-1729\jre\bin\javaw.exe" (in directory "C:\sist1226\util\sts-4.18.0.RELEASE"): CreateProcess error=1455, 이 작업을 완료하기 위한 페이징 파일이 너무 작습니다
	at java.base/java.util.concurrent.CompletableFuture.encodeThrowable(CompletableFuture.java:315)
	at java.base/java.util.concurrent.CompletableFuture.completeThrowable(CompletableFuture.java:320)
	at java.base/java.util.concurrent.CompletableFuture$AsyncSupply.run(CompletableFuture.java:1770)
	at java.base/java.util.concurrent.CompletableFuture$AsyncSupply.exec(CompletableFuture.java:1760)
	at java.base/java.util.concurrent.ForkJoinTask.doExec(ForkJoinTask.java:373)
	at java.base/java.util.concurrent.ForkJoinPool$WorkQueue.topLevelExec(ForkJoinPool.java:1182)
	at java.base/java.util.concurrent.ForkJoinPool.scan(ForkJoinPool.java:1655)
	at java.base/java.util.concurrent.ForkJoinPool.runWorker(ForkJoinPool.java:1622)
	at java.base/java.util.concurrent.ForkJoinWorkerThread.run(ForkJoinWorkerThread.java:165)
Caused by: java.lang.RuntimeException: java.io.IOException: Cannot run program "C:\sist1226\util\sts-4.18.0.RELEASE\plugins\org.eclipse.justj.openjdk.hotspot.jre.full.win32.x86_64_17.0.6.v20230204-1729\jre\bin\javaw.exe" (in directory "C:\sist1226\util\sts-4.18.0.RELEASE"): CreateProcess error=1455, 이 작업을 완료하기 위한 페이징 파일이 너무 작습니다
	at org.eclipse.lsp4e.LanguageServerWrapper.lambda$0(LanguageServerWrapper.java:264)
	at java.base/java.util.concurrent.CompletableFuture$AsyncSupply.run(CompletableFuture.java:1768)
	... 6 more
Caused by: java.io.IOException: Cannot run program "C:\sist1226\util\sts-4.18.0.RELEASE\plugins\org.eclipse.justj.openjdk.hotspot.jre.full.win32.x86_64_17.0.6.v20230204-1729\jre\bin\javaw.exe" (in directory "C:\sist1226\util\sts-4.18.0.RELEASE"): CreateProcess error=1455, 이 작업을 완료하기 위한 페이징 파일이 너무 작습니다
	at java.base/java.lang.ProcessBuilder.start(ProcessBuilder.java:1143)
	at java.base/java.lang.ProcessBuilder.start(ProcessBuilder.java:1073)
	at org.eclipse.lsp4e.server.ProcessStreamConnectionProvider.start(ProcessStreamConnectionProvider.java:54)
	at org.springframework.tooling.ls.eclipse.commons.STS4LanguageServerProcessStreamConnector.start(STS4LanguageServerProcessStreamConnector.java:54)
	at org.springframework.tooling.boot.ls.DelegatingStreamConnectionProvider.start(DelegatingStreamConnectionProvider.java:115)
	at org.eclipse.lsp4e.LanguageServerWrapper.lambda$0(LanguageServerWrapper.java:262)
	... 7 more
Caused by: java.io.IOException: CreateProcess error=1455, 이 작업을 완료하기 위한 페이징 파일이 너무 작습니다
	at java.base/java.lang.ProcessImpl.create(Native Method)
	at java.base/java.lang.ProcessImpl.<init>(ProcessImpl.java:499)
	at java.base/java.lang.ProcessImpl.start(ProcessImpl.java:158)
	at java.base/java.lang.ProcessBuilder.start(ProcessBuilder.java:1110)
	... 12 more

!ENTRY org.eclipse.jface.text 4 0 2025-04-02 21:13:24.474
!MESSAGE java.lang.RuntimeException: java.io.IOException: Cannot run program "C:\sist1226\util\sts-4.18.0.RELEASE\plugins\org.eclipse.justj.openjdk.hotspot.jre.full.win32.x86_64_17.0.6.v20230204-1729\jre\bin\javaw.exe" (in directory "C:\sist1226\util\sts-4.18.0.RELEASE"): CreateProcess error=1455, 이 작업을 완료하기 위한 페이징 파일이 너무 작습니다
!STACK 0
java.util.concurrent.CompletionException: java.lang.RuntimeException: java.io.IOException: Cannot run program "C:\sist1226\util\sts-4.18.0.RELEASE\plugins\org.eclipse.justj.openjdk.hotspot.jre.full.win32.x86_64_17.0.6.v20230204-1729\jre\bin\javaw.exe" (in directory "C:\sist1226\util\sts-4.18.0.RELEASE"): CreateProcess error=1455, 이 작업을 완료하기 위한 페이징 파일이 너무 작습니다
	at java.base/java.util.concurrent.CompletableFuture.encodeThrowable(CompletableFuture.java:315)
	at java.base/java.util.concurrent.CompletableFuture.completeThrowable(CompletableFuture.java:320)
	at java.base/java.util.concurrent.CompletableFuture$AsyncSupply.run(CompletableFuture.java:1770)
	at java.base/java.util.concurrent.CompletableFuture$AsyncSupply.exec(CompletableFuture.java:1760)
	at java.base/java.util.concurrent.ForkJoinTask.doExec(ForkJoinTask.java:373)
	at java.base/java.util.concurrent.ForkJoinPool$WorkQueue.topLevelExec(ForkJoinPool.java:1182)
	at java.base/java.util.concurrent.ForkJoinPool.scan(ForkJoinPool.java:1655)
	at java.base/java.util.concurrent.ForkJoinPool.runWorker(ForkJoinPool.java:1622)
	at java.base/java.util.concurrent.ForkJoinWorkerThread.run(ForkJoinWorkerThread.java:165)
Caused by: java.lang.RuntimeException: java.io.IOException: Cannot run program "C:\sist1226\util\sts-4.18.0.RELEASE\plugins\org.eclipse.justj.openjdk.hotspot.jre.full.win32.x86_64_17.0.6.v20230204-1729\jre\bin\javaw.exe" (in directory "C:\sist1226\util\sts-4.18.0.RELEASE"): CreateProcess error=1455, 이 작업을 완료하기 위한 페이징 파일이 너무 작습니다
	at org.eclipse.lsp4e.LanguageServerWrapper.lambda$0(LanguageServerWrapper.java:264)
	at java.base/java.util.concurrent.CompletableFuture$AsyncSupply.run(CompletableFuture.java:1768)
	... 6 more
Caused by: java.io.IOException: Cannot run program "C:\sist1226\util\sts-4.18.0.RELEASE\plugins\org.eclipse.justj.openjdk.hotspot.jre.full.win32.x86_64_17.0.6.v20230204-1729\jre\bin\javaw.exe" (in directory "C:\sist1226\util\sts-4.18.0.RELEASE"): CreateProcess error=1455, 이 작업을 완료하기 위한 페이징 파일이 너무 작습니다
	at java.base/java.lang.ProcessBuilder.start(ProcessBuilder.java:1143)
	at java.base/java.lang.ProcessBuilder.start(ProcessBuilder.java:1073)
	at org.eclipse.lsp4e.server.ProcessStreamConnectionProvider.start(ProcessStreamConnectionProvider.java:54)
	at org.springframework.tooling.ls.eclipse.commons.STS4LanguageServerProcessStreamConnector.start(STS4LanguageServerProcessStreamConnector.java:54)
	at org.springframework.tooling.boot.ls.DelegatingStreamConnectionProvider.start(DelegatingStreamConnectionProvider.java:115)
	at org.eclipse.lsp4e.LanguageServerWrapper.lambda$0(LanguageServerWrapper.java:262)
	... 7 more
Caused by: java.io.IOException: CreateProcess error=1455, 이 작업을 완료하기 위한 페이징 파일이 너무 작습니다
	at java.base/java.lang.ProcessImpl.create(Native Method)
	at java.base/java.lang.ProcessImpl.<init>(ProcessImpl.java:499)
	at java.base/java.lang.ProcessImpl.start(ProcessImpl.java:158)
	at java.base/java.lang.ProcessBuilder.start(ProcessBuilder.java:1110)
	... 12 more

!ENTRY org.eclipse.lsp4e 4 0 2025-04-02 21:13:50.413
!MESSAGE org.eclipse.lsp4j.jsonrpc.JsonRpcException: java.io.IOException: 파이프가 닫히는 중입니다
!STACK 0
java.util.concurrent.ExecutionException: org.eclipse.lsp4j.jsonrpc.JsonRpcException: java.io.IOException: 파이프가 닫히는 중입니다
	at java.base/java.util.concurrent.CompletableFuture.reportGet(CompletableFuture.java:396)
	at java.base/java.util.concurrent.CompletableFuture.get(CompletableFuture.java:2096)
	at org.eclipse.lsp4e.LanguageServerWrapper.lambda$10(LanguageServerWrapper.java:443)
	at java.base/java.util.concurrent.CompletableFuture$AsyncRun.run(CompletableFuture.java:1804)
	at java.base/java.util.concurrent.CompletableFuture$AsyncRun.exec(CompletableFuture.java:1796)
	at java.base/java.util.concurrent.ForkJoinTask.doExec(ForkJoinTask.java:373)
	at java.base/java.util.concurrent.ForkJoinPool$WorkQueue.topLevelExec(ForkJoinPool.java:1182)
	at java.base/java.util.concurrent.ForkJoinPool.scan(ForkJoinPool.java:1655)
	at java.base/java.util.concurrent.ForkJoinPool.runWorker(ForkJoinPool.java:1622)
	at java.base/java.util.concurrent.ForkJoinWorkerThread.run(ForkJoinWorkerThread.java:165)
Caused by: org.eclipse.lsp4j.jsonrpc.JsonRpcException: java.io.IOException: 파이프가 닫히는 중입니다
	at org.eclipse.lsp4j.jsonrpc.json.StreamMessageConsumer.consume(StreamMessageConsumer.java:72)
	at org.eclipse.lsp4e.LanguageServerWrapper.lambda$3(LanguageServerWrapper.java:279)
	at org.eclipse.lsp4j.jsonrpc.RemoteEndpoint.request(RemoteEndpoint.java:161)
	at org.eclipse.lsp4j.jsonrpc.services.EndpointProxy.invoke(EndpointProxy.java:91)
	at jdk.proxy12/jdk.proxy12.$Proxy36.shutdown(Unknown Source)
	at org.eclipse.lsp4e.LanguageServerWrapper.lambda$10(LanguageServerWrapper.java:441)
	... 7 more
Caused by: java.io.IOException: 파이프가 닫히는 중입니다
	at java.base/java.io.FileOutputStream.writeBytes(Native Method)
	at java.base/java.io.FileOutputStream.write(FileOutputStream.java:349)
	at java.base/java.io.BufferedOutputStream.flushBuffer(BufferedOutputStream.java:81)
	at java.base/java.io.BufferedOutputStream.flush(BufferedOutputStream.java:142)
	at org.eclipse.lsp4j.jsonrpc.json.StreamMessageConsumer.consume(StreamMessageConsumer.java:69)
	... 12 more

!ENTRY org.eclipse.lsp4e 4 0 2025-04-02 21:13:51.616
!MESSAGE org.eclipse.lsp4j.jsonrpc.JsonRpcException: java.io.IOException: 파이프가 닫히는 중입니다
!STACK 0
java.util.concurrent.ExecutionException: org.eclipse.lsp4j.jsonrpc.JsonRpcException: java.io.IOException: 파이프가 닫히는 중입니다
	at java.base/java.util.concurrent.CompletableFuture.reportGet(CompletableFuture.java:396)
	at java.base/java.util.concurrent.CompletableFuture.get(CompletableFuture.java:2096)
	at org.eclipse.lsp4e.LanguageServerWrapper.lambda$10(LanguageServerWrapper.java:443)
	at java.base/java.util.concurrent.CompletableFuture$AsyncRun.run(CompletableFuture.java:1804)
	at java.base/java.util.concurrent.CompletableFuture$AsyncRun.exec(CompletableFuture.java:1796)
	at java.base/java.util.concurrent.ForkJoinTask.doExec(ForkJoinTask.java:373)
	at java.base/java.util.concurrent.ForkJoinPool$WorkQueue.topLevelExec(ForkJoinPool.java:1182)
	at java.base/java.util.concurrent.ForkJoinPool.scan(ForkJoinPool.java:1655)
	at java.base/java.util.concurrent.ForkJoinPool.runWorker(ForkJoinPool.java:1622)
	at java.base/java.util.concurrent.ForkJoinWorkerThread.run(ForkJoinWorkerThread.java:165)
Caused by: org.eclipse.lsp4j.jsonrpc.JsonRpcException: java.io.IOException: 파이프가 닫히는 중입니다
	at org.eclipse.lsp4j.jsonrpc.json.StreamMessageConsumer.consume(StreamMessageConsumer.java:72)
	at org.eclipse.lsp4e.LanguageServerWrapper.lambda$3(LanguageServerWrapper.java:279)
	at org.eclipse.lsp4j.jsonrpc.RemoteEndpoint.request(RemoteEndpoint.java:161)
	at org.eclipse.lsp4j.jsonrpc.services.EndpointProxy.invoke(EndpointProxy.java:91)
	at jdk.proxy12/jdk.proxy12.$Proxy36.shutdown(Unknown Source)
	at org.eclipse.lsp4e.LanguageServerWrapper.lambda$10(LanguageServerWrapper.java:441)
	... 7 more
Caused by: java.io.IOException: 파이프가 닫히는 중입니다
	at java.base/java.io.FileOutputStream.writeBytes(Native Method)
	at java.base/java.io.FileOutputStream.write(FileOutputStream.java:349)
	at java.base/java.io.BufferedOutputStream.flushBuffer(BufferedOutputStream.java:81)
	at java.base/java.io.BufferedOutputStream.flush(BufferedOutputStream.java:142)
	at org.eclipse.lsp4j.jsonrpc.json.StreamMessageConsumer.consume(StreamMessageConsumer.java:69)
	... 12 more

!ENTRY org.eclipse.lsp4e 4 0 2025-04-02 21:13:52.107
!MESSAGE org.eclipse.lsp4j.jsonrpc.JsonRpcException: java.io.IOException: 파이프가 닫히는 중입니다
!STACK 0
java.util.concurrent.ExecutionException: org.eclipse.lsp4j.jsonrpc.JsonRpcException: java.io.IOException: 파이프가 닫히는 중입니다
	at java.base/java.util.concurrent.CompletableFuture.reportGet(CompletableFuture.java:396)
	at java.base/java.util.concurrent.CompletableFuture.get(CompletableFuture.java:2096)
	at org.eclipse.lsp4e.LanguageServerWrapper.lambda$10(LanguageServerWrapper.java:443)
	at java.base/java.util.concurrent.CompletableFuture$AsyncRun.run(CompletableFuture.java:1804)
	at java.base/java.util.concurrent.CompletableFuture$AsyncRun.exec(CompletableFuture.java:1796)
	at java.base/java.util.concurrent.ForkJoinTask.doExec(ForkJoinTask.java:373)
	at java.base/java.util.concurrent.ForkJoinPool$WorkQueue.topLevelExec(ForkJoinPool.java:1182)
	at java.base/java.util.concurrent.ForkJoinPool.scan(ForkJoinPool.java:1655)
	at java.base/java.util.concurrent.ForkJoinPool.runWorker(ForkJoinPool.java:1622)
	at java.base/java.util.concurrent.ForkJoinWorkerThread.run(ForkJoinWorkerThread.java:165)
Caused by: org.eclipse.lsp4j.jsonrpc.JsonRpcException: java.io.IOException: 파이프가 닫히는 중입니다
	at org.eclipse.lsp4j.jsonrpc.json.StreamMessageConsumer.consume(StreamMessageConsumer.java:72)
	at org.eclipse.lsp4e.LanguageServerWrapper.lambda$3(LanguageServerWrapper.java:279)
	at org.eclipse.lsp4j.jsonrpc.RemoteEndpoint.request(RemoteEndpoint.java:161)
	at org.eclipse.lsp4j.jsonrpc.services.EndpointProxy.invoke(EndpointProxy.java:91)
	at jdk.proxy12/jdk.proxy12.$Proxy36.shutdown(Unknown Source)
	at org.eclipse.lsp4e.LanguageServerWrapper.lambda$10(LanguageServerWrapper.java:441)
	... 7 more
Caused by: java.io.IOException: 파이프가 닫히는 중입니다
	at java.base/java.io.FileOutputStream.writeBytes(Native Method)
	at java.base/java.io.FileOutputStream.write(FileOutputStream.java:349)
	at java.base/java.io.BufferedOutputStream.flushBuffer(BufferedOutputStream.java:81)
	at java.base/java.io.BufferedOutputStream.flush(BufferedOutputStream.java:142)
	at org.eclipse.lsp4j.jsonrpc.json.StreamMessageConsumer.consume(StreamMessageConsumer.java:69)
	... 12 more

!ENTRY org.eclipse.lsp4e 4 0 2025-04-02 21:13:52.237
!MESSAGE java.util.concurrent.CancellationException
!STACK 0
java.util.concurrent.ExecutionException: java.util.concurrent.CancellationException
	at java.base/java.util.concurrent.CompletableFuture.reportGet(CompletableFuture.java:396)
	at java.base/java.util.concurrent.CompletableFuture.get(CompletableFuture.java:2073)
	at org.eclipse.lsp4e.operations.completion.LSContentAssistProcessor.computeCompletionProposals(LSContentAssistProcessor.java:111)
	at org.eclipse.lsp4e.jdt.LSJavaCompletionProposalComputer.lambda$0(LSJavaCompletionProposalComputer.java:47)
	at java.base/java.util.concurrent.CompletableFuture$AsyncSupply.run(CompletableFuture.java:1768)
	at java.base/java.util.concurrent.CompletableFuture$AsyncSupply.exec(CompletableFuture.java:1760)
	at java.base/java.util.concurrent.ForkJoinTask.doExec(ForkJoinTask.java:373)
	at java.base/java.util.concurrent.ForkJoinPool$WorkQueue.helpAsyncBlocker(ForkJoinPool.java:1253)
	at java.base/java.util.concurrent.ForkJoinPool.helpAsyncBlocker(ForkJoinPool.java:2237)
	at java.base/java.util.concurrent.CompletableFuture.timedGet(CompletableFuture.java:1933)
	at java.base/java.util.concurrent.CompletableFuture.get(CompletableFuture.java:2095)
	at org.eclipse.lsp4e.jdt.LSJavaCompletionProposalComputer.asJavaProposals(LSJavaCompletionProposalComputer.java:78)
	at org.eclipse.lsp4e.jdt.LSJavaCompletionProposalComputer.computeCompletionProposals(LSJavaCompletionProposalComputer.java:50)
	at org.eclipse.jdt.internal.ui.text.java.CompletionProposalComputerDescriptor.computeCompletionProposals(CompletionProposalComputerDescriptor.java:348)
	at org.eclipse.jdt.internal.ui.text.java.CompletionProposalCategory.computeCompletionProposals(CompletionProposalCategory.java:340)
	at org.eclipse.jdt.internal.ui.text.java.ContentAssistProcessor.collectProposals(ContentAssistProcessor.java:333)
	at org.eclipse.jdt.internal.ui.text.java.ContentAssistProcessor.computeCompletionProposals(ContentAssistProcessor.java:289)
	at org.eclipse.jface.text.contentassist.AsyncCompletionProposalPopup.lambda$10(AsyncCompletionProposalPopup.java:378)
	at org.eclipse.core.runtime.SafeRunner.run(SafeRunner.java:45)
	at org.eclipse.jface.text.contentassist.AsyncCompletionProposalPopup.lambda$9(AsyncCompletionProposalPopup.java:377)
	at java.base/java.util.concurrent.CompletableFuture$AsyncSupply.run(CompletableFuture.java:1768)
	at java.base/java.util.concurrent.CompletableFuture$AsyncSupply.exec(CompletableFuture.java:1760)
	at java.base/java.util.concurrent.ForkJoinTask.doExec(ForkJoinTask.java:373)
	at java.base/java.util.concurrent.ForkJoinPool$WorkQueue.topLevelExec(ForkJoinPool.java:1182)
	at java.base/java.util.concurrent.ForkJoinPool.scan(ForkJoinPool.java:1655)
	at java.base/java.util.concurrent.ForkJoinPool.runWorker(ForkJoinPool.java:1622)
	at java.base/java.util.concurrent.ForkJoinWorkerThread.run(ForkJoinWorkerThread.java:165)
Caused by: java.util.concurrent.CancellationException
	at java.base/java.util.concurrent.CompletableFuture.cancel(CompletableFuture.java:2478)
	at org.eclipse.lsp4e.LanguageServerWrapper.stop(LanguageServerWrapper.java:427)
	at org.eclipse.lsp4e.LanguageServerWrapper.start(LanguageServerWrapper.java:248)
	at org.eclipse.lsp4e.LanguageServerWrapper.getInitializedServer(LanguageServerWrapper.java:696)
	at org.eclipse.lsp4e.LanguageServers$LanguageServerDocumentExecutor.filter(LanguageServers.java:263)
	at java.base/java.util.stream.ReferencePipeline$3$1.accept(ReferencePipeline.java:197)
	at java.base/java.util.Iterator.forEachRemaining(Iterator.java:133)
	at java.base/java.util.Spliterators$IteratorSpliterator.forEachRemaining(Spliterators.java:1845)
	at java.base/java.util.stream.AbstractPipeline.copyInto(AbstractPipeline.java:509)
	at java.base/java.util.stream.AbstractPipeline.wrapAndCopyInto(AbstractPipeline.java:499)
	at java.base/java.util.stream.AbstractPipeline.evaluate(AbstractPipeline.java:575)
	at java.base/java.util.stream.AbstractPipeline.evaluateToArrayNode(AbstractPipeline.java:260)
	at java.base/java.util.stream.ReferencePipeline.toArray(ReferencePipeline.java:616)
	at java.base/java.util.stream.ReferencePipeline.toArray(ReferencePipeline.java:622)
	at java.base/java.util.stream.ReferencePipeline.toList(ReferencePipeline.java:627)
	at org.eclipse.lsp4e.LanguageServers$LanguageServerDocumentExecutor.getServers(LanguageServers.java:273)
	at org.eclipse.lsp4e.LanguageServers.executeOnServers(LanguageServers.java:403)
	at org.eclipse.lsp4e.LanguageServers.collectAll(LanguageServers.java:76)
	at org.eclipse.lsp4e.operations.codelens.CodeLensProvider.provideCodeMinings(CodeLensProvider.java:40)
	at org.eclipse.lsp4e.operations.codelens.CodeLensProvider.provideCodeMinings(CodeLensProvider.java:67)
	at org.eclipse.jface.internal.text.codemining.CodeMiningManager.lambda$2(CodeMiningManager.java:189)
	at java.base/java.util.stream.ReferencePipeline$3$1.accept(ReferencePipeline.java:197)
	at java.base/java.util.Spliterators$ArraySpliterator.forEachRemaining(Spliterators.java:992)
	at java.base/java.util.stream.AbstractPipeline.copyInto(AbstractPipeline.java:509)
	at java.base/java.util.stream.AbstractPipeline.wrapAndCopyInto(AbstractPipeline.java:499)
	at java.base/java.util.stream.ReduceOps$ReduceOp.evaluateSequential(ReduceOps.java:921)
	at java.base/java.util.stream.AbstractPipeline.evaluate(AbstractPipeline.java:234)
	at java.base/java.util.stream.ReferencePipeline.collect(ReferencePipeline.java:682)
	at org.eclipse.jface.internal.text.codemining.CodeMiningManager.getCodeMinings(CodeMiningManager.java:195)
	at org.eclipse.jface.internal.text.codemining.CodeMiningManager.updateCodeMinings(CodeMiningManager.java:140)
	at org.eclipse.jface.internal.text.codemining.CodeMiningManager.run(CodeMiningManager.java:129)
	at org.eclipse.jface.text.source.SourceViewer.updateCodeMinings(SourceViewer.java:1333)
	at org.eclipse.jdt.internal.ui.javaeditor.JavaCodeMiningReconciler.reconciled(JavaCodeMiningReconciler.java:51)
	at org.eclipse.jdt.internal.ui.javaeditor.CompilationUnitEditor.reconciled(CompilationUnitEditor.java:1681)
	at org.eclipse.jdt.internal.ui.text.java.JavaReconcilingStrategy.reconciled(JavaReconcilingStrategy.java:228)
	at org.eclipse.jdt.internal.ui.text.JavaCompositeReconcilingStrategy.reconciled(JavaCompositeReconcilingStrategy.java:171)
	at org.eclipse.jdt.internal.ui.text.JavaCompositeReconcilingStrategy.reconcile(JavaCompositeReconcilingStrategy.java:115)
	at org.eclipse.jface.text.reconciler.MonoReconciler.process(MonoReconciler.java:78)
	at org.eclipse.jface.text.reconciler.AbstractReconciler$BackgroundThread.run(AbstractReconciler.java:207)

!ENTRY org.eclipse.lsp4e 4 0 2025-04-02 21:13:52.238
!MESSAGE org.eclipse.lsp4j.jsonrpc.JsonRpcException: java.io.IOException: 파이프가 닫히는 중입니다
!STACK 0
java.util.concurrent.ExecutionException: org.eclipse.lsp4j.jsonrpc.JsonRpcException: java.io.IOException: 파이프가 닫히는 중입니다
	at java.base/java.util.concurrent.CompletableFuture.reportGet(CompletableFuture.java:396)
	at java.base/java.util.concurrent.CompletableFuture.get(CompletableFuture.java:2096)
	at org.eclipse.lsp4e.LanguageServerWrapper.lambda$10(LanguageServerWrapper.java:443)
	at java.base/java.util.concurrent.CompletableFuture$AsyncRun.run(CompletableFuture.java:1804)
	at java.base/java.util.concurrent.CompletableFuture$AsyncRun.exec(CompletableFuture.java:1796)
	at java.base/java.util.concurrent.ForkJoinTask.doExec(ForkJoinTask.java:373)
	at java.base/java.util.concurrent.ForkJoinPool$WorkQueue.topLevelExec(ForkJoinPool.java:1182)
	at java.base/java.util.concurrent.ForkJoinPool.scan(ForkJoinPool.java:1655)
	at java.base/java.util.concurrent.ForkJoinPool.runWorker(ForkJoinPool.java:1622)
	at java.base/java.util.concurrent.ForkJoinWorkerThread.run(ForkJoinWorkerThread.java:165)
Caused by: org.eclipse.lsp4j.jsonrpc.JsonRpcException: java.io.IOException: 파이프가 닫히는 중입니다
	at org.eclipse.lsp4j.jsonrpc.json.StreamMessageConsumer.consume(StreamMessageConsumer.java:72)
	at org.eclipse.lsp4e.LanguageServerWrapper.lambda$3(LanguageServerWrapper.java:279)
	at org.eclipse.lsp4j.jsonrpc.RemoteEndpoint.request(RemoteEndpoint.java:161)
	at org.eclipse.lsp4j.jsonrpc.services.EndpointProxy.invoke(EndpointProxy.java:91)
	at jdk.proxy12/jdk.proxy12.$Proxy36.shutdown(Unknown Source)
	at org.eclipse.lsp4e.LanguageServerWrapper.lambda$10(LanguageServerWrapper.java:441)
	... 7 more
Caused by: java.io.IOException: 파이프가 닫히는 중입니다
	at java.base/java.io.FileOutputStream.writeBytes(Native Method)
	at java.base/java.io.FileOutputStream.write(FileOutputStream.java:349)
	at java.base/java.io.BufferedOutputStream.flushBuffer(BufferedOutputStream.java:81)
	at java.base/java.io.BufferedOutputStream.flush(BufferedOutputStream.java:142)
	at org.eclipse.lsp4j.jsonrpc.json.StreamMessageConsumer.consume(StreamMessageConsumer.java:69)
	... 12 more

!ENTRY org.eclipse.lsp4e 4 0 2025-04-02 21:13:54.755
!MESSAGE org.eclipse.lsp4j.jsonrpc.JsonRpcException: java.io.IOException: 파이프가 닫히는 중입니다
!STACK 0
java.util.concurrent.ExecutionException: org.eclipse.lsp4j.jsonrpc.JsonRpcException: java.io.IOException: 파이프가 닫히는 중입니다
	at java.base/java.util.concurrent.CompletableFuture.reportGet(CompletableFuture.java:396)
	at java.base/java.util.concurrent.CompletableFuture.get(CompletableFuture.java:2096)
	at org.eclipse.lsp4e.LanguageServerWrapper.lambda$10(LanguageServerWrapper.java:443)
	at java.base/java.util.concurrent.CompletableFuture$AsyncRun.run(CompletableFuture.java:1804)
	at java.base/java.util.concurrent.CompletableFuture$AsyncRun.exec(CompletableFuture.java:1796)
	at java.base/java.util.concurrent.ForkJoinTask.doExec(ForkJoinTask.java:373)
	at java.base/java.util.concurrent.ForkJoinPool$WorkQueue.topLevelExec(ForkJoinPool.java:1182)
	at java.base/java.util.concurrent.ForkJoinPool.scan(ForkJoinPool.java:1655)
	at java.base/java.util.concurrent.ForkJoinPool.runWorker(ForkJoinPool.java:1622)
	at java.base/java.util.concurrent.ForkJoinWorkerThread.run(ForkJoinWorkerThread.java:165)
Caused by: org.eclipse.lsp4j.jsonrpc.JsonRpcException: java.io.IOException: 파이프가 닫히는 중입니다
	at org.eclipse.lsp4j.jsonrpc.json.StreamMessageConsumer.consume(StreamMessageConsumer.java:72)
	at org.eclipse.lsp4e.LanguageServerWrapper.lambda$3(LanguageServerWrapper.java:279)
	at org.eclipse.lsp4j.jsonrpc.RemoteEndpoint.request(RemoteEndpoint.java:161)
	at org.eclipse.lsp4j.jsonrpc.services.EndpointProxy.invoke(EndpointProxy.java:91)
	at jdk.proxy12/jdk.proxy12.$Proxy36.shutdown(Unknown Source)
	at org.eclipse.lsp4e.LanguageServerWrapper.lambda$10(LanguageServerWrapper.java:441)
	... 7 more
Caused by: java.io.IOException: 파이프가 닫히는 중입니다
	at java.base/java.io.FileOutputStream.writeBytes(Native Method)
	at java.base/java.io.FileOutputStream.write(FileOutputStream.java:349)
	at java.base/java.io.BufferedOutputStream.flushBuffer(BufferedOutputStream.java:81)
	at java.base/java.io.BufferedOutputStream.flush(BufferedOutputStream.java:142)
	at org.eclipse.lsp4j.jsonrpc.json.StreamMessageConsumer.consume(StreamMessageConsumer.java:69)
	... 12 more

!ENTRY org.eclipse.lsp4e 4 0 2025-04-02 21:13:57.441
!MESSAGE org.eclipse.lsp4j.jsonrpc.JsonRpcException: java.io.IOException: 파이프가 닫히는 중입니다
!STACK 0
java.util.concurrent.ExecutionException: org.eclipse.lsp4j.jsonrpc.JsonRpcException: java.io.IOException: 파이프가 닫히는 중입니다
	at java.base/java.util.concurrent.CompletableFuture.reportGet(CompletableFuture.java:396)
	at java.base/java.util.concurrent.CompletableFuture.get(CompletableFuture.java:2096)
	at org.eclipse.lsp4e.LanguageServerWrapper.lambda$10(LanguageServerWrapper.java:443)
	at java.base/java.util.concurrent.CompletableFuture$AsyncRun.run(CompletableFuture.java:1804)
	at java.base/java.util.concurrent.CompletableFuture$AsyncRun.exec(CompletableFuture.java:1796)
	at java.base/java.util.concurrent.ForkJoinTask.doExec(ForkJoinTask.java:373)
	at java.base/java.util.concurrent.ForkJoinPool$WorkQueue.topLevelExec(ForkJoinPool.java:1182)
	at java.base/java.util.concurrent.ForkJoinPool.scan(ForkJoinPool.java:1655)
	at java.base/java.util.concurrent.ForkJoinPool.runWorker(ForkJoinPool.java:1622)
	at java.base/java.util.concurrent.ForkJoinWorkerThread.run(ForkJoinWorkerThread.java:165)
Caused by: org.eclipse.lsp4j.jsonrpc.JsonRpcException: java.io.IOException: 파이프가 닫히는 중입니다
	at org.eclipse.lsp4j.jsonrpc.json.StreamMessageConsumer.consume(StreamMessageConsumer.java:72)
	at org.eclipse.lsp4e.LanguageServerWrapper.lambda$3(LanguageServerWrapper.java:279)
	at org.eclipse.lsp4j.jsonrpc.RemoteEndpoint.request(RemoteEndpoint.java:161)
	at org.eclipse.lsp4j.jsonrpc.services.EndpointProxy.invoke(EndpointProxy.java:91)
	at jdk.proxy12/jdk.proxy12.$Proxy36.shutdown(Unknown Source)
	at org.eclipse.lsp4e.LanguageServerWrapper.lambda$10(LanguageServerWrapper.java:441)
	... 7 more
Caused by: java.io.IOException: 파이프가 닫히는 중입니다
	at java.base/java.io.FileOutputStream.writeBytes(Native Method)
	at java.base/java.io.FileOutputStream.write(FileOutputStream.java:349)
	at java.base/java.io.BufferedOutputStream.flushBuffer(BufferedOutputStream.java:81)
	at java.base/java.io.BufferedOutputStream.flush(BufferedOutputStream.java:142)
	at org.eclipse.lsp4j.jsonrpc.json.StreamMessageConsumer.consume(StreamMessageConsumer.java:69)
	... 12 more

!ENTRY org.eclipse.lsp4e 4 0 2025-04-02 21:13:58.185
!MESSAGE org.eclipse.lsp4j.jsonrpc.JsonRpcException: java.io.IOException: 파이프가 닫히는 중입니다
!STACK 0
java.util.concurrent.ExecutionException: org.eclipse.lsp4j.jsonrpc.JsonRpcException: java.io.IOException: 파이프가 닫히는 중입니다
	at java.base/java.util.concurrent.CompletableFuture.reportGet(CompletableFuture.java:396)
	at java.base/java.util.concurrent.CompletableFuture.get(CompletableFuture.java:2096)
	at org.eclipse.lsp4e.LanguageServerWrapper.lambda$10(LanguageServerWrapper.java:443)
	at java.base/java.util.concurrent.CompletableFuture$AsyncRun.run(CompletableFuture.java:1804)
	at java.base/java.util.concurrent.CompletableFuture$AsyncRun.exec(CompletableFuture.java:1796)
	at java.base/java.util.concurrent.ForkJoinTask.doExec(ForkJoinTask.java:373)
	at java.base/java.util.concurrent.ForkJoinPool$WorkQueue.topLevelExec(ForkJoinPool.java:1182)
	at java.base/java.util.concurrent.ForkJoinPool.scan(ForkJoinPool.java:1655)
	at java.base/java.util.concurrent.ForkJoinPool.runWorker(ForkJoinPool.java:1622)
	at java.base/java.util.concurrent.ForkJoinWorkerThread.run(ForkJoinWorkerThread.java:165)
Caused by: org.eclipse.lsp4j.jsonrpc.JsonRpcException: java.io.IOException: 파이프가 닫히는 중입니다
	at org.eclipse.lsp4j.jsonrpc.json.StreamMessageConsumer.consume(StreamMessageConsumer.java:72)
	at org.eclipse.lsp4e.LanguageServerWrapper.lambda$3(LanguageServerWrapper.java:279)
	at org.eclipse.lsp4j.jsonrpc.RemoteEndpoint.request(RemoteEndpoint.java:161)
	at org.eclipse.lsp4j.jsonrpc.services.EndpointProxy.invoke(EndpointProxy.java:91)
	at jdk.proxy12/jdk.proxy12.$Proxy36.shutdown(Unknown Source)
	at org.eclipse.lsp4e.LanguageServerWrapper.lambda$10(LanguageServerWrapper.java:441)
	... 7 more
Caused by: java.io.IOException: 파이프가 닫히는 중입니다
	at java.base/java.io.FileOutputStream.writeBytes(Native Method)
	at java.base/java.io.FileOutputStream.write(FileOutputStream.java:349)
	at java.base/java.io.BufferedOutputStream.flushBuffer(BufferedOutputStream.java:81)
	at java.base/java.io.BufferedOutputStream.flush(BufferedOutputStream.java:142)
	at org.eclipse.lsp4j.jsonrpc.json.StreamMessageConsumer.consume(StreamMessageConsumer.java:69)
	... 12 more

!ENTRY org.eclipse.lsp4e 4 0 2025-04-02 21:14:00.608
!MESSAGE org.eclipse.lsp4j.jsonrpc.JsonRpcException: java.io.IOException: 파이프가 닫히는 중입니다
!STACK 0
java.util.concurrent.ExecutionException: org.eclipse.lsp4j.jsonrpc.JsonRpcException: java.io.IOException: 파이프가 닫히는 중입니다
	at java.base/java.util.concurrent.CompletableFuture.reportGet(CompletableFuture.java:396)
	at java.base/java.util.concurrent.CompletableFuture.get(CompletableFuture.java:2096)
	at org.eclipse.lsp4e.LanguageServerWrapper.lambda$10(LanguageServerWrapper.java:443)
	at java.base/java.util.concurrent.CompletableFuture$AsyncRun.run(CompletableFuture.java:1804)
	at java.base/java.util.concurrent.CompletableFuture$AsyncRun.exec(CompletableFuture.java:1796)
	at java.base/java.util.concurrent.ForkJoinTask.doExec(ForkJoinTask.java:373)
	at java.base/java.util.concurrent.ForkJoinPool$WorkQueue.topLevelExec(ForkJoinPool.java:1182)
	at java.base/java.util.concurrent.ForkJoinPool.scan(ForkJoinPool.java:1655)
	at java.base/java.util.concurrent.ForkJoinPool.runWorker(ForkJoinPool.java:1622)
	at java.base/java.util.concurrent.ForkJoinWorkerThread.run(ForkJoinWorkerThread.java:165)
Caused by: org.eclipse.lsp4j.jsonrpc.JsonRpcException: java.io.IOException: 파이프가 닫히는 중입니다
	at org.eclipse.lsp4j.jsonrpc.json.StreamMessageConsumer.consume(StreamMessageConsumer.java:72)
	at org.eclipse.lsp4e.LanguageServerWrapper.lambda$3(LanguageServerWrapper.java:279)
	at org.eclipse.lsp4j.jsonrpc.RemoteEndpoint.request(RemoteEndpoint.java:161)
	at org.eclipse.lsp4j.jsonrpc.services.EndpointProxy.invoke(EndpointProxy.java:91)
	at jdk.proxy12/jdk.proxy12.$Proxy36.shutdown(Unknown Source)
	at org.eclipse.lsp4e.LanguageServerWrapper.lambda$10(LanguageServerWrapper.java:441)
	... 7 more
Caused by: java.io.IOException: 파이프가 닫히는 중입니다
	at java.base/java.io.FileOutputStream.writeBytes(Native Method)
	at java.base/java.io.FileOutputStream.write(FileOutputStream.java:349)
	at java.base/java.io.BufferedOutputStream.flushBuffer(BufferedOutputStream.java:81)
	at java.base/java.io.BufferedOutputStream.flush(BufferedOutputStream.java:142)
	at org.eclipse.lsp4j.jsonrpc.json.StreamMessageConsumer.consume(StreamMessageConsumer.java:69)
	... 12 more

!ENTRY org.eclipse.lsp4e 4 0 2025-04-02 21:14:01.322
!MESSAGE org.eclipse.lsp4j.jsonrpc.JsonRpcException: java.io.IOException: 파이프가 닫히는 중입니다
!STACK 0
java.util.concurrent.ExecutionException: org.eclipse.lsp4j.jsonrpc.JsonRpcException: java.io.IOException: 파이프가 닫히는 중입니다
	at java.base/java.util.concurrent.CompletableFuture.reportGet(CompletableFuture.java:396)
	at java.base/java.util.concurrent.CompletableFuture.get(CompletableFuture.java:2096)
	at org.eclipse.lsp4e.LanguageServerWrapper.lambda$10(LanguageServerWrapper.java:443)
	at java.base/java.util.concurrent.CompletableFuture$AsyncRun.run(CompletableFuture.java:1804)
	at java.base/java.util.concurrent.CompletableFuture$AsyncRun.exec(CompletableFuture.java:1796)
	at java.base/java.util.concurrent.ForkJoinTask.doExec(ForkJoinTask.java:373)
	at java.base/java.util.concurrent.ForkJoinPool$WorkQueue.topLevelExec(ForkJoinPool.java:1182)
	at java.base/java.util.concurrent.ForkJoinPool.scan(ForkJoinPool.java:1655)
	at java.base/java.util.concurrent.ForkJoinPool.runWorker(ForkJoinPool.java:1622)
	at java.base/java.util.concurrent.ForkJoinWorkerThread.run(ForkJoinWorkerThread.java:165)
Caused by: org.eclipse.lsp4j.jsonrpc.JsonRpcException: java.io.IOException: 파이프가 닫히는 중입니다
	at org.eclipse.lsp4j.jsonrpc.json.StreamMessageConsumer.consume(StreamMessageConsumer.java:72)
	at org.eclipse.lsp4e.LanguageServerWrapper.lambda$3(LanguageServerWrapper.java:279)
	at org.eclipse.lsp4j.jsonrpc.RemoteEndpoint.request(RemoteEndpoint.java:161)
	at org.eclipse.lsp4j.jsonrpc.services.EndpointProxy.invoke(EndpointProxy.java:91)
	at jdk.proxy12/jdk.proxy12.$Proxy36.shutdown(Unknown Source)
	at org.eclipse.lsp4e.LanguageServerWrapper.lambda$10(LanguageServerWrapper.java:441)
	... 7 more
Caused by: java.io.IOException: 파이프가 닫히는 중입니다
	at java.base/java.io.FileOutputStream.writeBytes(Native Method)
	at java.base/java.io.FileOutputStream.write(FileOutputStream.java:349)
	at java.base/java.io.BufferedOutputStream.flushBuffer(BufferedOutputStream.java:81)
	at java.base/java.io.BufferedOutputStream.flush(BufferedOutputStream.java:142)
	at org.eclipse.lsp4j.jsonrpc.json.StreamMessageConsumer.consume(StreamMessageConsumer.java:69)
	... 12 more

!ENTRY org.eclipse.lsp4e 4 0 2025-04-02 21:14:01.469
!MESSAGE org.eclipse.lsp4j.jsonrpc.JsonRpcException: java.io.IOException: 파이프가 닫히는 중입니다
!STACK 0
java.util.concurrent.ExecutionException: org.eclipse.lsp4j.jsonrpc.JsonRpcException: java.io.IOException: 파이프가 닫히는 중입니다
	at java.base/java.util.concurrent.CompletableFuture.reportGet(CompletableFuture.java:396)
	at java.base/java.util.concurrent.CompletableFuture.get(CompletableFuture.java:2096)
	at org.eclipse.lsp4e.LanguageServerWrapper.lambda$10(LanguageServerWrapper.java:443)
	at java.base/java.util.concurrent.CompletableFuture$AsyncRun.run(CompletableFuture.java:1804)
	at java.base/java.util.concurrent.CompletableFuture$AsyncRun.exec(CompletableFuture.java:1796)
	at java.base/java.util.concurrent.ForkJoinTask.doExec(ForkJoinTask.java:373)
	at java.base/java.util.concurrent.ForkJoinPool$WorkQueue.topLevelExec(ForkJoinPool.java:1182)
	at java.base/java.util.concurrent.ForkJoinPool.scan(ForkJoinPool.java:1655)
	at java.base/java.util.concurrent.ForkJoinPool.runWorker(ForkJoinPool.java:1622)
	at java.base/java.util.concurrent.ForkJoinWorkerThread.run(ForkJoinWorkerThread.java:165)
Caused by: org.eclipse.lsp4j.jsonrpc.JsonRpcException: java.io.IOException: 파이프가 닫히는 중입니다
	at org.eclipse.lsp4j.jsonrpc.json.StreamMessageConsumer.consume(StreamMessageConsumer.java:72)
	at org.eclipse.lsp4e.LanguageServerWrapper.lambda$3(LanguageServerWrapper.java:279)
	at org.eclipse.lsp4j.jsonrpc.RemoteEndpoint.request(RemoteEndpoint.java:161)
	at org.eclipse.lsp4j.jsonrpc.services.EndpointProxy.invoke(EndpointProxy.java:91)
	at jdk.proxy12/jdk.proxy12.$Proxy36.shutdown(Unknown Source)
	at org.eclipse.lsp4e.LanguageServerWrapper.lambda$10(LanguageServerWrapper.java:441)
	... 7 more
Caused by: java.io.IOException: 파이프가 닫히는 중입니다
	at java.base/java.io.FileOutputStream.writeBytes(Native Method)
	at java.base/java.io.FileOutputStream.write(FileOutputStream.java:349)
	at java.base/java.io.BufferedOutputStream.flushBuffer(BufferedOutputStream.java:81)
	at java.base/java.io.BufferedOutputStream.flush(BufferedOutputStream.java:142)
	at org.eclipse.lsp4j.jsonrpc.json.StreamMessageConsumer.consume(StreamMessageConsumer.java:69)
	... 12 more

!ENTRY org.eclipse.lsp4e 4 0 2025-04-02 21:14:01.487
!MESSAGE java.util.concurrent.CancellationException
!STACK 0
java.util.concurrent.ExecutionException: java.util.concurrent.CancellationException
	at java.base/java.util.concurrent.CompletableFuture.reportGet(CompletableFuture.java:396)
	at java.base/java.util.concurrent.CompletableFuture.get(CompletableFuture.java:2073)
	at org.eclipse.lsp4e.operations.completion.LSContentAssistProcessor.computeCompletionProposals(LSContentAssistProcessor.java:111)
	at org.eclipse.lsp4e.jdt.LSJavaCompletionProposalComputer.lambda$0(LSJavaCompletionProposalComputer.java:47)
	at java.base/java.util.concurrent.CompletableFuture$AsyncSupply.run(CompletableFuture.java:1768)
	at java.base/java.util.concurrent.CompletableFuture$AsyncSupply.exec(CompletableFuture.java:1760)
	at java.base/java.util.concurrent.ForkJoinTask.doExec(ForkJoinTask.java:373)
	at java.base/java.util.concurrent.ForkJoinPool$WorkQueue.helpAsyncBlocker(ForkJoinPool.java:1253)
	at java.base/java.util.concurrent.ForkJoinPool.helpAsyncBlocker(ForkJoinPool.java:2237)
	at java.base/java.util.concurrent.CompletableFuture.timedGet(CompletableFuture.java:1933)
	at java.base/java.util.concurrent.CompletableFuture.get(CompletableFuture.java:2095)
	at org.eclipse.lsp4e.jdt.LSJavaCompletionProposalComputer.asJavaProposals(LSJavaCompletionProposalComputer.java:78)
	at org.eclipse.lsp4e.jdt.LSJavaCompletionProposalComputer.computeCompletionProposals(LSJavaCompletionProposalComputer.java:50)
	at org.eclipse.jdt.internal.ui.text.java.CompletionProposalComputerDescriptor.computeCompletionProposals(CompletionProposalComputerDescriptor.java:348)
	at org.eclipse.jdt.internal.ui.text.java.CompletionProposalCategory.computeCompletionProposals(CompletionProposalCategory.java:340)
	at org.eclipse.jdt.internal.ui.text.java.ContentAssistProcessor.collectProposals(ContentAssistProcessor.java:333)
	at org.eclipse.jdt.internal.ui.text.java.ContentAssistProcessor.computeCompletionProposals(ContentAssistProcessor.java:289)
	at org.eclipse.jface.text.contentassist.AsyncCompletionProposalPopup.lambda$10(AsyncCompletionProposalPopup.java:378)
	at org.eclipse.core.runtime.SafeRunner.run(SafeRunner.java:45)
	at org.eclipse.jface.text.contentassist.AsyncCompletionProposalPopup.lambda$9(AsyncCompletionProposalPopup.java:377)
	at java.base/java.util.concurrent.CompletableFuture$AsyncSupply.run(CompletableFuture.java:1768)
	at java.base/java.util.concurrent.CompletableFuture$AsyncSupply.exec(CompletableFuture.java:1760)
	at java.base/java.util.concurrent.ForkJoinTask.doExec(ForkJoinTask.java:373)
	at java.base/java.util.concurrent.ForkJoinPool$WorkQueue.topLevelExec(ForkJoinPool.java:1182)
	at java.base/java.util.concurrent.ForkJoinPool.scan(ForkJoinPool.java:1655)
	at java.base/java.util.concurrent.ForkJoinPool.runWorker(ForkJoinPool.java:1622)
	at java.base/java.util.concurrent.ForkJoinWorkerThread.run(ForkJoinWorkerThread.java:165)
Caused by: java.util.concurrent.CancellationException
	at java.base/java.util.concurrent.CompletableFuture.cancel(CompletableFuture.java:2478)
	at org.eclipse.lsp4e.LanguageServerWrapper.stop(LanguageServerWrapper.java:427)
	at org.eclipse.lsp4e.LanguageServerWrapper.start(LanguageServerWrapper.java:248)
	at org.eclipse.lsp4e.LanguageServerWrapper.getInitializedServer(LanguageServerWrapper.java:696)
	at org.eclipse.lsp4e.LanguageServers$LanguageServerDocumentExecutor.filter(LanguageServers.java:263)
	at java.base/java.util.stream.ReferencePipeline$3$1.accept(ReferencePipeline.java:197)
	at java.base/java.util.Iterator.forEachRemaining(Iterator.java:133)
	at java.base/java.util.Spliterators$IteratorSpliterator.forEachRemaining(Spliterators.java:1845)
	at java.base/java.util.stream.AbstractPipeline.copyInto(AbstractPipeline.java:509)
	at java.base/java.util.stream.AbstractPipeline.wrapAndCopyInto(AbstractPipeline.java:499)
	at java.base/java.util.stream.AbstractPipeline.evaluate(AbstractPipeline.java:575)
	at java.base/java.util.stream.AbstractPipeline.evaluateToArrayNode(AbstractPipeline.java:260)
	at java.base/java.util.stream.ReferencePipeline.toArray(ReferencePipeline.java:616)
	at java.base/java.util.stream.ReferencePipeline.toArray(ReferencePipeline.java:622)
	at java.base/java.util.stream.ReferencePipeline.toList(ReferencePipeline.java:627)
	at org.eclipse.lsp4e.LanguageServers$LanguageServerDocumentExecutor.getServers(LanguageServers.java:273)
	at org.eclipse.lsp4e.LanguageServers.executeOnServers(LanguageServers.java:403)
	at org.eclipse.lsp4e.LanguageServers.collectAll(LanguageServers.java:76)
	at org.eclipse.lsp4e.operations.codelens.CodeLensProvider.provideCodeMinings(CodeLensProvider.java:40)
	at org.eclipse.lsp4e.operations.codelens.CodeLensProvider.provideCodeMinings(CodeLensProvider.java:67)
	at org.eclipse.jface.internal.text.codemining.CodeMiningManager.lambda$2(CodeMiningManager.java:189)
	at java.base/java.util.stream.ReferencePipeline$3$1.accept(ReferencePipeline.java:197)
	at java.base/java.util.Spliterators$ArraySpliterator.forEachRemaining(Spliterators.java:992)
	at java.base/java.util.stream.AbstractPipeline.copyInto(AbstractPipeline.java:509)
	at java.base/java.util.stream.AbstractPipeline.wrapAndCopyInto(AbstractPipeline.java:499)
	at java.base/java.util.stream.ReduceOps$ReduceOp.evaluateSequential(ReduceOps.java:921)
	at java.base/java.util.stream.AbstractPipeline.evaluate(AbstractPipeline.java:234)
	at java.base/java.util.stream.ReferencePipeline.collect(ReferencePipeline.java:682)
	at org.eclipse.jface.internal.text.codemining.CodeMiningManager.getCodeMinings(CodeMiningManager.java:195)
	at org.eclipse.jface.internal.text.codemining.CodeMiningManager.updateCodeMinings(CodeMiningManager.java:140)
	at org.eclipse.jface.internal.text.codemining.CodeMiningManager.run(CodeMiningManager.java:129)
	at org.eclipse.jface.text.source.SourceViewer.updateCodeMinings(SourceViewer.java:1333)
	at org.eclipse.jdt.internal.ui.javaeditor.JavaCodeMiningReconciler.reconciled(JavaCodeMiningReconciler.java:51)
	at org.eclipse.jdt.internal.ui.javaeditor.CompilationUnitEditor.reconciled(CompilationUnitEditor.java:1681)
	at org.eclipse.jdt.internal.ui.text.java.JavaReconcilingStrategy.reconciled(JavaReconcilingStrategy.java:228)
	at org.eclipse.jdt.internal.ui.text.JavaCompositeReconcilingStrategy.reconciled(JavaCompositeReconcilingStrategy.java:171)
	at org.eclipse.jdt.internal.ui.text.JavaCompositeReconcilingStrategy.reconcile(JavaCompositeReconcilingStrategy.java:115)
	at org.eclipse.jface.text.reconciler.MonoReconciler.process(MonoReconciler.java:78)
	at org.eclipse.jface.text.reconciler.AbstractReconciler$BackgroundThread.run(AbstractReconciler.java:207)

!ENTRY org.eclipse.lsp4e 4 0 2025-04-02 21:14:02.006
!MESSAGE org.eclipse.lsp4j.jsonrpc.JsonRpcException: java.io.IOException: 파이프가 닫히는 중입니다
!STACK 0
java.util.concurrent.ExecutionException: org.eclipse.lsp4j.jsonrpc.JsonRpcException: java.io.IOException: 파이프가 닫히는 중입니다
	at java.base/java.util.concurrent.CompletableFuture.reportGet(CompletableFuture.java:396)
	at java.base/java.util.concurrent.CompletableFuture.get(CompletableFuture.java:2096)
	at org.eclipse.lsp4e.LanguageServerWrapper.lambda$10(LanguageServerWrapper.java:443)
	at java.base/java.util.concurrent.CompletableFuture$AsyncRun.run(CompletableFuture.java:1804)
	at java.base/java.util.concurrent.CompletableFuture$AsyncRun.exec(CompletableFuture.java:1796)
	at java.base/java.util.concurrent.ForkJoinTask.doExec(ForkJoinTask.java:373)
	at java.base/java.util.concurrent.ForkJoinPool$WorkQueue.topLevelExec(ForkJoinPool.java:1182)
	at java.base/java.util.concurrent.ForkJoinPool.scan(ForkJoinPool.java:1655)
	at java.base/java.util.concurrent.ForkJoinPool.runWorker(ForkJoinPool.java:1622)
	at java.base/java.util.concurrent.ForkJoinWorkerThread.run(ForkJoinWorkerThread.java:165)
Caused by: org.eclipse.lsp4j.jsonrpc.JsonRpcException: java.io.IOException: 파이프가 닫히는 중입니다
	at org.eclipse.lsp4j.jsonrpc.json.StreamMessageConsumer.consume(StreamMessageConsumer.java:72)
	at org.eclipse.lsp4e.LanguageServerWrapper.lambda$3(LanguageServerWrapper.java:279)
	at org.eclipse.lsp4j.jsonrpc.RemoteEndpoint.request(RemoteEndpoint.java:161)
	at org.eclipse.lsp4j.jsonrpc.services.EndpointProxy.invoke(EndpointProxy.java:91)
	at jdk.proxy12/jdk.proxy12.$Proxy36.shutdown(Unknown Source)
	at org.eclipse.lsp4e.LanguageServerWrapper.lambda$10(LanguageServerWrapper.java:441)
	... 7 more
Caused by: java.io.IOException: 파이프가 닫히는 중입니다
	at java.base/java.io.FileOutputStream.writeBytes(Native Method)
	at java.base/java.io.FileOutputStream.write(FileOutputStream.java:349)
	at java.base/java.io.BufferedOutputStream.flushBuffer(BufferedOutputStream.java:81)
	at java.base/java.io.BufferedOutputStream.flush(BufferedOutputStream.java:142)
	at org.eclipse.lsp4j.jsonrpc.json.StreamMessageConsumer.consume(StreamMessageConsumer.java:69)
	... 12 more

!ENTRY org.eclipse.lsp4e 4 0 2025-04-02 21:14:02.648
!MESSAGE org.eclipse.lsp4j.jsonrpc.JsonRpcException: java.io.IOException: 파이프가 닫히는 중입니다
!STACK 0
java.util.concurrent.ExecutionException: org.eclipse.lsp4j.jsonrpc.JsonRpcException: java.io.IOException: 파이프가 닫히는 중입니다
	at java.base/java.util.concurrent.CompletableFuture.reportGet(CompletableFuture.java:396)
	at java.base/java.util.concurrent.CompletableFuture.get(CompletableFuture.java:2096)
	at org.eclipse.lsp4e.LanguageServerWrapper.lambda$10(LanguageServerWrapper.java:443)
	at java.base/java.util.concurrent.CompletableFuture$AsyncRun.run(CompletableFuture.java:1804)
	at java.base/java.util.concurrent.CompletableFuture$AsyncRun.exec(CompletableFuture.java:1796)
	at java.base/java.util.concurrent.ForkJoinTask.doExec(ForkJoinTask.java:373)
	at java.base/java.util.concurrent.ForkJoinPool$WorkQueue.topLevelExec(ForkJoinPool.java:1182)
	at java.base/java.util.concurrent.ForkJoinPool.scan(ForkJoinPool.java:1655)
	at java.base/java.util.concurrent.ForkJoinPool.runWorker(ForkJoinPool.java:1622)
	at java.base/java.util.concurrent.ForkJoinWorkerThread.run(ForkJoinWorkerThread.java:165)
Caused by: org.eclipse.lsp4j.jsonrpc.JsonRpcException: java.io.IOException: 파이프가 닫히는 중입니다
	at org.eclipse.lsp4j.jsonrpc.json.StreamMessageConsumer.consume(StreamMessageConsumer.java:72)
	at org.eclipse.lsp4e.LanguageServerWrapper.lambda$3(LanguageServerWrapper.java:279)
	at org.eclipse.lsp4j.jsonrpc.RemoteEndpoint.request(RemoteEndpoint.java:161)
	at org.eclipse.lsp4j.jsonrpc.services.EndpointProxy.invoke(EndpointProxy.java:91)
	at jdk.proxy12/jdk.proxy12.$Proxy36.shutdown(Unknown Source)
	at org.eclipse.lsp4e.LanguageServerWrapper.lambda$10(LanguageServerWrapper.java:441)
	... 7 more
Caused by: java.io.IOException: 파이프가 닫히는 중입니다
	at java.base/java.io.FileOutputStream.writeBytes(Native Method)
	at java.base/java.io.FileOutputStream.write(FileOutputStream.java:349)
	at java.base/java.io.BufferedOutputStream.flushBuffer(BufferedOutputStream.java:81)
	at java.base/java.io.BufferedOutputStream.flush(BufferedOutputStream.java:142)
	at org.eclipse.lsp4j.jsonrpc.json.StreamMessageConsumer.consume(StreamMessageConsumer.java:69)
	... 12 more

!ENTRY org.eclipse.lsp4e 4 0 2025-04-02 21:14:03.586
!MESSAGE java.util.concurrent.CancellationException
!STACK 0
java.util.concurrent.ExecutionException: java.util.concurrent.CancellationException
	at java.base/java.util.concurrent.CompletableFuture.reportGet(CompletableFuture.java:396)
	at java.base/java.util.concurrent.CompletableFuture.get(CompletableFuture.java:2073)
	at org.eclipse.lsp4e.operations.completion.LSContentAssistProcessor.computeCompletionProposals(LSContentAssistProcessor.java:111)
	at org.eclipse.lsp4e.jdt.LSJavaCompletionProposalComputer.lambda$0(LSJavaCompletionProposalComputer.java:47)
	at java.base/java.util.concurrent.CompletableFuture$AsyncSupply.run(CompletableFuture.java:1768)
	at java.base/java.util.concurrent.CompletableFuture$AsyncSupply.exec(CompletableFuture.java:1760)
	at java.base/java.util.concurrent.ForkJoinTask.doExec(ForkJoinTask.java:373)
	at java.base/java.util.concurrent.ForkJoinPool$WorkQueue.helpAsyncBlocker(ForkJoinPool.java:1253)
	at java.base/java.util.concurrent.ForkJoinPool.helpAsyncBlocker(ForkJoinPool.java:2237)
	at java.base/java.util.concurrent.CompletableFuture.timedGet(CompletableFuture.java:1933)
	at java.base/java.util.concurrent.CompletableFuture.get(CompletableFuture.java:2095)
	at org.eclipse.lsp4e.jdt.LSJavaCompletionProposalComputer.asJavaProposals(LSJavaCompletionProposalComputer.java:78)
	at org.eclipse.lsp4e.jdt.LSJavaCompletionProposalComputer.computeCompletionProposals(LSJavaCompletionProposalComputer.java:50)
	at org.eclipse.jdt.internal.ui.text.java.CompletionProposalComputerDescriptor.computeCompletionProposals(CompletionProposalComputerDescriptor.java:348)
	at org.eclipse.jdt.internal.ui.text.java.CompletionProposalCategory.computeCompletionProposals(CompletionProposalCategory.java:340)
	at org.eclipse.jdt.internal.ui.text.java.ContentAssistProcessor.collectProposals(ContentAssistProcessor.java:333)
	at org.eclipse.jdt.internal.ui.text.java.ContentAssistProcessor.computeCompletionProposals(ContentAssistProcessor.java:289)
	at org.eclipse.jface.text.contentassist.AsyncCompletionProposalPopup.lambda$10(AsyncCompletionProposalPopup.java:378)
	at org.eclipse.core.runtime.SafeRunner.run(SafeRunner.java:45)
	at org.eclipse.jface.text.contentassist.AsyncCompletionProposalPopup.lambda$9(AsyncCompletionProposalPopup.java:377)
	at java.base/java.util.concurrent.CompletableFuture$AsyncSupply.run(CompletableFuture.java:1768)
	at java.base/java.util.concurrent.CompletableFuture$AsyncSupply.exec(CompletableFuture.java:1760)
	at java.base/java.util.concurrent.ForkJoinTask.doExec(ForkJoinTask.java:373)
	at java.base/java.util.concurrent.ForkJoinPool$WorkQueue.topLevelExec(ForkJoinPool.java:1182)
	at java.base/java.util.concurrent.ForkJoinPool.scan(ForkJoinPool.java:1655)
	at java.base/java.util.concurrent.ForkJoinPool.runWorker(ForkJoinPool.java:1622)
	at java.base/java.util.concurrent.ForkJoinWorkerThread.run(ForkJoinWorkerThread.java:165)
Caused by: java.util.concurrent.CancellationException
	at java.base/java.util.concurrent.CompletableFuture.cancel(CompletableFuture.java:2478)
	at org.eclipse.lsp4e.LanguageServerWrapper.stop(LanguageServerWrapper.java:427)
	at org.eclipse.lsp4e.LanguageServerWrapper.start(LanguageServerWrapper.java:248)
	at org.eclipse.lsp4e.LanguageServerWrapper.getInitializedServer(LanguageServerWrapper.java:696)
	at org.eclipse.lsp4e.LanguageServers$LanguageServerDocumentExecutor.filter(LanguageServers.java:263)
	at java.base/java.util.stream.ReferencePipeline$3$1.accept(ReferencePipeline.java:197)
	at java.base/java.util.Iterator.forEachRemaining(Iterator.java:133)
	at java.base/java.util.Spliterators$IteratorSpliterator.forEachRemaining(Spliterators.java:1845)
	at java.base/java.util.stream.AbstractPipeline.copyInto(AbstractPipeline.java:509)
	at java.base/java.util.stream.AbstractPipeline.wrapAndCopyInto(AbstractPipeline.java:499)
	at java.base/java.util.stream.AbstractPipeline.evaluate(AbstractPipeline.java:575)
	at java.base/java.util.stream.AbstractPipeline.evaluateToArrayNode(AbstractPipeline.java:260)
	at java.base/java.util.stream.ReferencePipeline.toArray(ReferencePipeline.java:616)
	at java.base/java.util.stream.ReferencePipeline.toArray(ReferencePipeline.java:622)
	at java.base/java.util.stream.ReferencePipeline.toList(ReferencePipeline.java:627)
	at org.eclipse.lsp4e.LanguageServers$LanguageServerDocumentExecutor.getServers(LanguageServers.java:273)
	at org.eclipse.lsp4e.LanguageServers.executeOnServers(LanguageServers.java:403)
	at org.eclipse.lsp4e.LanguageServers.collectAll(LanguageServers.java:76)
	at org.eclipse.lsp4e.operations.codelens.CodeLensProvider.provideCodeMinings(CodeLensProvider.java:40)
	at org.eclipse.lsp4e.operations.codelens.CodeLensProvider.provideCodeMinings(CodeLensProvider.java:67)
	at org.eclipse.jface.internal.text.codemining.CodeMiningManager.lambda$2(CodeMiningManager.java:189)
	at java.base/java.util.stream.ReferencePipeline$3$1.accept(ReferencePipeline.java:197)
	at java.base/java.util.Spliterators$ArraySpliterator.forEachRemaining(Spliterators.java:992)
	at java.base/java.util.stream.AbstractPipeline.copyInto(AbstractPipeline.java:509)
	at java.base/java.util.stream.AbstractPipeline.wrapAndCopyInto(AbstractPipeline.java:499)
	at java.base/java.util.stream.ReduceOps$ReduceOp.evaluateSequential(ReduceOps.java:921)
	at java.base/java.util.stream.AbstractPipeline.evaluate(AbstractPipeline.java:234)
	at java.base/java.util.stream.ReferencePipeline.collect(ReferencePipeline.java:682)
	at org.eclipse.jface.internal.text.codemining.CodeMiningManager.getCodeMinings(CodeMiningManager.java:195)
	at org.eclipse.jface.internal.text.codemining.CodeMiningManager.updateCodeMinings(CodeMiningManager.java:140)
	at org.eclipse.jface.internal.text.codemining.CodeMiningManager.run(CodeMiningManager.java:129)
	at org.eclipse.jface.text.source.SourceViewer.updateCodeMinings(SourceViewer.java:1333)
	at org.eclipse.jdt.internal.ui.javaeditor.JavaCodeMiningReconciler.reconciled(JavaCodeMiningReconciler.java:51)
	at org.eclipse.jdt.internal.ui.javaeditor.CompilationUnitEditor.reconciled(CompilationUnitEditor.java:1681)
	at org.eclipse.jdt.internal.ui.text.java.JavaReconcilingStrategy.reconciled(JavaReconcilingStrategy.java:228)
	at org.eclipse.jdt.internal.ui.text.JavaCompositeReconcilingStrategy.reconciled(JavaCompositeReconcilingStrategy.java:171)
	at org.eclipse.jdt.internal.ui.text.JavaCompositeReconcilingStrategy.reconcile(JavaCompositeReconcilingStrategy.java:115)
	at org.eclipse.jface.text.reconciler.MonoReconciler.process(MonoReconciler.java:78)
	at org.eclipse.jface.text.reconciler.AbstractReconciler$BackgroundThread.run(AbstractReconciler.java:207)

!ENTRY org.eclipse.lsp4e 4 0 2025-04-02 21:14:03.587
!MESSAGE org.eclipse.lsp4j.jsonrpc.JsonRpcException: java.io.IOException: 파이프가 닫히는 중입니다
!STACK 0
java.util.concurrent.ExecutionException: org.eclipse.lsp4j.jsonrpc.JsonRpcException: java.io.IOException: 파이프가 닫히는 중입니다
	at java.base/java.util.concurrent.CompletableFuture.reportGet(CompletableFuture.java:396)
	at java.base/java.util.concurrent.CompletableFuture.get(CompletableFuture.java:2096)
	at org.eclipse.lsp4e.LanguageServerWrapper.lambda$10(LanguageServerWrapper.java:443)
	at java.base/java.util.concurrent.CompletableFuture$AsyncRun.run(CompletableFuture.java:1804)
	at java.base/java.util.concurrent.CompletableFuture$AsyncRun.exec(CompletableFuture.java:1796)
	at java.base/java.util.concurrent.ForkJoinTask.doExec(ForkJoinTask.java:373)
	at java.base/java.util.concurrent.ForkJoinPool$WorkQueue.topLevelExec(ForkJoinPool.java:1182)
	at java.base/java.util.concurrent.ForkJoinPool.scan(ForkJoinPool.java:1655)
	at java.base/java.util.concurrent.ForkJoinPool.runWorker(ForkJoinPool.java:1622)
	at java.base/java.util.concurrent.ForkJoinWorkerThread.run(ForkJoinWorkerThread.java:165)
Caused by: org.eclipse.lsp4j.jsonrpc.JsonRpcException: java.io.IOException: 파이프가 닫히는 중입니다
	at org.eclipse.lsp4j.jsonrpc.json.StreamMessageConsumer.consume(StreamMessageConsumer.java:72)
	at org.eclipse.lsp4e.LanguageServerWrapper.lambda$3(LanguageServerWrapper.java:279)
	at org.eclipse.lsp4j.jsonrpc.RemoteEndpoint.request(RemoteEndpoint.java:161)
	at org.eclipse.lsp4j.jsonrpc.services.EndpointProxy.invoke(EndpointProxy.java:91)
	at jdk.proxy12/jdk.proxy12.$Proxy36.shutdown(Unknown Source)
	at org.eclipse.lsp4e.LanguageServerWrapper.lambda$10(LanguageServerWrapper.java:441)
	... 7 more
Caused by: java.io.IOException: 파이프가 닫히는 중입니다
	at java.base/java.io.FileOutputStream.writeBytes(Native Method)
	at java.base/java.io.FileOutputStream.write(FileOutputStream.java:349)
	at java.base/java.io.BufferedOutputStream.flushBuffer(BufferedOutputStream.java:81)
	at java.base/java.io.BufferedOutputStream.flush(BufferedOutputStream.java:142)
	at org.eclipse.lsp4j.jsonrpc.json.StreamMessageConsumer.consume(StreamMessageConsumer.java:69)
	... 12 more

!ENTRY org.eclipse.lsp4e 4 0 2025-04-02 21:14:04.738
!MESSAGE org.eclipse.lsp4j.jsonrpc.JsonRpcException: java.io.IOException: 파이프가 닫히는 중입니다
!STACK 0
java.util.concurrent.ExecutionException: org.eclipse.lsp4j.jsonrpc.JsonRpcException: java.io.IOException: 파이프가 닫히는 중입니다
	at java.base/java.util.concurrent.CompletableFuture.reportGet(CompletableFuture.java:396)
	at java.base/java.util.concurrent.CompletableFuture.get(CompletableFuture.java:2096)
	at org.eclipse.lsp4e.LanguageServerWrapper.lambda$10(LanguageServerWrapper.java:443)
	at java.base/java.util.concurrent.CompletableFuture$AsyncRun.run(CompletableFuture.java:1804)
	at java.base/java.util.concurrent.CompletableFuture$AsyncRun.exec(CompletableFuture.java:1796)
	at java.base/java.util.concurrent.ForkJoinTask.doExec(ForkJoinTask.java:373)
	at java.base/java.util.concurrent.ForkJoinPool$WorkQueue.topLevelExec(ForkJoinPool.java:1182)
	at java.base/java.util.concurrent.ForkJoinPool.scan(ForkJoinPool.java:1655)
	at java.base/java.util.concurrent.ForkJoinPool.runWorker(ForkJoinPool.java:1622)
	at java.base/java.util.concurrent.ForkJoinWorkerThread.run(ForkJoinWorkerThread.java:165)
Caused by: org.eclipse.lsp4j.jsonrpc.JsonRpcException: java.io.IOException: 파이프가 닫히는 중입니다
	at org.eclipse.lsp4j.jsonrpc.json.StreamMessageConsumer.consume(StreamMessageConsumer.java:72)
	at org.eclipse.lsp4e.LanguageServerWrapper.lambda$3(LanguageServerWrapper.java:279)
	at org.eclipse.lsp4j.jsonrpc.RemoteEndpoint.request(RemoteEndpoint.java:161)
	at org.eclipse.lsp4j.jsonrpc.services.EndpointProxy.invoke(EndpointProxy.java:91)
	at jdk.proxy12/jdk.proxy12.$Proxy36.shutdown(Unknown Source)
	at org.eclipse.lsp4e.LanguageServerWrapper.lambda$10(LanguageServerWrapper.java:441)
	... 7 more
Caused by: java.io.IOException: 파이프가 닫히는 중입니다
	at java.base/java.io.FileOutputStream.writeBytes(Native Method)
	at java.base/java.io.FileOutputStream.write(FileOutputStream.java:349)
	at java.base/java.io.BufferedOutputStream.flushBuffer(BufferedOutputStream.java:81)
	at java.base/java.io.BufferedOutputStream.flush(BufferedOutputStream.java:142)
	at org.eclipse.lsp4j.jsonrpc.json.StreamMessageConsumer.consume(StreamMessageConsumer.java:69)
	... 12 more

!ENTRY org.eclipse.lsp4e 4 0 2025-04-02 21:14:17.829
!MESSAGE org.eclipse.lsp4j.jsonrpc.JsonRpcException: java.io.IOException: 파이프가 닫히는 중입니다
!STACK 0
java.util.concurrent.ExecutionException: org.eclipse.lsp4j.jsonrpc.JsonRpcException: java.io.IOException: 파이프가 닫히는 중입니다
	at java.base/java.util.concurrent.CompletableFuture.reportGet(CompletableFuture.java:396)
	at java.base/java.util.concurrent.CompletableFuture.get(CompletableFuture.java:2096)
	at org.eclipse.lsp4e.LanguageServerWrapper.lambda$10(LanguageServerWrapper.java:443)
	at java.base/java.util.concurrent.CompletableFuture$AsyncRun.run(CompletableFuture.java:1804)
	at java.base/java.util.concurrent.CompletableFuture$AsyncRun.exec(CompletableFuture.java:1796)
	at java.base/java.util.concurrent.ForkJoinTask.doExec(ForkJoinTask.java:373)
	at java.base/java.util.concurrent.ForkJoinPool$WorkQueue.topLevelExec(ForkJoinPool.java:1182)
	at java.base/java.util.concurrent.ForkJoinPool.scan(ForkJoinPool.java:1655)
	at java.base/java.util.concurrent.ForkJoinPool.runWorker(ForkJoinPool.java:1622)
	at java.base/java.util.concurrent.ForkJoinWorkerThread.run(ForkJoinWorkerThread.java:165)
Caused by: org.eclipse.lsp4j.jsonrpc.JsonRpcException: java.io.IOException: 파이프가 닫히는 중입니다
	at org.eclipse.lsp4j.jsonrpc.json.StreamMessageConsumer.consume(StreamMessageConsumer.java:72)
	at org.eclipse.lsp4e.LanguageServerWrapper.lambda$3(LanguageServerWrapper.java:279)
	at org.eclipse.lsp4j.jsonrpc.RemoteEndpoint.request(RemoteEndpoint.java:161)
	at org.eclipse.lsp4j.jsonrpc.services.EndpointProxy.invoke(EndpointProxy.java:91)
	at jdk.proxy12/jdk.proxy12.$Proxy36.shutdown(Unknown Source)
	at org.eclipse.lsp4e.LanguageServerWrapper.lambda$10(LanguageServerWrapper.java:441)
	... 7 more
Caused by: java.io.IOException: 파이프가 닫히는 중입니다
	at java.base/java.io.FileOutputStream.writeBytes(Native Method)
	at java.base/java.io.FileOutputStream.write(FileOutputStream.java:349)
	at java.base/java.io.BufferedOutputStream.flushBuffer(BufferedOutputStream.java:81)
	at java.base/java.io.BufferedOutputStream.flush(BufferedOutputStream.java:142)
	at org.eclipse.lsp4j.jsonrpc.json.StreamMessageConsumer.consume(StreamMessageConsumer.java:69)
	... 12 more

!ENTRY org.eclipse.lsp4e 4 0 2025-04-02 21:14:20.748
!MESSAGE org.eclipse.lsp4j.jsonrpc.JsonRpcException: java.io.IOException: 파이프가 닫히는 중입니다
!STACK 0
java.util.concurrent.ExecutionException: org.eclipse.lsp4j.jsonrpc.JsonRpcException: java.io.IOException: 파이프가 닫히는 중입니다
	at java.base/java.util.concurrent.CompletableFuture.reportGet(CompletableFuture.java:396)
	at java.base/java.util.concurrent.CompletableFuture.get(CompletableFuture.java:2096)
	at org.eclipse.lsp4e.LanguageServerWrapper.lambda$10(LanguageServerWrapper.java:443)
	at java.base/java.util.concurrent.CompletableFuture$AsyncRun.run(CompletableFuture.java:1804)
	at java.base/java.util.concurrent.CompletableFuture$AsyncRun.exec(CompletableFuture.java:1796)
	at java.base/java.util.concurrent.ForkJoinTask.doExec(ForkJoinTask.java:373)
	at java.base/java.util.concurrent.ForkJoinPool$WorkQueue.topLevelExec(ForkJoinPool.java:1182)
	at java.base/java.util.concurrent.ForkJoinPool.scan(ForkJoinPool.java:1655)
	at java.base/java.util.concurrent.ForkJoinPool.runWorker(ForkJoinPool.java:1622)
	at java.base/java.util.concurrent.ForkJoinWorkerThread.run(ForkJoinWorkerThread.java:165)
Caused by: org.eclipse.lsp4j.jsonrpc.JsonRpcException: java.io.IOException: 파이프가 닫히는 중입니다
	at org.eclipse.lsp4j.jsonrpc.json.StreamMessageConsumer.consume(StreamMessageConsumer.java:72)
	at org.eclipse.lsp4e.LanguageServerWrapper.lambda$3(LanguageServerWrapper.java:279)
	at org.eclipse.lsp4j.jsonrpc.RemoteEndpoint.request(RemoteEndpoint.java:161)
	at org.eclipse.lsp4j.jsonrpc.services.EndpointProxy.invoke(EndpointProxy.java:91)
	at jdk.proxy12/jdk.proxy12.$Proxy36.shutdown(Unknown Source)
	at org.eclipse.lsp4e.LanguageServerWrapper.lambda$10(LanguageServerWrapper.java:441)
	... 7 more
Caused by: java.io.IOException: 파이프가 닫히는 중입니다
	at java.base/java.io.FileOutputStream.writeBytes(Native Method)
	at java.base/java.io.FileOutputStream.write(FileOutputStream.java:349)
	at java.base/java.io.BufferedOutputStream.flushBuffer(BufferedOutputStream.java:81)
	at java.base/java.io.BufferedOutputStream.flush(BufferedOutputStream.java:142)
	at org.eclipse.lsp4j.jsonrpc.json.StreamMessageConsumer.consume(StreamMessageConsumer.java:69)
	... 12 more

!ENTRY org.eclipse.lsp4e 4 0 2025-04-02 21:14:40.558
!MESSAGE org.eclipse.lsp4j.jsonrpc.JsonRpcException: java.io.IOException: 파이프가 닫히는 중입니다
!STACK 0
java.util.concurrent.ExecutionException: org.eclipse.lsp4j.jsonrpc.JsonRpcException: java.io.IOException: 파이프가 닫히는 중입니다
	at java.base/java.util.concurrent.CompletableFuture.reportGet(CompletableFuture.java:396)
	at java.base/java.util.concurrent.CompletableFuture.get(CompletableFuture.java:2096)
	at org.eclipse.lsp4e.LanguageServerWrapper.lambda$10(LanguageServerWrapper.java:443)
	at java.base/java.util.concurrent.CompletableFuture$AsyncRun.run(CompletableFuture.java:1804)
	at java.base/java.util.concurrent.CompletableFuture$AsyncRun.exec(CompletableFuture.java:1796)
	at java.base/java.util.concurrent.ForkJoinTask.doExec(ForkJoinTask.java:373)
	at java.base/java.util.concurrent.ForkJoinPool$WorkQueue.topLevelExec(ForkJoinPool.java:1182)
	at java.base/java.util.concurrent.ForkJoinPool.scan(ForkJoinPool.java:1655)
	at java.base/java.util.concurrent.ForkJoinPool.runWorker(ForkJoinPool.java:1622)
	at java.base/java.util.concurrent.ForkJoinWorkerThread.run(ForkJoinWorkerThread.java:165)
Caused by: org.eclipse.lsp4j.jsonrpc.JsonRpcException: java.io.IOException: 파이프가 닫히는 중입니다
	at org.eclipse.lsp4j.jsonrpc.json.StreamMessageConsumer.consume(StreamMessageConsumer.java:72)
	at org.eclipse.lsp4e.LanguageServerWrapper.lambda$3(LanguageServerWrapper.java:279)
	at org.eclipse.lsp4j.jsonrpc.RemoteEndpoint.request(RemoteEndpoint.java:161)
	at org.eclipse.lsp4j.jsonrpc.services.EndpointProxy.invoke(EndpointProxy.java:91)
	at jdk.proxy12/jdk.proxy12.$Proxy36.shutdown(Unknown Source)
	at org.eclipse.lsp4e.LanguageServerWrapper.lambda$10(LanguageServerWrapper.java:441)
	... 7 more
Caused by: java.io.IOException: 파이프가 닫히는 중입니다
	at java.base/java.io.FileOutputStream.writeBytes(Native Method)
	at java.base/java.io.FileOutputStream.write(FileOutputStream.java:349)
	at java.base/java.io.BufferedOutputStream.flushBuffer(BufferedOutputStream.java:81)
	at java.base/java.io.BufferedOutputStream.flush(BufferedOutputStream.java:142)
	at org.eclipse.lsp4j.jsonrpc.json.StreamMessageConsumer.consume(StreamMessageConsumer.java:69)
	... 12 more

!ENTRY org.eclipse.lsp4e 2 0 2025-04-02 21:14:41.360
!MESSAGE Could not detect hyperlinks due to timeout after 800 miliseconds
!STACK 0
java.util.concurrent.TimeoutException
	at java.base/java.util.concurrent.CompletableFuture.timedGet(CompletableFuture.java:1960)
	at java.base/java.util.concurrent.CompletableFuture.get(CompletableFuture.java:2095)
	at org.eclipse.lsp4e.operations.declaration.OpenDeclarationHyperlinkDetector.detectHyperlinks(OpenDeclarationHyperlinkDetector.java:68)
	at org.eclipse.ui.texteditor.HyperlinkDetectorRegistry$HyperlinkDetectorDelegate.detectHyperlinks(HyperlinkDetectorRegistry.java:81)
	at org.eclipse.jface.text.hyperlink.HyperlinkManager.findHyperlinks(HyperlinkManager.java:289)
	at org.eclipse.jface.text.hyperlink.HyperlinkManager.findHyperlinks(HyperlinkManager.java:262)
	at org.eclipse.jface.text.hyperlink.HyperlinkManager.mouseMove(HyperlinkManager.java:457)
	at org.eclipse.swt.widgets.TypedListener.handleEvent(TypedListener.java:216)
	at org.eclipse.swt.widgets.EventTable.sendEvent(EventTable.java:89)
	at org.eclipse.swt.widgets.Display.sendEvent(Display.java:4256)
	at org.eclipse.swt.widgets.Widget.sendEvent(Widget.java:1066)
	at org.eclipse.swt.widgets.Display.runDeferredEvents(Display.java:4054)
	at org.eclipse.swt.widgets.Display.readAndDispatch(Display.java:3642)
	at org.eclipse.e4.ui.internal.workbench.swt.PartRenderingEngine$5.run(PartRenderingEngine.java:1155)
	at org.eclipse.core.databinding.observable.Realm.runWithDefault(Realm.java:338)
	at org.eclipse.e4.ui.internal.workbench.swt.PartRenderingEngine.run(PartRenderingEngine.java:1046)
	at org.eclipse.e4.ui.internal.workbench.E4Workbench.createAndRunUI(E4Workbench.java:155)
	at org.eclipse.ui.internal.Workbench.lambda$3(Workbench.java:643)
	at org.eclipse.core.databinding.observable.Realm.runWithDefault(Realm.java:338)
	at org.eclipse.ui.internal.Workbench.createAndRunWorkbench(Workbench.java:550)
	at org.eclipse.ui.PlatformUI.createAndRunWorkbench(PlatformUI.java:171)
	at org.eclipse.ui.internal.ide.application.IDEApplication.start(IDEApplication.java:152)
	at org.eclipse.equinox.internal.app.EclipseAppHandle.run(EclipseAppHandle.java:203)
	at org.eclipse.core.runtime.internal.adaptor.EclipseAppLauncher.runApplication(EclipseAppLauncher.java:136)
	at org.eclipse.core.runtime.internal.adaptor.EclipseAppLauncher.start(EclipseAppLauncher.java:104)
	at org.eclipse.core.runtime.adaptor.EclipseStarter.run(EclipseStarter.java:402)
	at org.eclipse.core.runtime.adaptor.EclipseStarter.run(EclipseStarter.java:255)
	at java.base/jdk.internal.reflect.NativeMethodAccessorImpl.invoke0(Native Method)
	at java.base/jdk.internal.reflect.NativeMethodAccessorImpl.invoke(NativeMethodAccessorImpl.java:77)
	at java.base/jdk.internal.reflect.DelegatingMethodAccessorImpl.invoke(DelegatingMethodAccessorImpl.java:43)
	at java.base/java.lang.reflect.Method.invoke(Method.java:568)
	at org.eclipse.equinox.launcher.Main.invokeFramework(Main.java:659)
	at org.eclipse.equinox.launcher.Main.basicRun(Main.java:596)
	at org.eclipse.equinox.launcher.Main.run(Main.java:1467)

!ENTRY org.eclipse.lsp4e 4 0 2025-04-02 21:14:46.324
!MESSAGE org.eclipse.lsp4j.jsonrpc.JsonRpcException: java.io.IOException: 파이프가 닫히는 중입니다
!STACK 0
java.util.concurrent.ExecutionException: org.eclipse.lsp4j.jsonrpc.JsonRpcException: java.io.IOException: 파이프가 닫히는 중입니다
	at java.base/java.util.concurrent.CompletableFuture.reportGet(CompletableFuture.java:396)
	at java.base/java.util.concurrent.CompletableFuture.get(CompletableFuture.java:2096)
	at org.eclipse.lsp4e.LanguageServerWrapper.lambda$10(LanguageServerWrapper.java:443)
	at java.base/java.util.concurrent.CompletableFuture$AsyncRun.run(CompletableFuture.java:1804)
	at java.base/java.util.concurrent.CompletableFuture$AsyncRun.exec(CompletableFuture.java:1796)
	at java.base/java.util.concurrent.ForkJoinTask.doExec(ForkJoinTask.java:373)
	at java.base/java.util.concurrent.ForkJoinPool$WorkQueue.topLevelExec(ForkJoinPool.java:1182)
	at java.base/java.util.concurrent.ForkJoinPool.scan(ForkJoinPool.java:1655)
	at java.base/java.util.concurrent.ForkJoinPool.runWorker(ForkJoinPool.java:1622)
	at java.base/java.util.concurrent.ForkJoinWorkerThread.run(ForkJoinWorkerThread.java:165)
Caused by: org.eclipse.lsp4j.jsonrpc.JsonRpcException: java.io.IOException: 파이프가 닫히는 중입니다
	at org.eclipse.lsp4j.jsonrpc.json.StreamMessageConsumer.consume(StreamMessageConsumer.java:72)
	at org.eclipse.lsp4e.LanguageServerWrapper.lambda$3(LanguageServerWrapper.java:279)
	at org.eclipse.lsp4j.jsonrpc.RemoteEndpoint.request(RemoteEndpoint.java:161)
	at org.eclipse.lsp4j.jsonrpc.services.EndpointProxy.invoke(EndpointProxy.java:91)
	at jdk.proxy12/jdk.proxy12.$Proxy36.shutdown(Unknown Source)
	at org.eclipse.lsp4e.LanguageServerWrapper.lambda$10(LanguageServerWrapper.java:441)
	... 7 more
Caused by: java.io.IOException: 파이프가 닫히는 중입니다
	at java.base/java.io.FileOutputStream.writeBytes(Native Method)
	at java.base/java.io.FileOutputStream.write(FileOutputStream.java:349)
	at java.base/java.io.BufferedOutputStream.flushBuffer(BufferedOutputStream.java:81)
	at java.base/java.io.BufferedOutputStream.flush(BufferedOutputStream.java:142)
	at org.eclipse.lsp4j.jsonrpc.json.StreamMessageConsumer.consume(StreamMessageConsumer.java:69)
	... 12 more

!ENTRY org.eclipse.lsp4e 4 0 2025-04-02 21:14:55.545
!MESSAGE org.eclipse.lsp4j.jsonrpc.JsonRpcException: java.io.IOException: 파이프가 닫히는 중입니다
!STACK 0
java.util.concurrent.ExecutionException: org.eclipse.lsp4j.jsonrpc.JsonRpcException: java.io.IOException: 파이프가 닫히는 중입니다
	at java.base/java.util.concurrent.CompletableFuture.reportGet(CompletableFuture.java:396)
	at java.base/java.util.concurrent.CompletableFuture.get(CompletableFuture.java:2096)
	at org.eclipse.lsp4e.LanguageServerWrapper.lambda$10(LanguageServerWrapper.java:443)
	at java.base/java.util.concurrent.CompletableFuture$AsyncRun.run(CompletableFuture.java:1804)
	at java.base/java.util.concurrent.CompletableFuture$AsyncRun.exec(CompletableFuture.java:1796)
	at java.base/java.util.concurrent.ForkJoinTask.doExec(ForkJoinTask.java:373)
	at java.base/java.util.concurrent.ForkJoinPool$WorkQueue.topLevelExec(ForkJoinPool.java:1182)
	at java.base/java.util.concurrent.ForkJoinPool.scan(ForkJoinPool.java:1655)
	at java.base/java.util.concurrent.ForkJoinPool.runWorker(ForkJoinPool.java:1622)
	at java.base/java.util.concurrent.ForkJoinWorkerThread.run(ForkJoinWorkerThread.java:165)
Caused by: org.eclipse.lsp4j.jsonrpc.JsonRpcException: java.io.IOException: 파이프가 닫히는 중입니다
	at org.eclipse.lsp4j.jsonrpc.json.StreamMessageConsumer.consume(StreamMessageConsumer.java:72)
	at org.eclipse.lsp4e.LanguageServerWrapper.lambda$3(LanguageServerWrapper.java:279)
	at org.eclipse.lsp4j.jsonrpc.RemoteEndpoint.request(RemoteEndpoint.java:161)
	at org.eclipse.lsp4j.jsonrpc.services.EndpointProxy.invoke(EndpointProxy.java:91)
	at jdk.proxy12/jdk.proxy12.$Proxy36.shutdown(Unknown Source)
	at org.eclipse.lsp4e.LanguageServerWrapper.lambda$10(LanguageServerWrapper.java:441)
	... 7 more
Caused by: java.io.IOException: 파이프가 닫히는 중입니다
	at java.base/java.io.FileOutputStream.writeBytes(Native Method)
	at java.base/java.io.FileOutputStream.write(FileOutputStream.java:349)
	at java.base/java.io.BufferedOutputStream.flushBuffer(BufferedOutputStream.java:81)
	at java.base/java.io.BufferedOutputStream.flush(BufferedOutputStream.java:142)
	at org.eclipse.lsp4j.jsonrpc.json.StreamMessageConsumer.consume(StreamMessageConsumer.java:69)
	... 12 more

!ENTRY org.eclipse.lsp4e 4 0 2025-04-02 21:15:01.155
!MESSAGE org.eclipse.lsp4j.jsonrpc.JsonRpcException: java.io.IOException: 파이프가 닫히는 중입니다
!STACK 0
java.util.concurrent.ExecutionException: org.eclipse.lsp4j.jsonrpc.JsonRpcException: java.io.IOException: 파이프가 닫히는 중입니다
	at java.base/java.util.concurrent.CompletableFuture.reportGet(CompletableFuture.java:396)
	at java.base/java.util.concurrent.CompletableFuture.get(CompletableFuture.java:2096)
	at org.eclipse.lsp4e.LanguageServerWrapper.lambda$10(LanguageServerWrapper.java:443)
	at java.base/java.util.concurrent.CompletableFuture$AsyncRun.run(CompletableFuture.java:1804)
	at java.base/java.util.concurrent.CompletableFuture$AsyncRun.exec(CompletableFuture.java:1796)
	at java.base/java.util.concurrent.ForkJoinTask.doExec(ForkJoinTask.java:373)
	at java.base/java.util.concurrent.ForkJoinPool$WorkQueue.topLevelExec(ForkJoinPool.java:1182)
	at java.base/java.util.concurrent.ForkJoinPool.scan(ForkJoinPool.java:1655)
	at java.base/java.util.concurrent.ForkJoinPool.runWorker(ForkJoinPool.java:1622)
	at java.base/java.util.concurrent.ForkJoinWorkerThread.run(ForkJoinWorkerThread.java:165)
Caused by: org.eclipse.lsp4j.jsonrpc.JsonRpcException: java.io.IOException: 파이프가 닫히는 중입니다
	at org.eclipse.lsp4j.jsonrpc.json.StreamMessageConsumer.consume(StreamMessageConsumer.java:72)
	at org.eclipse.lsp4e.LanguageServerWrapper.lambda$3(LanguageServerWrapper.java:279)
	at org.eclipse.lsp4j.jsonrpc.RemoteEndpoint.request(RemoteEndpoint.java:161)
	at org.eclipse.lsp4j.jsonrpc.services.EndpointProxy.invoke(EndpointProxy.java:91)
	at jdk.proxy12/jdk.proxy12.$Proxy36.shutdown(Unknown Source)
	at org.eclipse.lsp4e.LanguageServerWrapper.lambda$10(LanguageServerWrapper.java:441)
	... 7 more
Caused by: java.io.IOException: 파이프가 닫히는 중입니다
	at java.base/java.io.FileOutputStream.writeBytes(Native Method)
	at java.base/java.io.FileOutputStream.write(FileOutputStream.java:349)
	at java.base/java.io.BufferedOutputStream.flushBuffer(BufferedOutputStream.java:81)
	at java.base/java.io.BufferedOutputStream.flush(BufferedOutputStream.java:142)
	at org.eclipse.lsp4j.jsonrpc.json.StreamMessageConsumer.consume(StreamMessageConsumer.java:69)
	... 12 more

!ENTRY org.eclipse.lsp4e 4 0 2025-04-02 21:15:05.250
!MESSAGE org.eclipse.lsp4j.jsonrpc.JsonRpcException: java.io.IOException: 파이프가 닫히는 중입니다
!STACK 0
java.util.concurrent.ExecutionException: org.eclipse.lsp4j.jsonrpc.JsonRpcException: java.io.IOException: 파이프가 닫히는 중입니다
	at java.base/java.util.concurrent.CompletableFuture.reportGet(CompletableFuture.java:396)
	at java.base/java.util.concurrent.CompletableFuture.get(CompletableFuture.java:2096)
	at org.eclipse.lsp4e.LanguageServerWrapper.lambda$10(LanguageServerWrapper.java:443)
	at java.base/java.util.concurrent.CompletableFuture$AsyncRun.run(CompletableFuture.java:1804)
	at java.base/java.util.concurrent.CompletableFuture$AsyncRun.exec(CompletableFuture.java:1796)
	at java.base/java.util.concurrent.ForkJoinTask.doExec(ForkJoinTask.java:373)
	at java.base/java.util.concurrent.ForkJoinPool$WorkQueue.topLevelExec(ForkJoinPool.java:1182)
	at java.base/java.util.concurrent.ForkJoinPool.scan(ForkJoinPool.java:1655)
	at java.base/java.util.concurrent.ForkJoinPool.runWorker(ForkJoinPool.java:1622)
	at java.base/java.util.concurrent.ForkJoinWorkerThread.run(ForkJoinWorkerThread.java:165)
Caused by: org.eclipse.lsp4j.jsonrpc.JsonRpcException: java.io.IOException: 파이프가 닫히는 중입니다
	at org.eclipse.lsp4j.jsonrpc.json.StreamMessageConsumer.consume(StreamMessageConsumer.java:72)
	at org.eclipse.lsp4e.LanguageServerWrapper.lambda$3(LanguageServerWrapper.java:279)
	at org.eclipse.lsp4j.jsonrpc.RemoteEndpoint.request(RemoteEndpoint.java:161)
	at org.eclipse.lsp4j.jsonrpc.services.EndpointProxy.invoke(EndpointProxy.java:91)
	at jdk.proxy12/jdk.proxy12.$Proxy36.shutdown(Unknown Source)
	at org.eclipse.lsp4e.LanguageServerWrapper.lambda$10(LanguageServerWrapper.java:441)
	... 7 more
Caused by: java.io.IOException: 파이프가 닫히는 중입니다
	at java.base/java.io.FileOutputStream.writeBytes(Native Method)
	at java.base/java.io.FileOutputStream.write(FileOutputStream.java:349)
	at java.base/java.io.BufferedOutputStream.flushBuffer(BufferedOutputStream.java:81)
	at java.base/java.io.BufferedOutputStream.flush(BufferedOutputStream.java:142)
	at org.eclipse.lsp4j.jsonrpc.json.StreamMessageConsumer.consume(StreamMessageConsumer.java:69)
	... 12 more

!ENTRY org.eclipse.lsp4e 4 0 2025-04-02 21:15:09.119
!MESSAGE org.eclipse.lsp4j.jsonrpc.JsonRpcException: java.io.IOException: 파이프가 닫히는 중입니다
!STACK 0
java.util.concurrent.ExecutionException: org.eclipse.lsp4j.jsonrpc.JsonRpcException: java.io.IOException: 파이프가 닫히는 중입니다
	at java.base/java.util.concurrent.CompletableFuture.reportGet(CompletableFuture.java:396)
	at java.base/java.util.concurrent.CompletableFuture.get(CompletableFuture.java:2096)
	at org.eclipse.lsp4e.LanguageServerWrapper.lambda$10(LanguageServerWrapper.java:443)
	at java.base/java.util.concurrent.CompletableFuture$AsyncRun.run(CompletableFuture.java:1804)
	at java.base/java.util.concurrent.CompletableFuture$AsyncRun.exec(CompletableFuture.java:1796)
	at java.base/java.util.concurrent.ForkJoinTask.doExec(ForkJoinTask.java:373)
	at java.base/java.util.concurrent.ForkJoinPool$WorkQueue.topLevelExec(ForkJoinPool.java:1182)
	at java.base/java.util.concurrent.ForkJoinPool.scan(ForkJoinPool.java:1655)
	at java.base/java.util.concurrent.ForkJoinPool.runWorker(ForkJoinPool.java:1622)
	at java.base/java.util.concurrent.ForkJoinWorkerThread.run(ForkJoinWorkerThread.java:165)
Caused by: org.eclipse.lsp4j.jsonrpc.JsonRpcException: java.io.IOException: 파이프가 닫히는 중입니다
	at org.eclipse.lsp4j.jsonrpc.json.StreamMessageConsumer.consume(StreamMessageConsumer.java:72)
	at org.eclipse.lsp4e.LanguageServerWrapper.lambda$3(LanguageServerWrapper.java:279)
	at org.eclipse.lsp4j.jsonrpc.RemoteEndpoint.request(RemoteEndpoint.java:161)
	at org.eclipse.lsp4j.jsonrpc.services.EndpointProxy.invoke(EndpointProxy.java:91)
	at jdk.proxy12/jdk.proxy12.$Proxy36.shutdown(Unknown Source)
	at org.eclipse.lsp4e.LanguageServerWrapper.lambda$10(LanguageServerWrapper.java:441)
	... 7 more
Caused by: java.io.IOException: 파이프가 닫히는 중입니다
	at java.base/java.io.FileOutputStream.writeBytes(Native Method)
	at java.base/java.io.FileOutputStream.write(FileOutputStream.java:349)
	at java.base/java.io.BufferedOutputStream.flushBuffer(BufferedOutputStream.java:81)
	at java.base/java.io.BufferedOutputStream.flush(BufferedOutputStream.java:142)
	at org.eclipse.lsp4j.jsonrpc.json.StreamMessageConsumer.consume(StreamMessageConsumer.java:69)
	... 12 more

!ENTRY org.eclipse.lsp4e 4 0 2025-04-02 21:15:15.610
!MESSAGE org.eclipse.lsp4j.jsonrpc.JsonRpcException: java.io.IOException: 파이프가 닫히는 중입니다
!STACK 0
java.util.concurrent.ExecutionException: org.eclipse.lsp4j.jsonrpc.JsonRpcException: java.io.IOException: 파이프가 닫히는 중입니다
	at java.base/java.util.concurrent.CompletableFuture.reportGet(CompletableFuture.java:396)
	at java.base/java.util.concurrent.CompletableFuture.get(CompletableFuture.java:2096)
	at org.eclipse.lsp4e.LanguageServerWrapper.lambda$10(LanguageServerWrapper.java:443)
	at java.base/java.util.concurrent.CompletableFuture$AsyncRun.run(CompletableFuture.java:1804)
	at java.base/java.util.concurrent.CompletableFuture$AsyncRun.exec(CompletableFuture.java:1796)
	at java.base/java.util.concurrent.ForkJoinTask.doExec(ForkJoinTask.java:373)
	at java.base/java.util.concurrent.ForkJoinPool$WorkQueue.topLevelExec(ForkJoinPool.java:1182)
	at java.base/java.util.concurrent.ForkJoinPool.scan(ForkJoinPool.java:1655)
	at java.base/java.util.concurrent.ForkJoinPool.runWorker(ForkJoinPool.java:1622)
	at java.base/java.util.concurrent.ForkJoinWorkerThread.run(ForkJoinWorkerThread.java:165)
Caused by: org.eclipse.lsp4j.jsonrpc.JsonRpcException: java.io.IOException: 파이프가 닫히는 중입니다
	at org.eclipse.lsp4j.jsonrpc.json.StreamMessageConsumer.consume(StreamMessageConsumer.java:72)
	at org.eclipse.lsp4e.LanguageServerWrapper.lambda$3(LanguageServerWrapper.java:279)
	at org.eclipse.lsp4j.jsonrpc.RemoteEndpoint.request(RemoteEndpoint.java:161)
	at org.eclipse.lsp4j.jsonrpc.services.EndpointProxy.invoke(EndpointProxy.java:91)
	at jdk.proxy12/jdk.proxy12.$Proxy36.shutdown(Unknown Source)
	at org.eclipse.lsp4e.LanguageServerWrapper.lambda$10(LanguageServerWrapper.java:441)
	... 7 more
Caused by: java.io.IOException: 파이프가 닫히는 중입니다
	at java.base/java.io.FileOutputStream.writeBytes(Native Method)
	at java.base/java.io.FileOutputStream.write(FileOutputStream.java:349)
	at java.base/java.io.BufferedOutputStream.flushBuffer(BufferedOutputStream.java:81)
	at java.base/java.io.BufferedOutputStream.flush(BufferedOutputStream.java:142)
	at org.eclipse.lsp4j.jsonrpc.json.StreamMessageConsumer.consume(StreamMessageConsumer.java:69)
	... 12 more

!ENTRY org.eclipse.lsp4e 4 0 2025-04-02 21:15:23.052
!MESSAGE org.eclipse.lsp4j.jsonrpc.JsonRpcException: java.io.IOException: 파이프가 닫히는 중입니다
!STACK 0
java.util.concurrent.ExecutionException: org.eclipse.lsp4j.jsonrpc.JsonRpcException: java.io.IOException: 파이프가 닫히는 중입니다
	at java.base/java.util.concurrent.CompletableFuture.reportGet(CompletableFuture.java:396)
	at java.base/java.util.concurrent.CompletableFuture.get(CompletableFuture.java:2096)
	at org.eclipse.lsp4e.LanguageServerWrapper.lambda$10(LanguageServerWrapper.java:443)
	at java.base/java.util.concurrent.CompletableFuture$AsyncRun.run(CompletableFuture.java:1804)
	at java.base/java.util.concurrent.CompletableFuture$AsyncRun.exec(CompletableFuture.java:1796)
	at java.base/java.util.concurrent.ForkJoinTask.doExec(ForkJoinTask.java:373)
	at java.base/java.util.concurrent.ForkJoinPool$WorkQueue.topLevelExec(ForkJoinPool.java:1182)
	at java.base/java.util.concurrent.ForkJoinPool.scan(ForkJoinPool.java:1655)
	at java.base/java.util.concurrent.ForkJoinPool.runWorker(ForkJoinPool.java:1622)
	at java.base/java.util.concurrent.ForkJoinWorkerThread.run(ForkJoinWorkerThread.java:165)
Caused by: org.eclipse.lsp4j.jsonrpc.JsonRpcException: java.io.IOException: 파이프가 닫히는 중입니다
	at org.eclipse.lsp4j.jsonrpc.json.StreamMessageConsumer.consume(StreamMessageConsumer.java:72)
	at org.eclipse.lsp4e.LanguageServerWrapper.lambda$3(LanguageServerWrapper.java:279)
	at org.eclipse.lsp4j.jsonrpc.RemoteEndpoint.request(RemoteEndpoint.java:161)
	at org.eclipse.lsp4j.jsonrpc.services.EndpointProxy.invoke(EndpointProxy.java:91)
	at jdk.proxy12/jdk.proxy12.$Proxy36.shutdown(Unknown Source)
	at org.eclipse.lsp4e.LanguageServerWrapper.lambda$10(LanguageServerWrapper.java:441)
	... 7 more
Caused by: java.io.IOException: 파이프가 닫히는 중입니다
	at java.base/java.io.FileOutputStream.writeBytes(Native Method)
	at java.base/java.io.FileOutputStream.write(FileOutputStream.java:349)
	at java.base/java.io.BufferedOutputStream.flushBuffer(BufferedOutputStream.java:81)
	at java.base/java.io.BufferedOutputStream.flush(BufferedOutputStream.java:142)
	at org.eclipse.lsp4j.jsonrpc.json.StreamMessageConsumer.consume(StreamMessageConsumer.java:69)
	... 12 more

!ENTRY org.eclipse.lsp4e 2 0 2025-04-02 21:15:24.054
!MESSAGE Timeout waiting for data to generate LS hover
!STACK 0
java.util.concurrent.TimeoutException
	at java.base/java.util.concurrent.CompletableFuture.timedGet(CompletableFuture.java:1960)
	at java.base/java.util.concurrent.CompletableFuture.get(CompletableFuture.java:2095)
	at org.eclipse.lsp4e.jdt.LSJavaHoverProvider.getHoverInfo2(LSJavaHoverProvider.java:65)
	at org.eclipse.jdt.internal.ui.text.java.hover.BestMatchHover.getHoverInfo2(BestMatchHover.java:163)
	at org.eclipse.jdt.internal.ui.text.java.hover.BestMatchHover.getHoverInfo2(BestMatchHover.java:130)
	at org.eclipse.jdt.internal.ui.text.java.hover.JavaEditorTextHoverProxy.getHoverInfo2(JavaEditorTextHoverProxy.java:89)
	at org.eclipse.jface.text.TextViewerHoverManager$1.run(TextViewerHoverManager.java:155)

!ENTRY org.eclipse.lsp4e 4 0 2025-04-02 21:15:34.254
!MESSAGE org.eclipse.lsp4j.jsonrpc.JsonRpcException: java.io.IOException: 파이프가 닫히는 중입니다
!STACK 0
java.util.concurrent.ExecutionException: org.eclipse.lsp4j.jsonrpc.JsonRpcException: java.io.IOException: 파이프가 닫히는 중입니다
	at java.base/java.util.concurrent.CompletableFuture.reportGet(CompletableFuture.java:396)
	at java.base/java.util.concurrent.CompletableFuture.get(CompletableFuture.java:2096)
	at org.eclipse.lsp4e.LanguageServerWrapper.lambda$10(LanguageServerWrapper.java:443)
	at java.base/java.util.concurrent.CompletableFuture$AsyncRun.run(CompletableFuture.java:1804)
	at java.base/java.util.concurrent.CompletableFuture$AsyncRun.exec(CompletableFuture.java:1796)
	at java.base/java.util.concurrent.ForkJoinTask.doExec(ForkJoinTask.java:373)
	at java.base/java.util.concurrent.ForkJoinPool$WorkQueue.topLevelExec(ForkJoinPool.java:1182)
	at java.base/java.util.concurrent.ForkJoinPool.scan(ForkJoinPool.java:1655)
	at java.base/java.util.concurrent.ForkJoinPool.runWorker(ForkJoinPool.java:1622)
	at java.base/java.util.concurrent.ForkJoinWorkerThread.run(ForkJoinWorkerThread.java:165)
Caused by: org.eclipse.lsp4j.jsonrpc.JsonRpcException: java.io.IOException: 파이프가 닫히는 중입니다
	at org.eclipse.lsp4j.jsonrpc.json.StreamMessageConsumer.consume(StreamMessageConsumer.java:72)
	at org.eclipse.lsp4e.LanguageServerWrapper.lambda$3(LanguageServerWrapper.java:279)
	at org.eclipse.lsp4j.jsonrpc.RemoteEndpoint.request(RemoteEndpoint.java:161)
	at org.eclipse.lsp4j.jsonrpc.services.EndpointProxy.invoke(EndpointProxy.java:91)
	at jdk.proxy12/jdk.proxy12.$Proxy36.shutdown(Unknown Source)
	at org.eclipse.lsp4e.LanguageServerWrapper.lambda$10(LanguageServerWrapper.java:441)
	... 7 more
Caused by: java.io.IOException: 파이프가 닫히는 중입니다
	at java.base/java.io.FileOutputStream.writeBytes(Native Method)
	at java.base/java.io.FileOutputStream.write(FileOutputStream.java:349)
	at java.base/java.io.BufferedOutputStream.flushBuffer(BufferedOutputStream.java:81)
	at java.base/java.io.BufferedOutputStream.flush(BufferedOutputStream.java:142)
	at org.eclipse.lsp4j.jsonrpc.json.StreamMessageConsumer.consume(StreamMessageConsumer.java:69)
	... 12 more

!ENTRY org.eclipse.lsp4e 2 0 2025-04-02 21:15:35.255
!MESSAGE Timeout waiting for data to generate LS hover
!STACK 0
java.util.concurrent.TimeoutException
	at java.base/java.util.concurrent.CompletableFuture.timedGet(CompletableFuture.java:1960)
	at java.base/java.util.concurrent.CompletableFuture.get(CompletableFuture.java:2095)
	at org.eclipse.lsp4e.jdt.LSJavaHoverProvider.getHoverInfo2(LSJavaHoverProvider.java:65)
	at org.eclipse.jdt.internal.ui.text.java.hover.BestMatchHover.getHoverInfo2(BestMatchHover.java:163)
	at org.eclipse.jdt.internal.ui.text.java.hover.BestMatchHover.getHoverInfo2(BestMatchHover.java:130)
	at org.eclipse.jdt.internal.ui.text.java.hover.JavaEditorTextHoverProxy.getHoverInfo2(JavaEditorTextHoverProxy.java:89)
	at org.eclipse.jface.text.TextViewerHoverManager$1.run(TextViewerHoverManager.java:155)

!ENTRY org.eclipse.lsp4e 4 0 2025-04-02 21:15:39.435
!MESSAGE org.eclipse.lsp4j.jsonrpc.JsonRpcException: java.io.IOException: 파이프가 닫히는 중입니다
!STACK 0
java.util.concurrent.ExecutionException: org.eclipse.lsp4j.jsonrpc.JsonRpcException: java.io.IOException: 파이프가 닫히는 중입니다
	at java.base/java.util.concurrent.CompletableFuture.reportGet(CompletableFuture.java:396)
	at java.base/java.util.concurrent.CompletableFuture.get(CompletableFuture.java:2096)
	at org.eclipse.lsp4e.LanguageServerWrapper.lambda$10(LanguageServerWrapper.java:443)
	at java.base/java.util.concurrent.CompletableFuture$AsyncRun.run(CompletableFuture.java:1804)
	at java.base/java.util.concurrent.CompletableFuture$AsyncRun.exec(CompletableFuture.java:1796)
	at java.base/java.util.concurrent.ForkJoinTask.doExec(ForkJoinTask.java:373)
	at java.base/java.util.concurrent.ForkJoinPool$WorkQueue.topLevelExec(ForkJoinPool.java:1182)
	at java.base/java.util.concurrent.ForkJoinPool.scan(ForkJoinPool.java:1655)
	at java.base/java.util.concurrent.ForkJoinPool.runWorker(ForkJoinPool.java:1622)
	at java.base/java.util.concurrent.ForkJoinWorkerThread.run(ForkJoinWorkerThread.java:165)
Caused by: org.eclipse.lsp4j.jsonrpc.JsonRpcException: java.io.IOException: 파이프가 닫히는 중입니다
	at org.eclipse.lsp4j.jsonrpc.json.StreamMessageConsumer.consume(StreamMessageConsumer.java:72)
	at org.eclipse.lsp4e.LanguageServerWrapper.lambda$3(LanguageServerWrapper.java:279)
	at org.eclipse.lsp4j.jsonrpc.RemoteEndpoint.request(RemoteEndpoint.java:161)
	at org.eclipse.lsp4j.jsonrpc.services.EndpointProxy.invoke(EndpointProxy.java:91)
	at jdk.proxy12/jdk.proxy12.$Proxy36.shutdown(Unknown Source)
	at org.eclipse.lsp4e.LanguageServerWrapper.lambda$10(LanguageServerWrapper.java:441)
	... 7 more
Caused by: java.io.IOException: 파이프가 닫히는 중입니다
	at java.base/java.io.FileOutputStream.writeBytes(Native Method)
	at java.base/java.io.FileOutputStream.write(FileOutputStream.java:349)
	at java.base/java.io.BufferedOutputStream.flushBuffer(BufferedOutputStream.java:81)
	at java.base/java.io.BufferedOutputStream.flush(BufferedOutputStream.java:142)
	at org.eclipse.lsp4j.jsonrpc.json.StreamMessageConsumer.consume(StreamMessageConsumer.java:69)
	... 12 more

!ENTRY org.eclipse.lsp4e 4 0 2025-04-02 21:15:42.958
!MESSAGE org.eclipse.lsp4j.jsonrpc.JsonRpcException: java.io.IOException: 파이프가 닫히는 중입니다
!STACK 0
java.util.concurrent.ExecutionException: org.eclipse.lsp4j.jsonrpc.JsonRpcException: java.io.IOException: 파이프가 닫히는 중입니다
	at java.base/java.util.concurrent.CompletableFuture.reportGet(CompletableFuture.java:396)
	at java.base/java.util.concurrent.CompletableFuture.get(CompletableFuture.java:2096)
	at org.eclipse.lsp4e.LanguageServerWrapper.lambda$10(LanguageServerWrapper.java:443)
	at java.base/java.util.concurrent.CompletableFuture$AsyncRun.run(CompletableFuture.java:1804)
	at java.base/java.util.concurrent.CompletableFuture$AsyncRun.exec(CompletableFuture.java:1796)
	at java.base/java.util.concurrent.ForkJoinTask.doExec(ForkJoinTask.java:373)
	at java.base/java.util.concurrent.ForkJoinPool$WorkQueue.topLevelExec(ForkJoinPool.java:1182)
	at java.base/java.util.concurrent.ForkJoinPool.scan(ForkJoinPool.java:1655)
	at java.base/java.util.concurrent.ForkJoinPool.runWorker(ForkJoinPool.java:1622)
	at java.base/java.util.concurrent.ForkJoinWorkerThread.run(ForkJoinWorkerThread.java:165)
Caused by: org.eclipse.lsp4j.jsonrpc.JsonRpcException: java.io.IOException: 파이프가 닫히는 중입니다
	at org.eclipse.lsp4j.jsonrpc.json.StreamMessageConsumer.consume(StreamMessageConsumer.java:72)
	at org.eclipse.lsp4e.LanguageServerWrapper.lambda$3(LanguageServerWrapper.java:279)
	at org.eclipse.lsp4j.jsonrpc.RemoteEndpoint.request(RemoteEndpoint.java:161)
	at org.eclipse.lsp4j.jsonrpc.services.EndpointProxy.invoke(EndpointProxy.java:91)
	at jdk.proxy12/jdk.proxy12.$Proxy36.shutdown(Unknown Source)
	at org.eclipse.lsp4e.LanguageServerWrapper.lambda$10(LanguageServerWrapper.java:441)
	... 7 more
Caused by: java.io.IOException: 파이프가 닫히는 중입니다
	at java.base/java.io.FileOutputStream.writeBytes(Native Method)
	at java.base/java.io.FileOutputStream.write(FileOutputStream.java:349)
	at java.base/java.io.BufferedOutputStream.flushBuffer(BufferedOutputStream.java:81)
	at java.base/java.io.BufferedOutputStream.flush(BufferedOutputStream.java:142)
	at org.eclipse.lsp4j.jsonrpc.json.StreamMessageConsumer.consume(StreamMessageConsumer.java:69)
	... 12 more

!ENTRY org.eclipse.lsp4e 4 0 2025-04-02 21:15:46.611
!MESSAGE org.eclipse.lsp4j.jsonrpc.JsonRpcException: java.io.IOException: 파이프가 닫히는 중입니다
!STACK 0
java.util.concurrent.ExecutionException: org.eclipse.lsp4j.jsonrpc.JsonRpcException: java.io.IOException: 파이프가 닫히는 중입니다
	at java.base/java.util.concurrent.CompletableFuture.reportGet(CompletableFuture.java:396)
	at java.base/java.util.concurrent.CompletableFuture.get(CompletableFuture.java:2096)
	at org.eclipse.lsp4e.LanguageServerWrapper.lambda$10(LanguageServerWrapper.java:443)
	at java.base/java.util.concurrent.CompletableFuture$AsyncRun.run(CompletableFuture.java:1804)
	at java.base/java.util.concurrent.CompletableFuture$AsyncRun.exec(CompletableFuture.java:1796)
	at java.base/java.util.concurrent.ForkJoinTask.doExec(ForkJoinTask.java:373)
	at java.base/java.util.concurrent.ForkJoinPool$WorkQueue.topLevelExec(ForkJoinPool.java:1182)
	at java.base/java.util.concurrent.ForkJoinPool.scan(ForkJoinPool.java:1655)
	at java.base/java.util.concurrent.ForkJoinPool.runWorker(ForkJoinPool.java:1622)
	at java.base/java.util.concurrent.ForkJoinWorkerThread.run(ForkJoinWorkerThread.java:165)
Caused by: org.eclipse.lsp4j.jsonrpc.JsonRpcException: java.io.IOException: 파이프가 닫히는 중입니다
	at org.eclipse.lsp4j.jsonrpc.json.StreamMessageConsumer.consume(StreamMessageConsumer.java:72)
	at org.eclipse.lsp4e.LanguageServerWrapper.lambda$3(LanguageServerWrapper.java:279)
	at org.eclipse.lsp4j.jsonrpc.RemoteEndpoint.request(RemoteEndpoint.java:161)
	at org.eclipse.lsp4j.jsonrpc.services.EndpointProxy.invoke(EndpointProxy.java:91)
	at jdk.proxy12/jdk.proxy12.$Proxy36.shutdown(Unknown Source)
	at org.eclipse.lsp4e.LanguageServerWrapper.lambda$10(LanguageServerWrapper.java:441)
	... 7 more
Caused by: java.io.IOException: 파이프가 닫히는 중입니다
	at java.base/java.io.FileOutputStream.writeBytes(Native Method)
	at java.base/java.io.FileOutputStream.write(FileOutputStream.java:349)
	at java.base/java.io.BufferedOutputStream.flushBuffer(BufferedOutputStream.java:81)
	at java.base/java.io.BufferedOutputStream.flush(BufferedOutputStream.java:142)
	at org.eclipse.lsp4j.jsonrpc.json.StreamMessageConsumer.consume(StreamMessageConsumer.java:69)
	... 12 more

!ENTRY org.eclipse.lsp4e 4 0 2025-04-02 21:15:50.534
!MESSAGE org.eclipse.lsp4j.jsonrpc.JsonRpcException: java.io.IOException: 파이프가 닫히는 중입니다
!STACK 0
java.util.concurrent.ExecutionException: org.eclipse.lsp4j.jsonrpc.JsonRpcException: java.io.IOException: 파이프가 닫히는 중입니다
	at java.base/java.util.concurrent.CompletableFuture.reportGet(CompletableFuture.java:396)
	at java.base/java.util.concurrent.CompletableFuture.get(CompletableFuture.java:2096)
	at org.eclipse.lsp4e.LanguageServerWrapper.lambda$10(LanguageServerWrapper.java:443)
	at java.base/java.util.concurrent.CompletableFuture$AsyncRun.run(CompletableFuture.java:1804)
	at java.base/java.util.concurrent.CompletableFuture$AsyncRun.exec(CompletableFuture.java:1796)
	at java.base/java.util.concurrent.ForkJoinTask.doExec(ForkJoinTask.java:373)
	at java.base/java.util.concurrent.ForkJoinPool$WorkQueue.topLevelExec(ForkJoinPool.java:1182)
	at java.base/java.util.concurrent.ForkJoinPool.scan(ForkJoinPool.java:1655)
	at java.base/java.util.concurrent.ForkJoinPool.runWorker(ForkJoinPool.java:1622)
	at java.base/java.util.concurrent.ForkJoinWorkerThread.run(ForkJoinWorkerThread.java:165)
Caused by: org.eclipse.lsp4j.jsonrpc.JsonRpcException: java.io.IOException: 파이프가 닫히는 중입니다
	at org.eclipse.lsp4j.jsonrpc.json.StreamMessageConsumer.consume(StreamMessageConsumer.java:72)
	at org.eclipse.lsp4e.LanguageServerWrapper.lambda$3(LanguageServerWrapper.java:279)
	at org.eclipse.lsp4j.jsonrpc.RemoteEndpoint.request(RemoteEndpoint.java:161)
	at org.eclipse.lsp4j.jsonrpc.services.EndpointProxy.invoke(EndpointProxy.java:91)
	at jdk.proxy12/jdk.proxy12.$Proxy36.shutdown(Unknown Source)
	at org.eclipse.lsp4e.LanguageServerWrapper.lambda$10(LanguageServerWrapper.java:441)
	... 7 more
Caused by: java.io.IOException: 파이프가 닫히는 중입니다
	at java.base/java.io.FileOutputStream.writeBytes(Native Method)
	at java.base/java.io.FileOutputStream.write(FileOutputStream.java:349)
	at java.base/java.io.BufferedOutputStream.flushBuffer(BufferedOutputStream.java:81)
	at java.base/java.io.BufferedOutputStream.flush(BufferedOutputStream.java:142)
	at org.eclipse.lsp4j.jsonrpc.json.StreamMessageConsumer.consume(StreamMessageConsumer.java:69)
	... 12 more

!ENTRY org.eclipse.lsp4e 4 0 2025-04-02 21:15:54.550
!MESSAGE org.eclipse.lsp4j.jsonrpc.JsonRpcException: java.io.IOException: 파이프가 닫히는 중입니다
!STACK 0
java.util.concurrent.ExecutionException: org.eclipse.lsp4j.jsonrpc.JsonRpcException: java.io.IOException: 파이프가 닫히는 중입니다
	at java.base/java.util.concurrent.CompletableFuture.reportGet(CompletableFuture.java:396)
	at java.base/java.util.concurrent.CompletableFuture.get(CompletableFuture.java:2096)
	at org.eclipse.lsp4e.LanguageServerWrapper.lambda$10(LanguageServerWrapper.java:443)
	at java.base/java.util.concurrent.CompletableFuture$AsyncRun.run(CompletableFuture.java:1804)
	at java.base/java.util.concurrent.CompletableFuture$AsyncRun.exec(CompletableFuture.java:1796)
	at java.base/java.util.concurrent.ForkJoinTask.doExec(ForkJoinTask.java:373)
	at java.base/java.util.concurrent.ForkJoinPool$WorkQueue.topLevelExec(ForkJoinPool.java:1182)
	at java.base/java.util.concurrent.ForkJoinPool.scan(ForkJoinPool.java:1655)
	at java.base/java.util.concurrent.ForkJoinPool.runWorker(ForkJoinPool.java:1622)
	at java.base/java.util.concurrent.ForkJoinWorkerThread.run(ForkJoinWorkerThread.java:165)
Caused by: org.eclipse.lsp4j.jsonrpc.JsonRpcException: java.io.IOException: 파이프가 닫히는 중입니다
	at org.eclipse.lsp4j.jsonrpc.json.StreamMessageConsumer.consume(StreamMessageConsumer.java:72)
	at org.eclipse.lsp4e.LanguageServerWrapper.lambda$3(LanguageServerWrapper.java:279)
	at org.eclipse.lsp4j.jsonrpc.RemoteEndpoint.request(RemoteEndpoint.java:161)
	at org.eclipse.lsp4j.jsonrpc.services.EndpointProxy.invoke(EndpointProxy.java:91)
	at jdk.proxy12/jdk.proxy12.$Proxy36.shutdown(Unknown Source)
	at org.eclipse.lsp4e.LanguageServerWrapper.lambda$10(LanguageServerWrapper.java:441)
	... 7 more
Caused by: java.io.IOException: 파이프가 닫히는 중입니다
	at java.base/java.io.FileOutputStream.writeBytes(Native Method)
	at java.base/java.io.FileOutputStream.write(FileOutputStream.java:349)
	at java.base/java.io.BufferedOutputStream.flushBuffer(BufferedOutputStream.java:81)
	at java.base/java.io.BufferedOutputStream.flush(BufferedOutputStream.java:142)
	at org.eclipse.lsp4j.jsonrpc.json.StreamMessageConsumer.consume(StreamMessageConsumer.java:69)
	... 12 more

!ENTRY org.eclipse.lsp4e 2 0 2025-04-02 21:15:54.626
!MESSAGE Javadoc unavailable. Failed to obtain it.
!STACK 0
java.lang.InterruptedException
	at java.base/java.util.concurrent.CompletableFuture.reportGet(CompletableFuture.java:386)
	at java.base/java.util.concurrent.CompletableFuture.get(CompletableFuture.java:2096)
	at org.eclipse.lsp4e.jdt.LSJavaHoverProvider.getHoverInfo2(LSJavaHoverProvider.java:65)
	at org.eclipse.jdt.internal.ui.text.java.hover.BestMatchHover.getHoverInfo2(BestMatchHover.java:163)
	at org.eclipse.jdt.internal.ui.text.java.hover.BestMatchHover.getHoverInfo2(BestMatchHover.java:130)
	at org.eclipse.jdt.internal.ui.text.java.hover.JavaEditorTextHoverProxy.getHoverInfo2(JavaEditorTextHoverProxy.java:89)
	at org.eclipse.jface.text.TextViewerHoverManager$1.run(TextViewerHoverManager.java:155)

!ENTRY org.eclipse.lsp4e 4 0 2025-04-02 21:16:01.589
!MESSAGE org.eclipse.lsp4j.jsonrpc.JsonRpcException: java.io.IOException: 파이프가 닫히는 중입니다
!STACK 0
java.util.concurrent.ExecutionException: org.eclipse.lsp4j.jsonrpc.JsonRpcException: java.io.IOException: 파이프가 닫히는 중입니다
	at java.base/java.util.concurrent.CompletableFuture.reportGet(CompletableFuture.java:396)
	at java.base/java.util.concurrent.CompletableFuture.get(CompletableFuture.java:2096)
	at org.eclipse.lsp4e.LanguageServerWrapper.lambda$10(LanguageServerWrapper.java:443)
	at java.base/java.util.concurrent.CompletableFuture$AsyncRun.run(CompletableFuture.java:1804)
	at java.base/java.util.concurrent.CompletableFuture$AsyncRun.exec(CompletableFuture.java:1796)
	at java.base/java.util.concurrent.ForkJoinTask.doExec(ForkJoinTask.java:373)
	at java.base/java.util.concurrent.ForkJoinPool$WorkQueue.topLevelExec(ForkJoinPool.java:1182)
	at java.base/java.util.concurrent.ForkJoinPool.scan(ForkJoinPool.java:1655)
	at java.base/java.util.concurrent.ForkJoinPool.runWorker(ForkJoinPool.java:1622)
	at java.base/java.util.concurrent.ForkJoinWorkerThread.run(ForkJoinWorkerThread.java:165)
Caused by: org.eclipse.lsp4j.jsonrpc.JsonRpcException: java.io.IOException: 파이프가 닫히는 중입니다
	at org.eclipse.lsp4j.jsonrpc.json.StreamMessageConsumer.consume(StreamMessageConsumer.java:72)
	at org.eclipse.lsp4e.LanguageServerWrapper.lambda$3(LanguageServerWrapper.java:279)
	at org.eclipse.lsp4j.jsonrpc.RemoteEndpoint.request(RemoteEndpoint.java:161)
	at org.eclipse.lsp4j.jsonrpc.services.EndpointProxy.invoke(EndpointProxy.java:91)
	at jdk.proxy12/jdk.proxy12.$Proxy36.shutdown(Unknown Source)
	at org.eclipse.lsp4e.LanguageServerWrapper.lambda$10(LanguageServerWrapper.java:441)
	... 7 more
Caused by: java.io.IOException: 파이프가 닫히는 중입니다
	at java.base/java.io.FileOutputStream.writeBytes(Native Method)
	at java.base/java.io.FileOutputStream.write(FileOutputStream.java:349)
	at java.base/java.io.BufferedOutputStream.flushBuffer(BufferedOutputStream.java:81)
	at java.base/java.io.BufferedOutputStream.flush(BufferedOutputStream.java:142)
	at org.eclipse.lsp4j.jsonrpc.json.StreamMessageConsumer.consume(StreamMessageConsumer.java:69)
	... 12 more

!ENTRY org.eclipse.lsp4e 2 0 2025-04-02 21:16:05.591
!MESSAGE Could not detect hyperlinks due to timeout after 800 miliseconds
!STACK 0
java.util.concurrent.TimeoutException
	at java.base/java.util.concurrent.CompletableFuture.timedGet(CompletableFuture.java:1960)
	at java.base/java.util.concurrent.CompletableFuture.get(CompletableFuture.java:2095)
	at org.eclipse.lsp4e.operations.declaration.OpenDeclarationHyperlinkDetector.detectHyperlinks(OpenDeclarationHyperlinkDetector.java:68)
	at org.eclipse.ui.texteditor.HyperlinkDetectorRegistry$HyperlinkDetectorDelegate.detectHyperlinks(HyperlinkDetectorRegistry.java:81)
	at org.eclipse.jface.text.hyperlink.HyperlinkManager.findHyperlinks(HyperlinkManager.java:289)
	at org.eclipse.jface.text.hyperlink.HyperlinkManager.findHyperlinks(HyperlinkManager.java:262)
	at org.eclipse.jface.text.hyperlink.HyperlinkManager.mouseMove(HyperlinkManager.java:457)
	at org.eclipse.swt.widgets.TypedListener.handleEvent(TypedListener.java:216)
	at org.eclipse.swt.widgets.EventTable.sendEvent(EventTable.java:89)
	at org.eclipse.swt.widgets.Display.sendEvent(Display.java:4256)
	at org.eclipse.swt.widgets.Widget.sendEvent(Widget.java:1066)
	at org.eclipse.swt.widgets.Display.runDeferredEvents(Display.java:4054)
	at org.eclipse.swt.widgets.Display.readAndDispatch(Display.java:3642)
	at org.eclipse.e4.ui.internal.workbench.swt.PartRenderingEngine$5.run(PartRenderingEngine.java:1155)
	at org.eclipse.core.databinding.observable.Realm.runWithDefault(Realm.java:338)
	at org.eclipse.e4.ui.internal.workbench.swt.PartRenderingEngine.run(PartRenderingEngine.java:1046)
	at org.eclipse.e4.ui.internal.workbench.E4Workbench.createAndRunUI(E4Workbench.java:155)
	at org.eclipse.ui.internal.Workbench.lambda$3(Workbench.java:643)
	at org.eclipse.core.databinding.observable.Realm.runWithDefault(Realm.java:338)
	at org.eclipse.ui.internal.Workbench.createAndRunWorkbench(Workbench.java:550)
	at org.eclipse.ui.PlatformUI.createAndRunWorkbench(PlatformUI.java:171)
	at org.eclipse.ui.internal.ide.application.IDEApplication.start(IDEApplication.java:152)
	at org.eclipse.equinox.internal.app.EclipseAppHandle.run(EclipseAppHandle.java:203)
	at org.eclipse.core.runtime.internal.adaptor.EclipseAppLauncher.runApplication(EclipseAppLauncher.java:136)
	at org.eclipse.core.runtime.internal.adaptor.EclipseAppLauncher.start(EclipseAppLauncher.java:104)
	at org.eclipse.core.runtime.adaptor.EclipseStarter.run(EclipseStarter.java:402)
	at org.eclipse.core.runtime.adaptor.EclipseStarter.run(EclipseStarter.java:255)
	at java.base/jdk.internal.reflect.NativeMethodAccessorImpl.invoke0(Native Method)
	at java.base/jdk.internal.reflect.NativeMethodAccessorImpl.invoke(NativeMethodAccessorImpl.java:77)
	at java.base/jdk.internal.reflect.DelegatingMethodAccessorImpl.invoke(DelegatingMethodAccessorImpl.java:43)
	at java.base/java.lang.reflect.Method.invoke(Method.java:568)
	at org.eclipse.equinox.launcher.Main.invokeFramework(Main.java:659)
	at org.eclipse.equinox.launcher.Main.basicRun(Main.java:596)
	at org.eclipse.equinox.launcher.Main.run(Main.java:1467)

!ENTRY org.eclipse.lsp4e 4 0 2025-04-02 21:16:05.593
!MESSAGE org.eclipse.lsp4j.jsonrpc.JsonRpcException: java.io.IOException: 파이프가 닫히는 중입니다
!STACK 0
java.util.concurrent.ExecutionException: org.eclipse.lsp4j.jsonrpc.JsonRpcException: java.io.IOException: 파이프가 닫히는 중입니다
	at java.base/java.util.concurrent.CompletableFuture.reportGet(CompletableFuture.java:396)
	at java.base/java.util.concurrent.CompletableFuture.get(CompletableFuture.java:2096)
	at org.eclipse.lsp4e.LanguageServerWrapper.lambda$10(LanguageServerWrapper.java:443)
	at java.base/java.util.concurrent.CompletableFuture$AsyncRun.run(CompletableFuture.java:1804)
	at java.base/java.util.concurrent.CompletableFuture$AsyncRun.exec(CompletableFuture.java:1796)
	at java.base/java.util.concurrent.ForkJoinTask.doExec(ForkJoinTask.java:373)
	at java.base/java.util.concurrent.ForkJoinPool$WorkQueue.topLevelExec(ForkJoinPool.java:1182)
	at java.base/java.util.concurrent.ForkJoinPool.scan(ForkJoinPool.java:1655)
	at java.base/java.util.concurrent.ForkJoinPool.runWorker(ForkJoinPool.java:1622)
	at java.base/java.util.concurrent.ForkJoinWorkerThread.run(ForkJoinWorkerThread.java:165)
Caused by: org.eclipse.lsp4j.jsonrpc.JsonRpcException: java.io.IOException: 파이프가 닫히는 중입니다
	at org.eclipse.lsp4j.jsonrpc.json.StreamMessageConsumer.consume(StreamMessageConsumer.java:72)
	at org.eclipse.lsp4e.LanguageServerWrapper.lambda$3(LanguageServerWrapper.java:279)
	at org.eclipse.lsp4j.jsonrpc.RemoteEndpoint.request(RemoteEndpoint.java:161)
	at org.eclipse.lsp4j.jsonrpc.services.EndpointProxy.invoke(EndpointProxy.java:91)
	at jdk.proxy12/jdk.proxy12.$Proxy36.shutdown(Unknown Source)
	at org.eclipse.lsp4e.LanguageServerWrapper.lambda$10(LanguageServerWrapper.java:441)
	... 7 more
Caused by: java.io.IOException: 파이프가 닫히는 중입니다
	at java.base/java.io.FileOutputStream.writeBytes(Native Method)
	at java.base/java.io.FileOutputStream.write(FileOutputStream.java:349)
	at java.base/java.io.BufferedOutputStream.flushBuffer(BufferedOutputStream.java:81)
	at java.base/java.io.BufferedOutputStream.flush(BufferedOutputStream.java:142)
	at org.eclipse.lsp4j.jsonrpc.json.StreamMessageConsumer.consume(StreamMessageConsumer.java:69)
	... 12 more

!ENTRY org.eclipse.lsp4e 4 0 2025-04-02 21:16:11.394
!MESSAGE org.eclipse.lsp4j.jsonrpc.JsonRpcException: java.io.IOException: 파이프가 닫히는 중입니다
!STACK 0
java.util.concurrent.ExecutionException: org.eclipse.lsp4j.jsonrpc.JsonRpcException: java.io.IOException: 파이프가 닫히는 중입니다
	at java.base/java.util.concurrent.CompletableFuture.reportGet(CompletableFuture.java:396)
	at java.base/java.util.concurrent.CompletableFuture.get(CompletableFuture.java:2096)
	at org.eclipse.lsp4e.LanguageServerWrapper.lambda$10(LanguageServerWrapper.java:443)
	at java.base/java.util.concurrent.CompletableFuture$AsyncRun.run(CompletableFuture.java:1804)
	at java.base/java.util.concurrent.CompletableFuture$AsyncRun.exec(CompletableFuture.java:1796)
	at java.base/java.util.concurrent.ForkJoinTask.doExec(ForkJoinTask.java:373)
	at java.base/java.util.concurrent.ForkJoinPool$WorkQueue.topLevelExec(ForkJoinPool.java:1182)
	at java.base/java.util.concurrent.ForkJoinPool.scan(ForkJoinPool.java:1655)
	at java.base/java.util.concurrent.ForkJoinPool.runWorker(ForkJoinPool.java:1622)
	at java.base/java.util.concurrent.ForkJoinWorkerThread.run(ForkJoinWorkerThread.java:165)
Caused by: org.eclipse.lsp4j.jsonrpc.JsonRpcException: java.io.IOException: 파이프가 닫히는 중입니다
	at org.eclipse.lsp4j.jsonrpc.json.StreamMessageConsumer.consume(StreamMessageConsumer.java:72)
	at org.eclipse.lsp4e.LanguageServerWrapper.lambda$3(LanguageServerWrapper.java:279)
	at org.eclipse.lsp4j.jsonrpc.RemoteEndpoint.request(RemoteEndpoint.java:161)
	at org.eclipse.lsp4j.jsonrpc.services.EndpointProxy.invoke(EndpointProxy.java:91)
	at jdk.proxy12/jdk.proxy12.$Proxy36.shutdown(Unknown Source)
	at org.eclipse.lsp4e.LanguageServerWrapper.lambda$10(LanguageServerWrapper.java:441)
	... 7 more
Caused by: java.io.IOException: 파이프가 닫히는 중입니다
	at java.base/java.io.FileOutputStream.writeBytes(Native Method)
	at java.base/java.io.FileOutputStream.write(FileOutputStream.java:349)
	at java.base/java.io.BufferedOutputStream.flushBuffer(BufferedOutputStream.java:81)
	at java.base/java.io.BufferedOutputStream.flush(BufferedOutputStream.java:142)
	at org.eclipse.lsp4j.jsonrpc.json.StreamMessageConsumer.consume(StreamMessageConsumer.java:69)
	... 12 more

!ENTRY org.eclipse.lsp4e 4 0 2025-04-02 21:16:20.706
!MESSAGE org.eclipse.lsp4j.jsonrpc.JsonRpcException: java.io.IOException: 파이프가 닫히는 중입니다
!STACK 0
java.util.concurrent.ExecutionException: org.eclipse.lsp4j.jsonrpc.JsonRpcException: java.io.IOException: 파이프가 닫히는 중입니다
	at java.base/java.util.concurrent.CompletableFuture.reportGet(CompletableFuture.java:396)
	at java.base/java.util.concurrent.CompletableFuture.get(CompletableFuture.java:2096)
	at org.eclipse.lsp4e.LanguageServerWrapper.lambda$10(LanguageServerWrapper.java:443)
	at java.base/java.util.concurrent.CompletableFuture$AsyncRun.run(CompletableFuture.java:1804)
	at java.base/java.util.concurrent.CompletableFuture$AsyncRun.exec(CompletableFuture.java:1796)
	at java.base/java.util.concurrent.ForkJoinTask.doExec(ForkJoinTask.java:373)
	at java.base/java.util.concurrent.ForkJoinPool$WorkQueue.topLevelExec(ForkJoinPool.java:1182)
	at java.base/java.util.concurrent.ForkJoinPool.scan(ForkJoinPool.java:1655)
	at java.base/java.util.concurrent.ForkJoinPool.runWorker(ForkJoinPool.java:1622)
	at java.base/java.util.concurrent.ForkJoinWorkerThread.run(ForkJoinWorkerThread.java:165)
Caused by: org.eclipse.lsp4j.jsonrpc.JsonRpcException: java.io.IOException: 파이프가 닫히는 중입니다
	at org.eclipse.lsp4j.jsonrpc.json.StreamMessageConsumer.consume(StreamMessageConsumer.java:72)
	at org.eclipse.lsp4e.LanguageServerWrapper.lambda$3(LanguageServerWrapper.java:279)
	at org.eclipse.lsp4j.jsonrpc.RemoteEndpoint.request(RemoteEndpoint.java:161)
	at org.eclipse.lsp4j.jsonrpc.services.EndpointProxy.invoke(EndpointProxy.java:91)
	at jdk.proxy12/jdk.proxy12.$Proxy36.shutdown(Unknown Source)
	at org.eclipse.lsp4e.LanguageServerWrapper.lambda$10(LanguageServerWrapper.java:441)
	... 7 more
Caused by: java.io.IOException: 파이프가 닫히는 중입니다
	at java.base/java.io.FileOutputStream.writeBytes(Native Method)
	at java.base/java.io.FileOutputStream.write(FileOutputStream.java:349)
	at java.base/java.io.BufferedOutputStream.flushBuffer(BufferedOutputStream.java:81)
	at java.base/java.io.BufferedOutputStream.flush(BufferedOutputStream.java:142)
	at org.eclipse.lsp4j.jsonrpc.json.StreamMessageConsumer.consume(StreamMessageConsumer.java:69)
	... 12 more

!ENTRY org.eclipse.lsp4e 4 0 2025-04-02 21:16:24.151
!MESSAGE org.eclipse.lsp4j.jsonrpc.JsonRpcException: java.io.IOException: 파이프가 닫히는 중입니다
!STACK 0
java.util.concurrent.ExecutionException: org.eclipse.lsp4j.jsonrpc.JsonRpcException: java.io.IOException: 파이프가 닫히는 중입니다
	at java.base/java.util.concurrent.CompletableFuture.reportGet(CompletableFuture.java:396)
	at java.base/java.util.concurrent.CompletableFuture.get(CompletableFuture.java:2096)
	at org.eclipse.lsp4e.LanguageServerWrapper.lambda$10(LanguageServerWrapper.java:443)
	at java.base/java.util.concurrent.CompletableFuture$AsyncRun.run(CompletableFuture.java:1804)
	at java.base/java.util.concurrent.CompletableFuture$AsyncRun.exec(CompletableFuture.java:1796)
	at java.base/java.util.concurrent.ForkJoinTask.doExec(ForkJoinTask.java:373)
	at java.base/java.util.concurrent.ForkJoinPool$WorkQueue.topLevelExec(ForkJoinPool.java:1182)
	at java.base/java.util.concurrent.ForkJoinPool.scan(ForkJoinPool.java:1655)
	at java.base/java.util.concurrent.ForkJoinPool.runWorker(ForkJoinPool.java:1622)
	at java.base/java.util.concurrent.ForkJoinWorkerThread.run(ForkJoinWorkerThread.java:165)
Caused by: org.eclipse.lsp4j.jsonrpc.JsonRpcException: java.io.IOException: 파이프가 닫히는 중입니다
	at org.eclipse.lsp4j.jsonrpc.json.StreamMessageConsumer.consume(StreamMessageConsumer.java:72)
	at org.eclipse.lsp4e.LanguageServerWrapper.lambda$3(LanguageServerWrapper.java:279)
	at org.eclipse.lsp4j.jsonrpc.RemoteEndpoint.request(RemoteEndpoint.java:161)
	at org.eclipse.lsp4j.jsonrpc.services.EndpointProxy.invoke(EndpointProxy.java:91)
	at jdk.proxy12/jdk.proxy12.$Proxy36.shutdown(Unknown Source)
	at org.eclipse.lsp4e.LanguageServerWrapper.lambda$10(LanguageServerWrapper.java:441)
	... 7 more
Caused by: java.io.IOException: 파이프가 닫히는 중입니다
	at java.base/java.io.FileOutputStream.writeBytes(Native Method)
	at java.base/java.io.FileOutputStream.write(FileOutputStream.java:349)
	at java.base/java.io.BufferedOutputStream.flushBuffer(BufferedOutputStream.java:81)
	at java.base/java.io.BufferedOutputStream.flush(BufferedOutputStream.java:142)
	at org.eclipse.lsp4j.jsonrpc.json.StreamMessageConsumer.consume(StreamMessageConsumer.java:69)
	... 12 more

!ENTRY org.eclipse.lsp4e 4 0 2025-04-02 21:16:39.765
!MESSAGE org.eclipse.lsp4j.jsonrpc.JsonRpcException: java.io.IOException: 파이프가 닫히는 중입니다
!STACK 0
java.util.concurrent.ExecutionException: org.eclipse.lsp4j.jsonrpc.JsonRpcException: java.io.IOException: 파이프가 닫히는 중입니다
	at java.base/java.util.concurrent.CompletableFuture.reportGet(CompletableFuture.java:396)
	at java.base/java.util.concurrent.CompletableFuture.get(CompletableFuture.java:2096)
	at org.eclipse.lsp4e.LanguageServerWrapper.lambda$10(LanguageServerWrapper.java:443)
	at java.base/java.util.concurrent.CompletableFuture$AsyncRun.run(CompletableFuture.java:1804)
	at java.base/java.util.concurrent.CompletableFuture$AsyncRun.exec(CompletableFuture.java:1796)
	at java.base/java.util.concurrent.ForkJoinTask.doExec(ForkJoinTask.java:373)
	at java.base/java.util.concurrent.ForkJoinPool$WorkQueue.topLevelExec(ForkJoinPool.java:1182)
	at java.base/java.util.concurrent.ForkJoinPool.scan(ForkJoinPool.java:1655)
	at java.base/java.util.concurrent.ForkJoinPool.runWorker(ForkJoinPool.java:1622)
	at java.base/java.util.concurrent.ForkJoinWorkerThread.run(ForkJoinWorkerThread.java:165)
Caused by: org.eclipse.lsp4j.jsonrpc.JsonRpcException: java.io.IOException: 파이프가 닫히는 중입니다
	at org.eclipse.lsp4j.jsonrpc.json.StreamMessageConsumer.consume(StreamMessageConsumer.java:72)
	at org.eclipse.lsp4e.LanguageServerWrapper.lambda$3(LanguageServerWrapper.java:279)
	at org.eclipse.lsp4j.jsonrpc.RemoteEndpoint.request(RemoteEndpoint.java:161)
	at org.eclipse.lsp4j.jsonrpc.services.EndpointProxy.invoke(EndpointProxy.java:91)
	at jdk.proxy12/jdk.proxy12.$Proxy36.shutdown(Unknown Source)
	at org.eclipse.lsp4e.LanguageServerWrapper.lambda$10(LanguageServerWrapper.java:441)
	... 7 more
Caused by: java.io.IOException: 파이프가 닫히는 중입니다
	at java.base/java.io.FileOutputStream.writeBytes(Native Method)
	at java.base/java.io.FileOutputStream.write(FileOutputStream.java:349)
	at java.base/java.io.BufferedOutputStream.flushBuffer(BufferedOutputStream.java:81)
	at java.base/java.io.BufferedOutputStream.flush(BufferedOutputStream.java:142)
	at org.eclipse.lsp4j.jsonrpc.json.StreamMessageConsumer.consume(StreamMessageConsumer.java:69)
	... 12 more

!ENTRY org.eclipse.lsp4e 4 0 2025-04-02 21:16:47.379
!MESSAGE org.eclipse.lsp4j.jsonrpc.JsonRpcException: java.io.IOException: 파이프가 닫히는 중입니다
!STACK 0
java.util.concurrent.ExecutionException: org.eclipse.lsp4j.jsonrpc.JsonRpcException: java.io.IOException: 파이프가 닫히는 중입니다
	at java.base/java.util.concurrent.CompletableFuture.reportGet(CompletableFuture.java:396)
	at java.base/java.util.concurrent.CompletableFuture.get(CompletableFuture.java:2096)
	at org.eclipse.lsp4e.LanguageServerWrapper.lambda$10(LanguageServerWrapper.java:443)
	at java.base/java.util.concurrent.CompletableFuture$AsyncRun.run(CompletableFuture.java:1804)
	at java.base/java.util.concurrent.CompletableFuture$AsyncRun.exec(CompletableFuture.java:1796)
	at java.base/java.util.concurrent.ForkJoinTask.doExec(ForkJoinTask.java:373)
	at java.base/java.util.concurrent.ForkJoinPool$WorkQueue.topLevelExec(ForkJoinPool.java:1182)
	at java.base/java.util.concurrent.ForkJoinPool.scan(ForkJoinPool.java:1655)
	at java.base/java.util.concurrent.ForkJoinPool.runWorker(ForkJoinPool.java:1622)
	at java.base/java.util.concurrent.ForkJoinWorkerThread.run(ForkJoinWorkerThread.java:165)
Caused by: org.eclipse.lsp4j.jsonrpc.JsonRpcException: java.io.IOException: 파이프가 닫히는 중입니다
	at org.eclipse.lsp4j.jsonrpc.json.StreamMessageConsumer.consume(StreamMessageConsumer.java:72)
	at org.eclipse.lsp4e.LanguageServerWrapper.lambda$3(LanguageServerWrapper.java:279)
	at org.eclipse.lsp4j.jsonrpc.RemoteEndpoint.request(RemoteEndpoint.java:161)
	at org.eclipse.lsp4j.jsonrpc.services.EndpointProxy.invoke(EndpointProxy.java:91)
	at jdk.proxy12/jdk.proxy12.$Proxy36.shutdown(Unknown Source)
	at org.eclipse.lsp4e.LanguageServerWrapper.lambda$10(LanguageServerWrapper.java:441)
	... 7 more
Caused by: java.io.IOException: 파이프가 닫히는 중입니다
	at java.base/java.io.FileOutputStream.writeBytes(Native Method)
	at java.base/java.io.FileOutputStream.write(FileOutputStream.java:349)
	at java.base/java.io.BufferedOutputStream.flushBuffer(BufferedOutputStream.java:81)
	at java.base/java.io.BufferedOutputStream.flush(BufferedOutputStream.java:142)
	at org.eclipse.lsp4j.jsonrpc.json.StreamMessageConsumer.consume(StreamMessageConsumer.java:69)
	... 12 more

!ENTRY org.eclipse.lsp4e 4 0 2025-04-02 21:16:50.980
!MESSAGE org.eclipse.lsp4j.jsonrpc.JsonRpcException: java.io.IOException: 파이프가 닫히는 중입니다
!STACK 0
java.util.concurrent.ExecutionException: org.eclipse.lsp4j.jsonrpc.JsonRpcException: java.io.IOException: 파이프가 닫히는 중입니다
	at java.base/java.util.concurrent.CompletableFuture.reportGet(CompletableFuture.java:396)
	at java.base/java.util.concurrent.CompletableFuture.get(CompletableFuture.java:2096)
	at org.eclipse.lsp4e.LanguageServerWrapper.lambda$10(LanguageServerWrapper.java:443)
	at java.base/java.util.concurrent.CompletableFuture$AsyncRun.run(CompletableFuture.java:1804)
	at java.base/java.util.concurrent.CompletableFuture$AsyncRun.exec(CompletableFuture.java:1796)
	at java.base/java.util.concurrent.ForkJoinTask.doExec(ForkJoinTask.java:373)
	at java.base/java.util.concurrent.ForkJoinPool$WorkQueue.topLevelExec(ForkJoinPool.java:1182)
	at java.base/java.util.concurrent.ForkJoinPool.scan(ForkJoinPool.java:1655)
	at java.base/java.util.concurrent.ForkJoinPool.runWorker(ForkJoinPool.java:1622)
	at java.base/java.util.concurrent.ForkJoinWorkerThread.run(ForkJoinWorkerThread.java:165)
Caused by: org.eclipse.lsp4j.jsonrpc.JsonRpcException: java.io.IOException: 파이프가 닫히는 중입니다
	at org.eclipse.lsp4j.jsonrpc.json.StreamMessageConsumer.consume(StreamMessageConsumer.java:72)
	at org.eclipse.lsp4e.LanguageServerWrapper.lambda$3(LanguageServerWrapper.java:279)
	at org.eclipse.lsp4j.jsonrpc.RemoteEndpoint.request(RemoteEndpoint.java:161)
	at org.eclipse.lsp4j.jsonrpc.services.EndpointProxy.invoke(EndpointProxy.java:91)
	at jdk.proxy12/jdk.proxy12.$Proxy36.shutdown(Unknown Source)
	at org.eclipse.lsp4e.LanguageServerWrapper.lambda$10(LanguageServerWrapper.java:441)
	... 7 more
Caused by: java.io.IOException: 파이프가 닫히는 중입니다
	at java.base/java.io.FileOutputStream.writeBytes(Native Method)
	at java.base/java.io.FileOutputStream.write(FileOutputStream.java:349)
	at java.base/java.io.BufferedOutputStream.flushBuffer(BufferedOutputStream.java:81)
	at java.base/java.io.BufferedOutputStream.flush(BufferedOutputStream.java:142)
	at org.eclipse.lsp4j.jsonrpc.json.StreamMessageConsumer.consume(StreamMessageConsumer.java:69)
	... 12 more

!ENTRY org.eclipse.lsp4e 4 0 2025-04-02 21:16:54.746
!MESSAGE org.eclipse.lsp4j.jsonrpc.JsonRpcException: java.io.IOException: 파이프가 닫히는 중입니다
!STACK 0
java.util.concurrent.ExecutionException: org.eclipse.lsp4j.jsonrpc.JsonRpcException: java.io.IOException: 파이프가 닫히는 중입니다
	at java.base/java.util.concurrent.CompletableFuture.reportGet(CompletableFuture.java:396)
	at java.base/java.util.concurrent.CompletableFuture.get(CompletableFuture.java:2096)
	at org.eclipse.lsp4e.LanguageServerWrapper.lambda$10(LanguageServerWrapper.java:443)
	at java.base/java.util.concurrent.CompletableFuture$AsyncRun.run(CompletableFuture.java:1804)
	at java.base/java.util.concurrent.CompletableFuture$AsyncRun.exec(CompletableFuture.java:1796)
	at java.base/java.util.concurrent.ForkJoinTask.doExec(ForkJoinTask.java:373)
	at java.base/java.util.concurrent.ForkJoinPool$WorkQueue.topLevelExec(ForkJoinPool.java:1182)
	at java.base/java.util.concurrent.ForkJoinPool.scan(ForkJoinPool.java:1655)
	at java.base/java.util.concurrent.ForkJoinPool.runWorker(ForkJoinPool.java:1622)
	at java.base/java.util.concurrent.ForkJoinWorkerThread.run(ForkJoinWorkerThread.java:165)
Caused by: org.eclipse.lsp4j.jsonrpc.JsonRpcException: java.io.IOException: 파이프가 닫히는 중입니다
	at org.eclipse.lsp4j.jsonrpc.json.StreamMessageConsumer.consume(StreamMessageConsumer.java:72)
	at org.eclipse.lsp4e.LanguageServerWrapper.lambda$3(LanguageServerWrapper.java:279)
	at org.eclipse.lsp4j.jsonrpc.RemoteEndpoint.request(RemoteEndpoint.java:161)
	at org.eclipse.lsp4j.jsonrpc.services.EndpointProxy.invoke(EndpointProxy.java:91)
	at jdk.proxy12/jdk.proxy12.$Proxy36.shutdown(Unknown Source)
	at org.eclipse.lsp4e.LanguageServerWrapper.lambda$10(LanguageServerWrapper.java:441)
	... 7 more
Caused by: java.io.IOException: 파이프가 닫히는 중입니다
	at java.base/java.io.FileOutputStream.writeBytes(Native Method)
	at java.base/java.io.FileOutputStream.write(FileOutputStream.java:349)
	at java.base/java.io.BufferedOutputStream.flushBuffer(BufferedOutputStream.java:81)
	at java.base/java.io.BufferedOutputStream.flush(BufferedOutputStream.java:142)
	at org.eclipse.lsp4j.jsonrpc.json.StreamMessageConsumer.consume(StreamMessageConsumer.java:69)
	... 12 more

!ENTRY org.eclipse.lsp4e 4 0 2025-04-02 21:16:58.294
!MESSAGE org.eclipse.lsp4j.jsonrpc.JsonRpcException: java.io.IOException: 파이프가 닫히는 중입니다
!STACK 0
java.util.concurrent.ExecutionException: org.eclipse.lsp4j.jsonrpc.JsonRpcException: java.io.IOException: 파이프가 닫히는 중입니다
	at java.base/java.util.concurrent.CompletableFuture.reportGet(CompletableFuture.java:396)
	at java.base/java.util.concurrent.CompletableFuture.get(CompletableFuture.java:2096)
	at org.eclipse.lsp4e.LanguageServerWrapper.lambda$10(LanguageServerWrapper.java:443)
	at java.base/java.util.concurrent.CompletableFuture$AsyncRun.run(CompletableFuture.java:1804)
	at java.base/java.util.concurrent.CompletableFuture$AsyncRun.exec(CompletableFuture.java:1796)
	at java.base/java.util.concurrent.ForkJoinTask.doExec(ForkJoinTask.java:373)
	at java.base/java.util.concurrent.ForkJoinPool$WorkQueue.topLevelExec(ForkJoinPool.java:1182)
	at java.base/java.util.concurrent.ForkJoinPool.scan(ForkJoinPool.java:1655)
	at java.base/java.util.concurrent.ForkJoinPool.runWorker(ForkJoinPool.java:1622)
	at java.base/java.util.concurrent.ForkJoinWorkerThread.run(ForkJoinWorkerThread.java:165)
Caused by: org.eclipse.lsp4j.jsonrpc.JsonRpcException: java.io.IOException: 파이프가 닫히는 중입니다
	at org.eclipse.lsp4j.jsonrpc.json.StreamMessageConsumer.consume(StreamMessageConsumer.java:72)
	at org.eclipse.lsp4e.LanguageServerWrapper.lambda$3(LanguageServerWrapper.java:279)
	at org.eclipse.lsp4j.jsonrpc.RemoteEndpoint.request(RemoteEndpoint.java:161)
	at org.eclipse.lsp4j.jsonrpc.services.EndpointProxy.invoke(EndpointProxy.java:91)
	at jdk.proxy12/jdk.proxy12.$Proxy36.shutdown(Unknown Source)
	at org.eclipse.lsp4e.LanguageServerWrapper.lambda$10(LanguageServerWrapper.java:441)
	... 7 more
Caused by: java.io.IOException: 파이프가 닫히는 중입니다
	at java.base/java.io.FileOutputStream.writeBytes(Native Method)
	at java.base/java.io.FileOutputStream.write(FileOutputStream.java:349)
	at java.base/java.io.BufferedOutputStream.flushBuffer(BufferedOutputStream.java:81)
	at java.base/java.io.BufferedOutputStream.flush(BufferedOutputStream.java:142)
	at org.eclipse.lsp4j.jsonrpc.json.StreamMessageConsumer.consume(StreamMessageConsumer.java:69)
	... 12 more

!ENTRY org.eclipse.lsp4e 4 0 2025-04-02 21:17:01.655
!MESSAGE org.eclipse.lsp4j.jsonrpc.JsonRpcException: java.io.IOException: 파이프가 닫히는 중입니다
!STACK 0
java.util.concurrent.ExecutionException: org.eclipse.lsp4j.jsonrpc.JsonRpcException: java.io.IOException: 파이프가 닫히는 중입니다
	at java.base/java.util.concurrent.CompletableFuture.reportGet(CompletableFuture.java:396)
	at java.base/java.util.concurrent.CompletableFuture.get(CompletableFuture.java:2096)
	at org.eclipse.lsp4e.LanguageServerWrapper.lambda$10(LanguageServerWrapper.java:443)
	at java.base/java.util.concurrent.CompletableFuture$AsyncRun.run(CompletableFuture.java:1804)
	at java.base/java.util.concurrent.CompletableFuture$AsyncRun.exec(CompletableFuture.java:1796)
	at java.base/java.util.concurrent.ForkJoinTask.doExec(ForkJoinTask.java:373)
	at java.base/java.util.concurrent.ForkJoinPool$WorkQueue.topLevelExec(ForkJoinPool.java:1182)
	at java.base/java.util.concurrent.ForkJoinPool.scan(ForkJoinPool.java:1655)
	at java.base/java.util.concurrent.ForkJoinPool.runWorker(ForkJoinPool.java:1622)
	at java.base/java.util.concurrent.ForkJoinWorkerThread.run(ForkJoinWorkerThread.java:165)
Caused by: org.eclipse.lsp4j.jsonrpc.JsonRpcException: java.io.IOException: 파이프가 닫히는 중입니다
	at org.eclipse.lsp4j.jsonrpc.json.StreamMessageConsumer.consume(StreamMessageConsumer.java:72)
	at org.eclipse.lsp4e.LanguageServerWrapper.lambda$3(LanguageServerWrapper.java:279)
	at org.eclipse.lsp4j.jsonrpc.RemoteEndpoint.request(RemoteEndpoint.java:161)
	at org.eclipse.lsp4j.jsonrpc.services.EndpointProxy.invoke(EndpointProxy.java:91)
	at jdk.proxy12/jdk.proxy12.$Proxy36.shutdown(Unknown Source)
	at org.eclipse.lsp4e.LanguageServerWrapper.lambda$10(LanguageServerWrapper.java:441)
	... 7 more
Caused by: java.io.IOException: 파이프가 닫히는 중입니다
	at java.base/java.io.FileOutputStream.writeBytes(Native Method)
	at java.base/java.io.FileOutputStream.write(FileOutputStream.java:349)
	at java.base/java.io.BufferedOutputStream.flushBuffer(BufferedOutputStream.java:81)
	at java.base/java.io.BufferedOutputStream.flush(BufferedOutputStream.java:142)
	at org.eclipse.lsp4j.jsonrpc.json.StreamMessageConsumer.consume(StreamMessageConsumer.java:69)
	... 12 more

!ENTRY org.eclipse.lsp4e 2 0 2025-04-02 21:17:02.657
!MESSAGE Timeout waiting for data to generate LS hover
!STACK 0
java.util.concurrent.TimeoutException
	at java.base/java.util.concurrent.CompletableFuture.timedGet(CompletableFuture.java:1960)
	at java.base/java.util.concurrent.CompletableFuture.get(CompletableFuture.java:2095)
	at org.eclipse.lsp4e.jdt.LSJavaHoverProvider.getHoverInfo2(LSJavaHoverProvider.java:65)
	at org.eclipse.jdt.internal.ui.text.java.hover.BestMatchHover.getHoverInfo2(BestMatchHover.java:163)
	at org.eclipse.jdt.internal.ui.text.java.hover.BestMatchHover.getHoverInfo2(BestMatchHover.java:130)
	at org.eclipse.jdt.internal.ui.text.java.hover.JavaEditorTextHoverProxy.getHoverInfo2(JavaEditorTextHoverProxy.java:89)
	at org.eclipse.jface.text.TextViewerHoverManager$1.run(TextViewerHoverManager.java:155)

!ENTRY org.eclipse.lsp4e 4 0 2025-04-02 21:17:07.129
!MESSAGE org.eclipse.lsp4j.jsonrpc.JsonRpcException: java.io.IOException: 파이프가 닫히는 중입니다
!STACK 0
java.util.concurrent.ExecutionException: org.eclipse.lsp4j.jsonrpc.JsonRpcException: java.io.IOException: 파이프가 닫히는 중입니다
	at java.base/java.util.concurrent.CompletableFuture.reportGet(CompletableFuture.java:396)
	at java.base/java.util.concurrent.CompletableFuture.get(CompletableFuture.java:2096)
	at org.eclipse.lsp4e.LanguageServerWrapper.lambda$10(LanguageServerWrapper.java:443)
	at java.base/java.util.concurrent.CompletableFuture$AsyncRun.run(CompletableFuture.java:1804)
	at java.base/java.util.concurrent.CompletableFuture$AsyncRun.exec(CompletableFuture.java:1796)
	at java.base/java.util.concurrent.ForkJoinTask.doExec(ForkJoinTask.java:373)
	at java.base/java.util.concurrent.ForkJoinPool$WorkQueue.topLevelExec(ForkJoinPool.java:1182)
	at java.base/java.util.concurrent.ForkJoinPool.scan(ForkJoinPool.java:1655)
	at java.base/java.util.concurrent.ForkJoinPool.runWorker(ForkJoinPool.java:1622)
	at java.base/java.util.concurrent.ForkJoinWorkerThread.run(ForkJoinWorkerThread.java:165)
Caused by: org.eclipse.lsp4j.jsonrpc.JsonRpcException: java.io.IOException: 파이프가 닫히는 중입니다
	at org.eclipse.lsp4j.jsonrpc.json.StreamMessageConsumer.consume(StreamMessageConsumer.java:72)
	at org.eclipse.lsp4e.LanguageServerWrapper.lambda$3(LanguageServerWrapper.java:279)
	at org.eclipse.lsp4j.jsonrpc.RemoteEndpoint.request(RemoteEndpoint.java:161)
	at org.eclipse.lsp4j.jsonrpc.services.EndpointProxy.invoke(EndpointProxy.java:91)
	at jdk.proxy12/jdk.proxy12.$Proxy36.shutdown(Unknown Source)
	at org.eclipse.lsp4e.LanguageServerWrapper.lambda$10(LanguageServerWrapper.java:441)
	... 7 more
Caused by: java.io.IOException: 파이프가 닫히는 중입니다
	at java.base/java.io.FileOutputStream.writeBytes(Native Method)
	at java.base/java.io.FileOutputStream.write(FileOutputStream.java:349)
	at java.base/java.io.BufferedOutputStream.flushBuffer(BufferedOutputStream.java:81)
	at java.base/java.io.BufferedOutputStream.flush(BufferedOutputStream.java:142)
	at org.eclipse.lsp4j.jsonrpc.json.StreamMessageConsumer.consume(StreamMessageConsumer.java:69)
	... 12 more

!ENTRY org.eclipse.lsp4e 4 0 2025-04-02 21:17:12.025
!MESSAGE org.eclipse.lsp4j.jsonrpc.JsonRpcException: java.io.IOException: 파이프가 닫히는 중입니다
!STACK 0
java.util.concurrent.ExecutionException: org.eclipse.lsp4j.jsonrpc.JsonRpcException: java.io.IOException: 파이프가 닫히는 중입니다
	at java.base/java.util.concurrent.CompletableFuture.reportGet(CompletableFuture.java:396)
	at java.base/java.util.concurrent.CompletableFuture.get(CompletableFuture.java:2096)
	at org.eclipse.lsp4e.LanguageServerWrapper.lambda$10(LanguageServerWrapper.java:443)
	at java.base/java.util.concurrent.CompletableFuture$AsyncRun.run(CompletableFuture.java:1804)
	at java.base/java.util.concurrent.CompletableFuture$AsyncRun.exec(CompletableFuture.java:1796)
	at java.base/java.util.concurrent.ForkJoinTask.doExec(ForkJoinTask.java:373)
	at java.base/java.util.concurrent.ForkJoinPool$WorkQueue.topLevelExec(ForkJoinPool.java:1182)
	at java.base/java.util.concurrent.ForkJoinPool.scan(ForkJoinPool.java:1655)
	at java.base/java.util.concurrent.ForkJoinPool.runWorker(ForkJoinPool.java:1622)
	at java.base/java.util.concurrent.ForkJoinWorkerThread.run(ForkJoinWorkerThread.java:165)
Caused by: org.eclipse.lsp4j.jsonrpc.JsonRpcException: java.io.IOException: 파이프가 닫히는 중입니다
	at org.eclipse.lsp4j.jsonrpc.json.StreamMessageConsumer.consume(StreamMessageConsumer.java:72)
	at org.eclipse.lsp4e.LanguageServerWrapper.lambda$3(LanguageServerWrapper.java:279)
	at org.eclipse.lsp4j.jsonrpc.RemoteEndpoint.request(RemoteEndpoint.java:161)
	at org.eclipse.lsp4j.jsonrpc.services.EndpointProxy.invoke(EndpointProxy.java:91)
	at jdk.proxy12/jdk.proxy12.$Proxy36.shutdown(Unknown Source)
	at org.eclipse.lsp4e.LanguageServerWrapper.lambda$10(LanguageServerWrapper.java:441)
	... 7 more
Caused by: java.io.IOException: 파이프가 닫히는 중입니다
	at java.base/java.io.FileOutputStream.writeBytes(Native Method)
	at java.base/java.io.FileOutputStream.write(FileOutputStream.java:349)
	at java.base/java.io.BufferedOutputStream.flushBuffer(BufferedOutputStream.java:81)
	at java.base/java.io.BufferedOutputStream.flush(BufferedOutputStream.java:142)
	at org.eclipse.lsp4j.jsonrpc.json.StreamMessageConsumer.consume(StreamMessageConsumer.java:69)
	... 12 more

!ENTRY org.eclipse.lsp4e 2 0 2025-04-02 21:17:13.749
!MESSAGE Javadoc unavailable. Failed to obtain it.
!STACK 0
java.lang.InterruptedException
	at java.base/java.util.concurrent.CompletableFuture.reportGet(CompletableFuture.java:386)
	at java.base/java.util.concurrent.CompletableFuture.get(CompletableFuture.java:2096)
	at org.eclipse.lsp4e.jdt.LSJavaHoverProvider.getHoverInfo2(LSJavaHoverProvider.java:65)
	at org.eclipse.jdt.internal.ui.text.java.hover.BestMatchHover.getHoverInfo2(BestMatchHover.java:163)
	at org.eclipse.jdt.internal.ui.text.java.hover.BestMatchHover.getHoverInfo2(BestMatchHover.java:130)
	at org.eclipse.jdt.internal.ui.text.java.hover.JavaEditorTextHoverProxy.getHoverInfo2(JavaEditorTextHoverProxy.java:89)
	at org.eclipse.jface.text.TextViewerHoverManager$1.run(TextViewerHoverManager.java:155)

!ENTRY org.eclipse.lsp4e 4 0 2025-04-02 21:17:15.929
!MESSAGE org.eclipse.lsp4j.jsonrpc.JsonRpcException: java.io.IOException: 파이프가 닫히는 중입니다
!STACK 0
java.util.concurrent.ExecutionException: org.eclipse.lsp4j.jsonrpc.JsonRpcException: java.io.IOException: 파이프가 닫히는 중입니다
	at java.base/java.util.concurrent.CompletableFuture.reportGet(CompletableFuture.java:396)
	at java.base/java.util.concurrent.CompletableFuture.get(CompletableFuture.java:2096)
	at org.eclipse.lsp4e.LanguageServerWrapper.lambda$10(LanguageServerWrapper.java:443)
	at java.base/java.util.concurrent.CompletableFuture$AsyncRun.run(CompletableFuture.java:1804)
	at java.base/java.util.concurrent.CompletableFuture$AsyncRun.exec(CompletableFuture.java:1796)
	at java.base/java.util.concurrent.ForkJoinTask.doExec(ForkJoinTask.java:373)
	at java.base/java.util.concurrent.ForkJoinPool$WorkQueue.topLevelExec(ForkJoinPool.java:1182)
	at java.base/java.util.concurrent.ForkJoinPool.scan(ForkJoinPool.java:1655)
	at java.base/java.util.concurrent.ForkJoinPool.runWorker(ForkJoinPool.java:1622)
	at java.base/java.util.concurrent.ForkJoinWorkerThread.run(ForkJoinWorkerThread.java:165)
Caused by: org.eclipse.lsp4j.jsonrpc.JsonRpcException: java.io.IOException: 파이프가 닫히는 중입니다
	at org.eclipse.lsp4j.jsonrpc.json.StreamMessageConsumer.consume(StreamMessageConsumer.java:72)
	at org.eclipse.lsp4e.LanguageServerWrapper.lambda$3(LanguageServerWrapper.java:279)
	at org.eclipse.lsp4j.jsonrpc.RemoteEndpoint.request(RemoteEndpoint.java:161)
	at org.eclipse.lsp4j.jsonrpc.services.EndpointProxy.invoke(EndpointProxy.java:91)
	at jdk.proxy12/jdk.proxy12.$Proxy36.shutdown(Unknown Source)
	at org.eclipse.lsp4e.LanguageServerWrapper.lambda$10(LanguageServerWrapper.java:441)
	... 7 more
Caused by: java.io.IOException: 파이프가 닫히는 중입니다
	at java.base/java.io.FileOutputStream.writeBytes(Native Method)
	at java.base/java.io.FileOutputStream.write(FileOutputStream.java:349)
	at java.base/java.io.BufferedOutputStream.flushBuffer(BufferedOutputStream.java:81)
	at java.base/java.io.BufferedOutputStream.flush(BufferedOutputStream.java:142)
	at org.eclipse.lsp4j.jsonrpc.json.StreamMessageConsumer.consume(StreamMessageConsumer.java:69)
	... 12 more

!ENTRY org.eclipse.lsp4e 4 0 2025-04-02 21:17:20.640
!MESSAGE org.eclipse.lsp4j.jsonrpc.JsonRpcException: java.io.IOException: 파이프가 닫히는 중입니다
!STACK 0
java.util.concurrent.ExecutionException: org.eclipse.lsp4j.jsonrpc.JsonRpcException: java.io.IOException: 파이프가 닫히는 중입니다
	at java.base/java.util.concurrent.CompletableFuture.reportGet(CompletableFuture.java:396)
	at java.base/java.util.concurrent.CompletableFuture.get(CompletableFuture.java:2096)
	at org.eclipse.lsp4e.LanguageServerWrapper.lambda$10(LanguageServerWrapper.java:443)
	at java.base/java.util.concurrent.CompletableFuture$AsyncRun.run(CompletableFuture.java:1804)
	at java.base/java.util.concurrent.CompletableFuture$AsyncRun.exec(CompletableFuture.java:1796)
	at java.base/java.util.concurrent.ForkJoinTask.doExec(ForkJoinTask.java:373)
	at java.base/java.util.concurrent.ForkJoinPool$WorkQueue.topLevelExec(ForkJoinPool.java:1182)
	at java.base/java.util.concurrent.ForkJoinPool.scan(ForkJoinPool.java:1655)
	at java.base/java.util.concurrent.ForkJoinPool.runWorker(ForkJoinPool.java:1622)
	at java.base/java.util.concurrent.ForkJoinWorkerThread.run(ForkJoinWorkerThread.java:165)
Caused by: org.eclipse.lsp4j.jsonrpc.JsonRpcException: java.io.IOException: 파이프가 닫히는 중입니다
	at org.eclipse.lsp4j.jsonrpc.json.StreamMessageConsumer.consume(StreamMessageConsumer.java:72)
	at org.eclipse.lsp4e.LanguageServerWrapper.lambda$3(LanguageServerWrapper.java:279)
	at org.eclipse.lsp4j.jsonrpc.RemoteEndpoint.request(RemoteEndpoint.java:161)
	at org.eclipse.lsp4j.jsonrpc.services.EndpointProxy.invoke(EndpointProxy.java:91)
	at jdk.proxy12/jdk.proxy12.$Proxy36.shutdown(Unknown Source)
	at org.eclipse.lsp4e.LanguageServerWrapper.lambda$10(LanguageServerWrapper.java:441)
	... 7 more
Caused by: java.io.IOException: 파이프가 닫히는 중입니다
	at java.base/java.io.FileOutputStream.writeBytes(Native Method)
	at java.base/java.io.FileOutputStream.write(FileOutputStream.java:349)
	at java.base/java.io.BufferedOutputStream.flushBuffer(BufferedOutputStream.java:81)
	at java.base/java.io.BufferedOutputStream.flush(BufferedOutputStream.java:142)
	at org.eclipse.lsp4j.jsonrpc.json.StreamMessageConsumer.consume(StreamMessageConsumer.java:69)
	... 12 more

!ENTRY org.eclipse.lsp4e 4 0 2025-04-02 21:17:24.068
!MESSAGE org.eclipse.lsp4j.jsonrpc.JsonRpcException: java.io.IOException: 파이프가 닫히는 중입니다
!STACK 0
java.util.concurrent.ExecutionException: org.eclipse.lsp4j.jsonrpc.JsonRpcException: java.io.IOException: 파이프가 닫히는 중입니다
	at java.base/java.util.concurrent.CompletableFuture.reportGet(CompletableFuture.java:396)
	at java.base/java.util.concurrent.CompletableFuture.get(CompletableFuture.java:2096)
	at org.eclipse.lsp4e.LanguageServerWrapper.lambda$10(LanguageServerWrapper.java:443)
	at java.base/java.util.concurrent.CompletableFuture$AsyncRun.run(CompletableFuture.java:1804)
	at java.base/java.util.concurrent.CompletableFuture$AsyncRun.exec(CompletableFuture.java:1796)
	at java.base/java.util.concurrent.ForkJoinTask.doExec(ForkJoinTask.java:373)
	at java.base/java.util.concurrent.ForkJoinPool$WorkQueue.topLevelExec(ForkJoinPool.java:1182)
	at java.base/java.util.concurrent.ForkJoinPool.scan(ForkJoinPool.java:1655)
	at java.base/java.util.concurrent.ForkJoinPool.runWorker(ForkJoinPool.java:1622)
	at java.base/java.util.concurrent.ForkJoinWorkerThread.run(ForkJoinWorkerThread.java:165)
Caused by: org.eclipse.lsp4j.jsonrpc.JsonRpcException: java.io.IOException: 파이프가 닫히는 중입니다
	at org.eclipse.lsp4j.jsonrpc.json.StreamMessageConsumer.consume(StreamMessageConsumer.java:72)
	at org.eclipse.lsp4e.LanguageServerWrapper.lambda$3(LanguageServerWrapper.java:279)
	at org.eclipse.lsp4j.jsonrpc.RemoteEndpoint.request(RemoteEndpoint.java:161)
	at org.eclipse.lsp4j.jsonrpc.services.EndpointProxy.invoke(EndpointProxy.java:91)
	at jdk.proxy12/jdk.proxy12.$Proxy36.shutdown(Unknown Source)
	at org.eclipse.lsp4e.LanguageServerWrapper.lambda$10(LanguageServerWrapper.java:441)
	... 7 more
Caused by: java.io.IOException: 파이프가 닫히는 중입니다
	at java.base/java.io.FileOutputStream.writeBytes(Native Method)
	at java.base/java.io.FileOutputStream.write(FileOutputStream.java:349)
	at java.base/java.io.BufferedOutputStream.flushBuffer(BufferedOutputStream.java:81)
	at java.base/java.io.BufferedOutputStream.flush(BufferedOutputStream.java:142)
	at org.eclipse.lsp4j.jsonrpc.json.StreamMessageConsumer.consume(StreamMessageConsumer.java:69)
	... 12 more

!ENTRY org.eclipse.lsp4e 4 0 2025-04-02 21:17:27.581
!MESSAGE org.eclipse.lsp4j.jsonrpc.JsonRpcException: java.io.IOException: 파이프가 닫히는 중입니다
!STACK 0
java.util.concurrent.ExecutionException: org.eclipse.lsp4j.jsonrpc.JsonRpcException: java.io.IOException: 파이프가 닫히는 중입니다
	at java.base/java.util.concurrent.CompletableFuture.reportGet(CompletableFuture.java:396)
	at java.base/java.util.concurrent.CompletableFuture.get(CompletableFuture.java:2096)
	at org.eclipse.lsp4e.LanguageServerWrapper.lambda$10(LanguageServerWrapper.java:443)
	at java.base/java.util.concurrent.CompletableFuture$AsyncRun.run(CompletableFuture.java:1804)
	at java.base/java.util.concurrent.CompletableFuture$AsyncRun.exec(CompletableFuture.java:1796)
	at java.base/java.util.concurrent.ForkJoinTask.doExec(ForkJoinTask.java:373)
	at java.base/java.util.concurrent.ForkJoinPool$WorkQueue.topLevelExec(ForkJoinPool.java:1182)
	at java.base/java.util.concurrent.ForkJoinPool.scan(ForkJoinPool.java:1655)
	at java.base/java.util.concurrent.ForkJoinPool.runWorker(ForkJoinPool.java:1622)
	at java.base/java.util.concurrent.ForkJoinWorkerThread.run(ForkJoinWorkerThread.java:165)
Caused by: org.eclipse.lsp4j.jsonrpc.JsonRpcException: java.io.IOException: 파이프가 닫히는 중입니다
	at org.eclipse.lsp4j.jsonrpc.json.StreamMessageConsumer.consume(StreamMessageConsumer.java:72)
	at org.eclipse.lsp4e.LanguageServerWrapper.lambda$3(LanguageServerWrapper.java:279)
	at org.eclipse.lsp4j.jsonrpc.RemoteEndpoint.request(RemoteEndpoint.java:161)
	at org.eclipse.lsp4j.jsonrpc.services.EndpointProxy.invoke(EndpointProxy.java:91)
	at jdk.proxy12/jdk.proxy12.$Proxy36.shutdown(Unknown Source)
	at org.eclipse.lsp4e.LanguageServerWrapper.lambda$10(LanguageServerWrapper.java:441)
	... 7 more
Caused by: java.io.IOException: 파이프가 닫히는 중입니다
	at java.base/java.io.FileOutputStream.writeBytes(Native Method)
	at java.base/java.io.FileOutputStream.write(FileOutputStream.java:349)
	at java.base/java.io.BufferedOutputStream.flushBuffer(BufferedOutputStream.java:81)
	at java.base/java.io.BufferedOutputStream.flush(BufferedOutputStream.java:142)
	at org.eclipse.lsp4j.jsonrpc.json.StreamMessageConsumer.consume(StreamMessageConsumer.java:69)
	... 12 more

!ENTRY org.eclipse.lsp4e 4 0 2025-04-02 21:17:31.635
!MESSAGE org.eclipse.lsp4j.jsonrpc.JsonRpcException: java.io.IOException: 파이프가 닫히는 중입니다
!STACK 0
java.util.concurrent.ExecutionException: org.eclipse.lsp4j.jsonrpc.JsonRpcException: java.io.IOException: 파이프가 닫히는 중입니다
	at java.base/java.util.concurrent.CompletableFuture.reportGet(CompletableFuture.java:396)
	at java.base/java.util.concurrent.CompletableFuture.get(CompletableFuture.java:2096)
	at org.eclipse.lsp4e.LanguageServerWrapper.lambda$10(LanguageServerWrapper.java:443)
	at java.base/java.util.concurrent.CompletableFuture$AsyncRun.run(CompletableFuture.java:1804)
	at java.base/java.util.concurrent.CompletableFuture$AsyncRun.exec(CompletableFuture.java:1796)
	at java.base/java.util.concurrent.ForkJoinTask.doExec(ForkJoinTask.java:373)
	at java.base/java.util.concurrent.ForkJoinPool$WorkQueue.topLevelExec(ForkJoinPool.java:1182)
	at java.base/java.util.concurrent.ForkJoinPool.scan(ForkJoinPool.java:1655)
	at java.base/java.util.concurrent.ForkJoinPool.runWorker(ForkJoinPool.java:1622)
	at java.base/java.util.concurrent.ForkJoinWorkerThread.run(ForkJoinWorkerThread.java:165)
Caused by: org.eclipse.lsp4j.jsonrpc.JsonRpcException: java.io.IOException: 파이프가 닫히는 중입니다
	at org.eclipse.lsp4j.jsonrpc.json.StreamMessageConsumer.consume(StreamMessageConsumer.java:72)
	at org.eclipse.lsp4e.LanguageServerWrapper.lambda$3(LanguageServerWrapper.java:279)
	at org.eclipse.lsp4j.jsonrpc.RemoteEndpoint.request(RemoteEndpoint.java:161)
	at org.eclipse.lsp4j.jsonrpc.services.EndpointProxy.invoke(EndpointProxy.java:91)
	at jdk.proxy12/jdk.proxy12.$Proxy36.shutdown(Unknown Source)
	at org.eclipse.lsp4e.LanguageServerWrapper.lambda$10(LanguageServerWrapper.java:441)
	... 7 more
Caused by: java.io.IOException: 파이프가 닫히는 중입니다
	at java.base/java.io.FileOutputStream.writeBytes(Native Method)
	at java.base/java.io.FileOutputStream.write(FileOutputStream.java:349)
	at java.base/java.io.BufferedOutputStream.flushBuffer(BufferedOutputStream.java:81)
	at java.base/java.io.BufferedOutputStream.flush(BufferedOutputStream.java:142)
	at org.eclipse.lsp4j.jsonrpc.json.StreamMessageConsumer.consume(StreamMessageConsumer.java:69)
	... 12 more

!ENTRY org.eclipse.lsp4e 4 0 2025-04-02 21:17:34.781
!MESSAGE org.eclipse.lsp4j.jsonrpc.JsonRpcException: java.io.IOException: 파이프가 닫히는 중입니다
!STACK 0
java.util.concurrent.ExecutionException: org.eclipse.lsp4j.jsonrpc.JsonRpcException: java.io.IOException: 파이프가 닫히는 중입니다
	at java.base/java.util.concurrent.CompletableFuture.reportGet(CompletableFuture.java:396)
	at java.base/java.util.concurrent.CompletableFuture.get(CompletableFuture.java:2096)
	at org.eclipse.lsp4e.LanguageServerWrapper.lambda$10(LanguageServerWrapper.java:443)
	at java.base/java.util.concurrent.CompletableFuture$AsyncRun.run(CompletableFuture.java:1804)
	at java.base/java.util.concurrent.CompletableFuture$AsyncRun.exec(CompletableFuture.java:1796)
	at java.base/java.util.concurrent.ForkJoinTask.doExec(ForkJoinTask.java:373)
	at java.base/java.util.concurrent.ForkJoinPool$WorkQueue.topLevelExec(ForkJoinPool.java:1182)
	at java.base/java.util.concurrent.ForkJoinPool.scan(ForkJoinPool.java:1655)
	at java.base/java.util.concurrent.ForkJoinPool.runWorker(ForkJoinPool.java:1622)
	at java.base/java.util.concurrent.ForkJoinWorkerThread.run(ForkJoinWorkerThread.java:165)
Caused by: org.eclipse.lsp4j.jsonrpc.JsonRpcException: java.io.IOException: 파이프가 닫히는 중입니다
	at org.eclipse.lsp4j.jsonrpc.json.StreamMessageConsumer.consume(StreamMessageConsumer.java:72)
	at org.eclipse.lsp4e.LanguageServerWrapper.lambda$3(LanguageServerWrapper.java:279)
	at org.eclipse.lsp4j.jsonrpc.RemoteEndpoint.request(RemoteEndpoint.java:161)
	at org.eclipse.lsp4j.jsonrpc.services.EndpointProxy.invoke(EndpointProxy.java:91)
	at jdk.proxy12/jdk.proxy12.$Proxy36.shutdown(Unknown Source)
	at org.eclipse.lsp4e.LanguageServerWrapper.lambda$10(LanguageServerWrapper.java:441)
	... 7 more
Caused by: java.io.IOException: 파이프가 닫히는 중입니다
	at java.base/java.io.FileOutputStream.writeBytes(Native Method)
	at java.base/java.io.FileOutputStream.write(FileOutputStream.java:349)
	at java.base/java.io.BufferedOutputStream.flushBuffer(BufferedOutputStream.java:81)
	at java.base/java.io.BufferedOutputStream.flush(BufferedOutputStream.java:142)
	at org.eclipse.lsp4j.jsonrpc.json.StreamMessageConsumer.consume(StreamMessageConsumer.java:69)
	... 12 more

!ENTRY org.springframework.tooling.ls.eclipse.commons 1 0 2025-04-02 21:17:36.055
!MESSAGE executing callback sts4.classpath.ebydLFsu FAILED

!ENTRY org.springframework.tooling.ls.eclipse.commons 4 0 2025-04-02 21:17:36.056
!MESSAGE TimeoutException
!STACK 0
java.util.concurrent.TimeoutException
	at java.base/java.util.concurrent.CompletableFuture.timedGet(CompletableFuture.java:1960)
	at java.base/java.util.concurrent.CompletableFuture.get(CompletableFuture.java:2095)
	at org.springframework.tooling.ls.eclipse.commons.LSP4ECommandExecutor.executeClientCommand(LSP4ECommandExecutor.java:37)
	at org.springframework.tooling.jdt.ls.commons.classpath.SendClasspathNotificationsJob.flush(SendClasspathNotificationsJob.java:178)
	at org.springframework.tooling.jdt.ls.commons.classpath.SendClasspathNotificationsJob.run(SendClasspathNotificationsJob.java:149)
	at org.eclipse.core.internal.jobs.Worker.run(Worker.java:63)

!ENTRY org.eclipse.lsp4e 4 0 2025-04-02 21:17:46.641
!MESSAGE org.eclipse.lsp4j.jsonrpc.JsonRpcException: java.io.IOException: 파이프가 닫히는 중입니다
!STACK 0
java.util.concurrent.ExecutionException: org.eclipse.lsp4j.jsonrpc.JsonRpcException: java.io.IOException: 파이프가 닫히는 중입니다
	at java.base/java.util.concurrent.CompletableFuture.reportGet(CompletableFuture.java:396)
	at java.base/java.util.concurrent.CompletableFuture.get(CompletableFuture.java:2096)
	at org.eclipse.lsp4e.LanguageServerWrapper.lambda$10(LanguageServerWrapper.java:443)
	at java.base/java.util.concurrent.CompletableFuture$AsyncRun.run(CompletableFuture.java:1804)
	at java.base/java.util.concurrent.CompletableFuture$AsyncRun.exec(CompletableFuture.java:1796)
	at java.base/java.util.concurrent.ForkJoinTask.doExec(ForkJoinTask.java:373)
	at java.base/java.util.concurrent.ForkJoinPool$WorkQueue.topLevelExec(ForkJoinPool.java:1182)
	at java.base/java.util.concurrent.ForkJoinPool.scan(ForkJoinPool.java:1655)
	at java.base/java.util.concurrent.ForkJoinPool.runWorker(ForkJoinPool.java:1622)
	at java.base/java.util.concurrent.ForkJoinWorkerThread.run(ForkJoinWorkerThread.java:165)
Caused by: org.eclipse.lsp4j.jsonrpc.JsonRpcException: java.io.IOException: 파이프가 닫히는 중입니다
	at org.eclipse.lsp4j.jsonrpc.json.StreamMessageConsumer.consume(StreamMessageConsumer.java:72)
	at org.eclipse.lsp4e.LanguageServerWrapper.lambda$3(LanguageServerWrapper.java:279)
	at org.eclipse.lsp4j.jsonrpc.RemoteEndpoint.request(RemoteEndpoint.java:161)
	at org.eclipse.lsp4j.jsonrpc.services.EndpointProxy.invoke(EndpointProxy.java:91)
	at jdk.proxy12/jdk.proxy12.$Proxy36.shutdown(Unknown Source)
	at org.eclipse.lsp4e.LanguageServerWrapper.lambda$10(LanguageServerWrapper.java:441)
	... 7 more
Caused by: java.io.IOException: 파이프가 닫히는 중입니다
	at java.base/java.io.FileOutputStream.writeBytes(Native Method)
	at java.base/java.io.FileOutputStream.write(FileOutputStream.java:349)
	at java.base/java.io.BufferedOutputStream.flushBuffer(BufferedOutputStream.java:81)
	at java.base/java.io.BufferedOutputStream.flush(BufferedOutputStream.java:142)
	at org.eclipse.lsp4j.jsonrpc.json.StreamMessageConsumer.consume(StreamMessageConsumer.java:69)
	... 12 more

!ENTRY org.eclipse.lsp4e 2 0 2025-04-02 21:17:47.642
!MESSAGE Timeout waiting for data to generate LS hover
!STACK 0
java.util.concurrent.TimeoutException
	at java.base/java.util.concurrent.CompletableFuture.timedGet(CompletableFuture.java:1960)
	at java.base/java.util.concurrent.CompletableFuture.get(CompletableFuture.java:2095)
	at org.eclipse.lsp4e.jdt.LSJavaHoverProvider.getHoverInfo2(LSJavaHoverProvider.java:65)
	at org.eclipse.jdt.internal.ui.text.java.hover.BestMatchHover.getHoverInfo2(BestMatchHover.java:163)
	at org.eclipse.jdt.internal.ui.text.java.hover.BestMatchHover.getHoverInfo2(BestMatchHover.java:130)
	at org.eclipse.jdt.internal.ui.text.java.hover.JavaEditorTextHoverProxy.getHoverInfo2(JavaEditorTextHoverProxy.java:89)
	at org.eclipse.jface.text.TextViewerHoverManager$1.run(TextViewerHoverManager.java:155)

!ENTRY org.eclipse.lsp4e 4 0 2025-04-02 21:18:26.848
!MESSAGE org.eclipse.lsp4j.jsonrpc.JsonRpcException: java.io.IOException: 파이프가 닫히는 중입니다
!STACK 0
java.util.concurrent.ExecutionException: org.eclipse.lsp4j.jsonrpc.JsonRpcException: java.io.IOException: 파이프가 닫히는 중입니다
	at java.base/java.util.concurrent.CompletableFuture.reportGet(CompletableFuture.java:396)
	at java.base/java.util.concurrent.CompletableFuture.get(CompletableFuture.java:2096)
	at org.eclipse.lsp4e.LanguageServerWrapper.lambda$10(LanguageServerWrapper.java:443)
	at java.base/java.util.concurrent.CompletableFuture$AsyncRun.run(CompletableFuture.java:1804)
	at java.base/java.util.concurrent.CompletableFuture$AsyncRun.exec(CompletableFuture.java:1796)
	at java.base/java.util.concurrent.ForkJoinTask.doExec(ForkJoinTask.java:373)
	at java.base/java.util.concurrent.ForkJoinPool$WorkQueue.topLevelExec(ForkJoinPool.java:1182)
	at java.base/java.util.concurrent.ForkJoinPool.scan(ForkJoinPool.java:1655)
	at java.base/java.util.concurrent.ForkJoinPool.runWorker(ForkJoinPool.java:1622)
	at java.base/java.util.concurrent.ForkJoinWorkerThread.run(ForkJoinWorkerThread.java:165)
Caused by: org.eclipse.lsp4j.jsonrpc.JsonRpcException: java.io.IOException: 파이프가 닫히는 중입니다
	at org.eclipse.lsp4j.jsonrpc.json.StreamMessageConsumer.consume(StreamMessageConsumer.java:72)
	at org.eclipse.lsp4e.LanguageServerWrapper.lambda$3(LanguageServerWrapper.java:279)
	at org.eclipse.lsp4j.jsonrpc.RemoteEndpoint.request(RemoteEndpoint.java:161)
	at org.eclipse.lsp4j.jsonrpc.services.EndpointProxy.invoke(EndpointProxy.java:91)
	at jdk.proxy12/jdk.proxy12.$Proxy36.shutdown(Unknown Source)
	at org.eclipse.lsp4e.LanguageServerWrapper.lambda$10(LanguageServerWrapper.java:441)
	... 7 more
Caused by: java.io.IOException: 파이프가 닫히는 중입니다
	at java.base/java.io.FileOutputStream.writeBytes(Native Method)
	at java.base/java.io.FileOutputStream.write(FileOutputStream.java:349)
	at java.base/java.io.BufferedOutputStream.flushBuffer(BufferedOutputStream.java:81)
	at java.base/java.io.BufferedOutputStream.flush(BufferedOutputStream.java:142)
	at org.eclipse.lsp4j.jsonrpc.json.StreamMessageConsumer.consume(StreamMessageConsumer.java:69)
	... 12 more

!ENTRY org.eclipse.lsp4e 2 0 2025-04-02 21:18:27.651
!MESSAGE Could not detect hyperlinks due to timeout after 800 miliseconds
!STACK 0
java.util.concurrent.TimeoutException
	at java.base/java.util.concurrent.CompletableFuture.timedGet(CompletableFuture.java:1960)
	at java.base/java.util.concurrent.CompletableFuture.get(CompletableFuture.java:2095)
	at org.eclipse.lsp4e.operations.declaration.OpenDeclarationHyperlinkDetector.detectHyperlinks(OpenDeclarationHyperlinkDetector.java:68)
	at org.eclipse.ui.texteditor.HyperlinkDetectorRegistry$HyperlinkDetectorDelegate.detectHyperlinks(HyperlinkDetectorRegistry.java:81)
	at org.eclipse.jface.text.hyperlink.HyperlinkManager.findHyperlinks(HyperlinkManager.java:289)
	at org.eclipse.jface.text.hyperlink.HyperlinkManager.findHyperlinks(HyperlinkManager.java:262)
	at org.eclipse.jface.text.hyperlink.HyperlinkManager.mouseMove(HyperlinkManager.java:457)
	at org.eclipse.swt.widgets.TypedListener.handleEvent(TypedListener.java:216)
	at org.eclipse.swt.widgets.EventTable.sendEvent(EventTable.java:89)
	at org.eclipse.swt.widgets.Display.sendEvent(Display.java:4256)
	at org.eclipse.swt.widgets.Widget.sendEvent(Widget.java:1066)
	at org.eclipse.swt.widgets.Display.runDeferredEvents(Display.java:4054)
	at org.eclipse.swt.widgets.Display.readAndDispatch(Display.java:3642)
	at org.eclipse.e4.ui.internal.workbench.swt.PartRenderingEngine$5.run(PartRenderingEngine.java:1155)
	at org.eclipse.core.databinding.observable.Realm.runWithDefault(Realm.java:338)
	at org.eclipse.e4.ui.internal.workbench.swt.PartRenderingEngine.run(PartRenderingEngine.java:1046)
	at org.eclipse.e4.ui.internal.workbench.E4Workbench.createAndRunUI(E4Workbench.java:155)
	at org.eclipse.ui.internal.Workbench.lambda$3(Workbench.java:643)
	at org.eclipse.core.databinding.observable.Realm.runWithDefault(Realm.java:338)
	at org.eclipse.ui.internal.Workbench.createAndRunWorkbench(Workbench.java:550)
	at org.eclipse.ui.PlatformUI.createAndRunWorkbench(PlatformUI.java:171)
	at org.eclipse.ui.internal.ide.application.IDEApplication.start(IDEApplication.java:152)
	at org.eclipse.equinox.internal.app.EclipseAppHandle.run(EclipseAppHandle.java:203)
	at org.eclipse.core.runtime.internal.adaptor.EclipseAppLauncher.runApplication(EclipseAppLauncher.java:136)
	at org.eclipse.core.runtime.internal.adaptor.EclipseAppLauncher.start(EclipseAppLauncher.java:104)
	at org.eclipse.core.runtime.adaptor.EclipseStarter.run(EclipseStarter.java:402)
	at org.eclipse.core.runtime.adaptor.EclipseStarter.run(EclipseStarter.java:255)
	at java.base/jdk.internal.reflect.NativeMethodAccessorImpl.invoke0(Native Method)
	at java.base/jdk.internal.reflect.NativeMethodAccessorImpl.invoke(NativeMethodAccessorImpl.java:77)
	at java.base/jdk.internal.reflect.DelegatingMethodAccessorImpl.invoke(DelegatingMethodAccessorImpl.java:43)
	at java.base/java.lang.reflect.Method.invoke(Method.java:568)
	at org.eclipse.equinox.launcher.Main.invokeFramework(Main.java:659)
	at org.eclipse.equinox.launcher.Main.basicRun(Main.java:596)
	at org.eclipse.equinox.launcher.Main.run(Main.java:1467)

!ENTRY org.eclipse.core.jobs 2 2 2025-04-02 21:19:21.593
!MESSAGE Job found still running after platform shutdown.  Jobs should be canceled by the plugin that scheduled them during shutdown: org.eclipse.core.runtime.jobs.Job$2

!ENTRY org.eclipse.core.jobs 2 2 2025-04-02 21:19:21.593
!MESSAGE Job found still running after platform shutdown.  Jobs should be canceled by the plugin that scheduled them during shutdown: org.eclipse.core.runtime.jobs.Job$2

!ENTRY org.eclipse.core.jobs 2 2 2025-04-02 21:19:21.594
!MESSAGE Job found still running after platform shutdown.  Jobs should be canceled by the plugin that scheduled them during shutdown: org.eclipse.core.runtime.jobs.Job$2

!ENTRY org.eclipse.core.jobs 2 2 2025-04-02 21:19:21.595
!MESSAGE Job found still running after platform shutdown.  Jobs should be canceled by the plugin that scheduled them during shutdown: org.eclipse.core.runtime.jobs.Job$2

!ENTRY org.eclipse.core.jobs 2 2 2025-04-02 21:19:21.596
!MESSAGE Job found still running after platform shutdown.  Jobs should be canceled by the plugin that scheduled them during shutdown: org.eclipse.core.runtime.jobs.Job$2

!ENTRY org.eclipse.core.jobs 2 2 2025-04-02 21:19:21.597
!MESSAGE Job found still running after platform shutdown.  Jobs should be canceled by the plugin that scheduled them during shutdown: org.eclipse.core.runtime.jobs.Job$2

!ENTRY org.eclipse.core.jobs 2 2 2025-04-02 21:19:21.597
!MESSAGE Job found still running after platform shutdown.  Jobs should be canceled by the plugin that scheduled them during shutdown: org.eclipse.core.runtime.jobs.Job$2

!ENTRY org.eclipse.core.jobs 2 2 2025-04-02 21:19:21.598
!MESSAGE Job found still running after platform shutdown.  Jobs should be canceled by the plugin that scheduled them during shutdown: org.eclipse.core.runtime.jobs.Job$2

!ENTRY org.eclipse.core.jobs 2 2 2025-04-02 21:19:21.598
!MESSAGE Job found still running after platform shutdown.  Jobs should be canceled by the plugin that scheduled them during shutdown: org.eclipse.core.runtime.jobs.Job$2

!ENTRY org.eclipse.core.jobs 2 2 2025-04-02 21:19:21.599
!MESSAGE Job found still running after platform shutdown.  Jobs should be canceled by the plugin that scheduled them during shutdown: org.eclipse.core.runtime.jobs.Job$2

!ENTRY org.eclipse.core.jobs 2 2 2025-04-02 21:19:21.600
!MESSAGE Job found still running after platform shutdown.  Jobs should be canceled by the plugin that scheduled them during shutdown: org.eclipse.core.runtime.jobs.Job$2

!ENTRY org.eclipse.core.jobs 2 2 2025-04-02 21:19:21.601
!MESSAGE Job found still running after platform shutdown.  Jobs should be canceled by the plugin that scheduled them during shutdown: org.eclipse.core.runtime.jobs.Job$2

!ENTRY org.eclipse.core.jobs 2 2 2025-04-02 21:19:21.601
!MESSAGE Job found still running after platform shutdown.  Jobs should be canceled by the plugin that scheduled them during shutdown: org.eclipse.core.runtime.jobs.Job$2

!ENTRY org.eclipse.core.jobs 2 2 2025-04-02 21:19:21.602
!MESSAGE Job found still running after platform shutdown.  Jobs should be canceled by the plugin that scheduled them during shutdown: org.eclipse.core.runtime.jobs.Job$2

!ENTRY org.eclipse.core.jobs 2 2 2025-04-02 21:19:21.603
!MESSAGE Job found still running after platform shutdown.  Jobs should be canceled by the plugin that scheduled them during shutdown: org.eclipse.core.runtime.jobs.Job$2

!ENTRY org.eclipse.core.jobs 2 2 2025-04-02 21:19:21.604
!MESSAGE Job found still running after platform shutdown.  Jobs should be canceled by the plugin that scheduled them during shutdown: org.eclipse.core.runtime.jobs.Job$2

!ENTRY org.eclipse.core.jobs 2 2 2025-04-02 21:19:21.604
!MESSAGE Job found still running after platform shutdown.  Jobs should be canceled by the plugin that scheduled them during shutdown: org.eclipse.core.runtime.jobs.Job$2

!ENTRY org.eclipse.core.jobs 2 2 2025-04-02 21:19:21.605
!MESSAGE Job found still running after platform shutdown.  Jobs should be canceled by the plugin that scheduled them during shutdown: org.eclipse.core.runtime.jobs.Job$2

!ENTRY org.eclipse.core.jobs 2 2 2025-04-02 21:19:21.605
!MESSAGE Job found still running after platform shutdown.  Jobs should be canceled by the plugin that scheduled them during shutdown: org.eclipse.core.runtime.jobs.Job$2

!ENTRY org.eclipse.core.jobs 2 2 2025-04-02 21:19:21.606
!MESSAGE Job found still running after platform shutdown.  Jobs should be canceled by the plugin that scheduled them during shutdown: org.eclipse.core.runtime.jobs.Job$2

!ENTRY org.eclipse.core.jobs 2 2 2025-04-02 21:19:21.606
!MESSAGE Job found still running after platform shutdown.  Jobs should be canceled by the plugin that scheduled them during shutdown: org.eclipse.core.runtime.jobs.Job$2

!ENTRY org.eclipse.core.jobs 2 2 2025-04-02 21:19:21.607
!MESSAGE Job found still running after platform shutdown.  Jobs should be canceled by the plugin that scheduled them during shutdown: org.eclipse.core.runtime.jobs.Job$2

!ENTRY org.eclipse.core.jobs 2 2 2025-04-02 21:19:21.608
!MESSAGE Job found still running after platform shutdown.  Jobs should be canceled by the plugin that scheduled them during shutdown: org.eclipse.core.runtime.jobs.Job$2

!ENTRY org.eclipse.core.jobs 2 2 2025-04-02 21:19:21.608
!MESSAGE Job found still running after platform shutdown.  Jobs should be canceled by the plugin that scheduled them during shutdown: org.eclipse.core.runtime.jobs.Job$2

!ENTRY org.eclipse.core.jobs 2 2 2025-04-02 21:19:21.609
!MESSAGE Job found still running after platform shutdown.  Jobs should be canceled by the plugin that scheduled them during shutdown: org.eclipse.core.runtime.jobs.Job$2

!ENTRY org.eclipse.core.jobs 2 2 2025-04-02 21:19:21.609
!MESSAGE Job found still running after platform shutdown.  Jobs should be canceled by the plugin that scheduled them during shutdown: org.eclipse.core.runtime.jobs.Job$2

!ENTRY org.eclipse.core.jobs 2 2 2025-04-02 21:19:21.609
!MESSAGE Job found still running after platform shutdown.  Jobs should be canceled by the plugin that scheduled them during shutdown: org.eclipse.core.runtime.jobs.Job$2

!ENTRY org.eclipse.core.jobs 2 2 2025-04-02 21:19:21.610
!MESSAGE Job found still running after platform shutdown.  Jobs should be canceled by the plugin that scheduled them during shutdown: org.eclipse.core.runtime.jobs.Job$2

!ENTRY org.eclipse.core.jobs 2 2 2025-04-02 21:19:21.611
!MESSAGE Job found still running after platform shutdown.  Jobs should be canceled by the plugin that scheduled them during shutdown: org.eclipse.core.runtime.jobs.Job$2

!ENTRY org.eclipse.core.jobs 2 2 2025-04-02 21:19:21.612
!MESSAGE Job found still running after platform shutdown.  Jobs should be canceled by the plugin that scheduled them during shutdown: org.eclipse.core.runtime.jobs.Job$2

!ENTRY org.eclipse.core.jobs 2 2 2025-04-02 21:19:21.612
!MESSAGE Job found still running after platform shutdown.  Jobs should be canceled by the plugin that scheduled them during shutdown: org.eclipse.core.runtime.jobs.Job$2

!ENTRY org.eclipse.core.jobs 2 2 2025-04-02 21:19:21.613
!MESSAGE Job found still running after platform shutdown.  Jobs should be canceled by the plugin that scheduled them during shutdown: org.eclipse.core.runtime.jobs.Job$2

!ENTRY org.eclipse.core.jobs 2 2 2025-04-02 21:19:21.613
!MESSAGE Job found still running after platform shutdown.  Jobs should be canceled by the plugin that scheduled them during shutdown: org.eclipse.core.runtime.jobs.Job$2

!ENTRY org.eclipse.core.jobs 2 2 2025-04-02 21:19:21.614
!MESSAGE Job found still running after platform shutdown.  Jobs should be canceled by the plugin that scheduled them during shutdown: org.eclipse.core.runtime.jobs.Job$2
!SESSION 2025-04-03 18:22:05.500 -----------------------------------------------
eclipse.buildId=4.18.0.202303131455
java.version=17.0.6
java.vendor=Eclipse Adoptium
BootLoader constants: OS=win32, ARCH=x86_64, WS=win32, NL=ko_KR
Framework arguments:  -product org.springframework.boot.ide.branding.sts4
Command-line arguments:  -os win32 -ws win32 -arch x86_64 -product org.springframework.boot.ide.branding.sts4

!ENTRY ch.qos.logback.classic 1 0 2025-04-03 18:22:09.912
!MESSAGE Activated before the state location was initialized. Retry after the state location is initialized.

!ENTRY ch.qos.logback.classic 1 0 2025-04-03 18:22:19.199
!MESSAGE Logback config file: C:\sist1226\javacoding\.metadata\.plugins\org.eclipse.m2e.logback\logback.2.1.100.20230106-1511.xml

!ENTRY org.eclipse.jface 2 0 2025-04-03 18:22:42.951
!MESSAGE Keybinding conflicts occurred.  They may interfere with normal accelerator operation.
!SUBENTRY 1 org.eclipse.jface 2 0 2025-04-03 18:22:42.951
!MESSAGE A conflict occurred for CTRL+SHIFT+T:
Binding(CTRL+SHIFT+T,
	ParameterizedCommand(Command(org.eclipse.jdt.ui.navigate.open.type,Open Type,
		Open a type in a Java editor,
		Category(org.eclipse.ui.category.navigate,Navigate,null,true),
		WorkbenchHandlerServiceHandler("org.eclipse.jdt.ui.navigate.open.type"),
		,,true),null),
	org.eclipse.ui.defaultAcceleratorConfiguration,
	org.eclipse.ui.contexts.window,,,system)
Binding(CTRL+SHIFT+T,
	ParameterizedCommand(Command(org.eclipse.lsp4e.symbolinworkspace,Go to Symbol in Workspace,
		,
		Category(org.eclipse.lsp4e.category,Language Servers,null,true),
		WorkbenchHandlerServiceHandler("org.eclipse.lsp4e.symbolinworkspace"),
		,,true),null),
	org.eclipse.ui.defaultAcceleratorConfiguration,
	org.eclipse.ui.contexts.window,,,system)
!SUBENTRY 1 org.eclipse.jface 2 0 2025-04-03 18:22:42.951
!MESSAGE A conflict occurred for ALT+SHIFT+R:
Binding(ALT+SHIFT+R,
	ParameterizedCommand(Command(org.eclipse.jdt.ui.edit.text.java.rename.element,Rename - Refactoring ,
		Rename the selected element,
		Category(org.eclipse.jdt.ui.category.refactoring,Refactor - Java,Java Refactoring Actions,true),
		WorkbenchHandlerServiceHandler("org.eclipse.jdt.ui.edit.text.java.rename.element"),
		,,true),null),
	org.eclipse.ui.defaultAcceleratorConfiguration,
	org.eclipse.ui.contexts.window,,,system)
Binding(ALT+SHIFT+R,
	ParameterizedCommand(Command(org.eclipse.ui.edit.rename,Rename,
		Rename the selected item,
		Category(org.eclipse.ui.category.file,File,null,true),
		WorkbenchHandlerServiceHandler("org.eclipse.ui.edit.rename"),
		,,true),null),
	org.eclipse.ui.defaultAcceleratorConfiguration,
	org.eclipse.ui.contexts.window,,,system)

!ENTRY org.eclipse.lsp4e 2 0 2025-04-03 22:07:07.523
!MESSAGE Javadoc unavailable. Failed to obtain it.
!STACK 0
java.lang.InterruptedException
	at java.base/java.util.concurrent.CompletableFuture.reportGet(CompletableFuture.java:386)
	at java.base/java.util.concurrent.CompletableFuture.get(CompletableFuture.java:2096)
	at org.eclipse.lsp4e.jdt.LSJavaHoverProvider.getHoverInfo2(LSJavaHoverProvider.java:65)
	at org.eclipse.jdt.internal.ui.text.java.hover.BestMatchHover.getHoverInfo2(BestMatchHover.java:163)
	at org.eclipse.jdt.internal.ui.text.java.hover.BestMatchHover.getHoverInfo2(BestMatchHover.java:130)
	at org.eclipse.jdt.internal.ui.text.java.hover.JavaEditorTextHoverProxy.getHoverInfo2(JavaEditorTextHoverProxy.java:89)
	at org.eclipse.jface.text.TextViewerHoverManager$1.run(TextViewerHoverManager.java:155)

!ENTRY org.eclipse.jdt.core 4 4 2025-04-06 19:53:21.131
!MESSAGE Exception occurred during compilation unit conversion:
----------------------------------- SOURCE BEGIN -------------------------------------
package _250406;

public class 배열_비교하기 {

	public static void main(String[] args) {
		// TODO Auto-generated method stub
		int[] arr = {49, 13}; 
		int[] arr2 = {70, 11, 2};
//		int[] arr = {100, 17, 84, 1}; 
//		int[] arr2 = {55, 12, 65, 36};
//		int[] arr = {1, 2, 3, 4, 5}; 
//		int[] arr2 = {3, 3, 3, 3, 3};
		
		int answer =0;
		int arr_len = arr.length;
		int arr2_len = arr2.length;
		for
		
		if(arr_len == arr2_len && ) {
			System.out.println(answer);
		}else {
			
		}
	}

}

----------------------------------- SOURCE END -------------------------------------
!STACK 0
java.lang.IllegalArgumentException
	at org.eclipse.jdt.core.dom.InfixExpression.setOperator(InfixExpression.java:383)
	at org.eclipse.jdt.core.dom.ASTConverter.convert(ASTConverter.java:880)
	at org.eclipse.jdt.core.dom.ASTConverter.convert(ASTConverter.java:2038)
	at org.eclipse.jdt.core.dom.ASTConverter.convertToParenthesizedExpression(ASTConverter.java:3882)
	at org.eclipse.jdt.core.dom.ASTConverter.convert(ASTConverter.java:1953)
	at org.eclipse.jdt.core.dom.ASTConverter.convert(ASTConverter.java:1204)
	at org.eclipse.jdt.core.dom.ASTConverter.convert(ASTConverter.java:1990)
	at org.eclipse.jdt.core.dom.ASTConverter.convertToExpression(ASTConverter.java:3734)
	at org.eclipse.jdt.core.dom.ASTConverter.convert(ASTConverter.java:2201)
	at org.eclipse.jdt.core.dom.ASTConverter.convert(ASTConverter.java:3063)
	at org.eclipse.jdt.core.dom.ASTConverter.convert(ASTConverter.java:751)
	at org.eclipse.jdt.core.dom.ASTConverter.buildBodyDeclarations(ASTConverter.java:208)
	at org.eclipse.jdt.core.dom.ASTConverter.convert(ASTConverter.java:3419)
	at org.eclipse.jdt.core.dom.ASTConverter.convert(ASTConverter.java:1534)
	at org.eclipse.jdt.core.dom.AST.convertCompilationUnit(AST.java:561)
	at org.eclipse.jdt.internal.core.CompilationUnit.buildStructure(CompilationUnit.java:201)
	at org.eclipse.jdt.internal.core.Openable.generateInfos(Openable.java:266)
	at org.eclipse.jdt.internal.core.JavaElement.openWhenClosed(JavaElement.java:597)
	at org.eclipse.jdt.internal.core.CompilationUnit.makeConsistent(CompilationUnit.java:1148)
	at org.eclipse.jdt.internal.core.ReconcileWorkingCopyOperation.makeConsistent(ReconcileWorkingCopyOperation.java:173)
	at org.eclipse.jdt.internal.core.ReconcileWorkingCopyOperation.executeOperation(ReconcileWorkingCopyOperation.java:94)
	at org.eclipse.jdt.internal.core.JavaModelOperation.run(JavaModelOperation.java:740)
	at org.eclipse.jdt.internal.core.JavaModelOperation.runOperation(JavaModelOperation.java:806)
	at org.eclipse.jdt.internal.core.CompilationUnit.reconcile(CompilationUnit.java:1325)
	at org.eclipse.jdt.internal.ui.text.java.JavaReconcilingStrategy.reconcile(JavaReconcilingStrategy.java:132)
	at org.eclipse.jdt.internal.ui.text.java.JavaReconcilingStrategy$1.run(JavaReconcilingStrategy.java:94)
	at org.eclipse.core.runtime.SafeRunner.run(SafeRunner.java:45)
	at org.eclipse.jdt.internal.ui.text.java.JavaReconcilingStrategy.reconcile(JavaReconcilingStrategy.java:91)
	at org.eclipse.jdt.internal.ui.text.java.JavaReconcilingStrategy.reconcile(JavaReconcilingStrategy.java:158)
	at org.eclipse.jdt.internal.ui.text.CompositeReconcilingStrategy.reconcile(CompositeReconcilingStrategy.java:94)
	at org.eclipse.jdt.internal.ui.text.JavaCompositeReconcilingStrategy.reconcile(JavaCompositeReconcilingStrategy.java:107)
	at org.eclipse.jface.text.reconciler.MonoReconciler.process(MonoReconciler.java:78)
	at org.eclipse.jface.text.reconciler.AbstractReconciler$BackgroundThread.run(AbstractReconciler.java:207)

!ENTRY org.eclipse.jdt.ui 4 2 2025-04-06 19:53:21.133
!MESSAGE Problems occurred when invoking code from plug-in: "org.eclipse.jdt.ui".
!STACK 0
java.lang.IllegalArgumentException
	at org.eclipse.jdt.core.dom.InfixExpression.setOperator(InfixExpression.java:383)
	at org.eclipse.jdt.core.dom.ASTConverter.convert(ASTConverter.java:880)
	at org.eclipse.jdt.core.dom.ASTConverter.convert(ASTConverter.java:2038)
	at org.eclipse.jdt.core.dom.ASTConverter.convertToParenthesizedExpression(ASTConverter.java:3882)
	at org.eclipse.jdt.core.dom.ASTConverter.convert(ASTConverter.java:1953)
	at org.eclipse.jdt.core.dom.ASTConverter.convert(ASTConverter.java:1204)
	at org.eclipse.jdt.core.dom.ASTConverter.convert(ASTConverter.java:1990)
	at org.eclipse.jdt.core.dom.ASTConverter.convertToExpression(ASTConverter.java:3734)
	at org.eclipse.jdt.core.dom.ASTConverter.convert(ASTConverter.java:2201)
	at org.eclipse.jdt.core.dom.ASTConverter.convert(ASTConverter.java:3063)
	at org.eclipse.jdt.core.dom.ASTConverter.convert(ASTConverter.java:751)
	at org.eclipse.jdt.core.dom.ASTConverter.buildBodyDeclarations(ASTConverter.java:208)
	at org.eclipse.jdt.core.dom.ASTConverter.convert(ASTConverter.java:3419)
	at org.eclipse.jdt.core.dom.ASTConverter.convert(ASTConverter.java:1534)
	at org.eclipse.jdt.core.dom.AST.convertCompilationUnit(AST.java:561)
	at org.eclipse.jdt.internal.core.CompilationUnit.buildStructure(CompilationUnit.java:201)
	at org.eclipse.jdt.internal.core.Openable.generateInfos(Openable.java:266)
	at org.eclipse.jdt.internal.core.JavaElement.openWhenClosed(JavaElement.java:597)
	at org.eclipse.jdt.internal.core.CompilationUnit.makeConsistent(CompilationUnit.java:1148)
	at org.eclipse.jdt.internal.core.ReconcileWorkingCopyOperation.makeConsistent(ReconcileWorkingCopyOperation.java:173)
	at org.eclipse.jdt.internal.core.ReconcileWorkingCopyOperation.executeOperation(ReconcileWorkingCopyOperation.java:94)
	at org.eclipse.jdt.internal.core.JavaModelOperation.run(JavaModelOperation.java:740)
	at org.eclipse.jdt.internal.core.JavaModelOperation.runOperation(JavaModelOperation.java:806)
	at org.eclipse.jdt.internal.core.CompilationUnit.reconcile(CompilationUnit.java:1325)
	at org.eclipse.jdt.internal.ui.text.java.JavaReconcilingStrategy.reconcile(JavaReconcilingStrategy.java:132)
	at org.eclipse.jdt.internal.ui.text.java.JavaReconcilingStrategy$1.run(JavaReconcilingStrategy.java:94)
	at org.eclipse.core.runtime.SafeRunner.run(SafeRunner.java:45)
	at org.eclipse.jdt.internal.ui.text.java.JavaReconcilingStrategy.reconcile(JavaReconcilingStrategy.java:91)
	at org.eclipse.jdt.internal.ui.text.java.JavaReconcilingStrategy.reconcile(JavaReconcilingStrategy.java:158)
	at org.eclipse.jdt.internal.ui.text.CompositeReconcilingStrategy.reconcile(CompositeReconcilingStrategy.java:94)
	at org.eclipse.jdt.internal.ui.text.JavaCompositeReconcilingStrategy.reconcile(JavaCompositeReconcilingStrategy.java:107)
	at org.eclipse.jface.text.reconciler.MonoReconciler.process(MonoReconciler.java:78)
	at org.eclipse.jface.text.reconciler.AbstractReconciler$BackgroundThread.run(AbstractReconciler.java:207)

!ENTRY org.eclipse.jdt.ui 4 0 2025-04-06 19:53:21.135
!MESSAGE Error in JDT Core during reconcile
!STACK 0
java.lang.IllegalArgumentException
	at org.eclipse.jdt.core.dom.InfixExpression.setOperator(InfixExpression.java:383)
	at org.eclipse.jdt.core.dom.ASTConverter.convert(ASTConverter.java:880)
	at org.eclipse.jdt.core.dom.ASTConverter.convert(ASTConverter.java:2038)
	at org.eclipse.jdt.core.dom.ASTConverter.convertToParenthesizedExpression(ASTConverter.java:3882)
	at org.eclipse.jdt.core.dom.ASTConverter.convert(ASTConverter.java:1953)
	at org.eclipse.jdt.core.dom.ASTConverter.convert(ASTConverter.java:1204)
	at org.eclipse.jdt.core.dom.ASTConverter.convert(ASTConverter.java:1990)
	at org.eclipse.jdt.core.dom.ASTConverter.convertToExpression(ASTConverter.java:3734)
	at org.eclipse.jdt.core.dom.ASTConverter.convert(ASTConverter.java:2201)
	at org.eclipse.jdt.core.dom.ASTConverter.convert(ASTConverter.java:3063)
	at org.eclipse.jdt.core.dom.ASTConverter.convert(ASTConverter.java:751)
	at org.eclipse.jdt.core.dom.ASTConverter.buildBodyDeclarations(ASTConverter.java:208)
	at org.eclipse.jdt.core.dom.ASTConverter.convert(ASTConverter.java:3419)
	at org.eclipse.jdt.core.dom.ASTConverter.convert(ASTConverter.java:1534)
	at org.eclipse.jdt.core.dom.AST.convertCompilationUnit(AST.java:561)
	at org.eclipse.jdt.internal.core.CompilationUnit.buildStructure(CompilationUnit.java:201)
	at org.eclipse.jdt.internal.core.Openable.generateInfos(Openable.java:266)
	at org.eclipse.jdt.internal.core.JavaElement.openWhenClosed(JavaElement.java:597)
	at org.eclipse.jdt.internal.core.CompilationUnit.makeConsistent(CompilationUnit.java:1148)
	at org.eclipse.jdt.internal.core.ReconcileWorkingCopyOperation.makeConsistent(ReconcileWorkingCopyOperation.java:173)
	at org.eclipse.jdt.internal.core.ReconcileWorkingCopyOperation.executeOperation(ReconcileWorkingCopyOperation.java:94)
	at org.eclipse.jdt.internal.core.JavaModelOperation.run(JavaModelOperation.java:740)
	at org.eclipse.jdt.internal.core.JavaModelOperation.runOperation(JavaModelOperation.java:806)
	at org.eclipse.jdt.internal.core.CompilationUnit.reconcile(CompilationUnit.java:1325)
	at org.eclipse.jdt.internal.ui.text.java.JavaReconcilingStrategy.reconcile(JavaReconcilingStrategy.java:132)
	at org.eclipse.jdt.internal.ui.text.java.JavaReconcilingStrategy$1.run(JavaReconcilingStrategy.java:94)
	at org.eclipse.core.runtime.SafeRunner.run(SafeRunner.java:45)
	at org.eclipse.jdt.internal.ui.text.java.JavaReconcilingStrategy.reconcile(JavaReconcilingStrategy.java:91)
	at org.eclipse.jdt.internal.ui.text.java.JavaReconcilingStrategy.reconcile(JavaReconcilingStrategy.java:158)
	at org.eclipse.jdt.internal.ui.text.CompositeReconcilingStrategy.reconcile(CompositeReconcilingStrategy.java:94)
	at org.eclipse.jdt.internal.ui.text.JavaCompositeReconcilingStrategy.reconcile(JavaCompositeReconcilingStrategy.java:107)
	at org.eclipse.jface.text.reconciler.MonoReconciler.process(MonoReconciler.java:78)
	at org.eclipse.jface.text.reconciler.AbstractReconciler$BackgroundThread.run(AbstractReconciler.java:207)

!ENTRY org.eclipse.jdt.core 4 4 2025-04-06 19:53:21.232
!MESSAGE Exception occurred during compilation unit conversion:
----------------------------------- SOURCE BEGIN -------------------------------------
package _250406;

public class 배열_비교하기 {

	public static void main(String[] args) {
		// TODO Auto-generated method stub
		int[] arr = {49, 13}; 
		int[] arr2 = {70, 11, 2};
//		int[] arr = {100, 17, 84, 1}; 
//		int[] arr2 = {55, 12, 65, 36};
//		int[] arr = {1, 2, 3, 4, 5}; 
//		int[] arr2 = {3, 3, 3, 3, 3};
		
		int answer =0;
		int arr_len = arr.length;
		int arr2_len = arr2.length;
		for
		
		if(arr_len == arr2_len && ) {
			System.out.println(answer);
		}else {
			
		}
	}

}

----------------------------------- SOURCE END -------------------------------------
!STACK 0
java.lang.IllegalArgumentException
	at org.eclipse.jdt.core.dom.InfixExpression.setOperator(InfixExpression.java:383)
	at org.eclipse.jdt.core.dom.ASTConverter.convert(ASTConverter.java:880)
	at org.eclipse.jdt.core.dom.ASTConverter.convert(ASTConverter.java:2038)
	at org.eclipse.jdt.core.dom.ASTConverter.convertToParenthesizedExpression(ASTConverter.java:3882)
	at org.eclipse.jdt.core.dom.ASTConverter.convert(ASTConverter.java:1953)
	at org.eclipse.jdt.core.dom.ASTConverter.convert(ASTConverter.java:1204)
	at org.eclipse.jdt.core.dom.ASTConverter.convert(ASTConverter.java:1990)
	at org.eclipse.jdt.core.dom.ASTConverter.convertToExpression(ASTConverter.java:3734)
	at org.eclipse.jdt.core.dom.ASTConverter.convert(ASTConverter.java:2201)
	at org.eclipse.jdt.core.dom.ASTConverter.convert(ASTConverter.java:3063)
	at org.eclipse.jdt.core.dom.ASTConverter.convert(ASTConverter.java:751)
	at org.eclipse.jdt.core.dom.ASTConverter.buildBodyDeclarations(ASTConverter.java:208)
	at org.eclipse.jdt.core.dom.ASTConverter.convert(ASTConverter.java:3419)
	at org.eclipse.jdt.core.dom.ASTConverter.convert(ASTConverter.java:1534)
	at org.eclipse.jdt.core.dom.CompilationUnitResolver.convert(CompilationUnitResolver.java:344)
	at org.eclipse.jdt.core.dom.ASTParser.internalCreateAST(ASTParser.java:1272)
	at org.eclipse.jdt.core.dom.ASTParser.createAST(ASTParser.java:868)
	at org.eclipse.jdt.core.manipulation.CoreASTProvider$1.run(CoreASTProvider.java:294)
	at org.eclipse.core.runtime.SafeRunner.run(SafeRunner.java:45)
	at org.eclipse.jdt.core.manipulation.CoreASTProvider.createAST(CoreASTProvider.java:286)
	at org.eclipse.jdt.core.manipulation.CoreASTProvider.getAST(CoreASTProvider.java:199)
	at org.eclipse.jdt.core.manipulation.SharedASTProviderCore.getAST(SharedASTProviderCore.java:138)
	at org.eclipse.jdt.internal.ui.viewsupport.SelectionListenerWithASTManager$PartListenerGroup.calculateASTandInform(SelectionListenerWithASTManager.java:166)
	at org.eclipse.jdt.internal.ui.viewsupport.SelectionListenerWithASTManager$PartListenerGroup$1.run(SelectionListenerWithASTManager.java:151)
	at org.eclipse.core.internal.jobs.Worker.run(Worker.java:63)

!ENTRY org.eclipse.jdt.core.manipulation 4 2 2025-04-06 19:53:21.233
!MESSAGE Problems occurred when invoking code from plug-in: "org.eclipse.jdt.core.manipulation".
!STACK 0
java.lang.IllegalArgumentException
	at org.eclipse.jdt.core.dom.InfixExpression.setOperator(InfixExpression.java:383)
	at org.eclipse.jdt.core.dom.ASTConverter.convert(ASTConverter.java:880)
	at org.eclipse.jdt.core.dom.ASTConverter.convert(ASTConverter.java:2038)
	at org.eclipse.jdt.core.dom.ASTConverter.convertToParenthesizedExpression(ASTConverter.java:3882)
	at org.eclipse.jdt.core.dom.ASTConverter.convert(ASTConverter.java:1953)
	at org.eclipse.jdt.core.dom.ASTConverter.convert(ASTConverter.java:1204)
	at org.eclipse.jdt.core.dom.ASTConverter.convert(ASTConverter.java:1990)
	at org.eclipse.jdt.core.dom.ASTConverter.convertToExpression(ASTConverter.java:3734)
	at org.eclipse.jdt.core.dom.ASTConverter.convert(ASTConverter.java:2201)
	at org.eclipse.jdt.core.dom.ASTConverter.convert(ASTConverter.java:3063)
	at org.eclipse.jdt.core.dom.ASTConverter.convert(ASTConverter.java:751)
	at org.eclipse.jdt.core.dom.ASTConverter.buildBodyDeclarations(ASTConverter.java:208)
	at org.eclipse.jdt.core.dom.ASTConverter.convert(ASTConverter.java:3419)
	at org.eclipse.jdt.core.dom.ASTConverter.convert(ASTConverter.java:1534)
	at org.eclipse.jdt.core.dom.CompilationUnitResolver.convert(CompilationUnitResolver.java:344)
	at org.eclipse.jdt.core.dom.ASTParser.internalCreateAST(ASTParser.java:1272)
	at org.eclipse.jdt.core.dom.ASTParser.createAST(ASTParser.java:868)
	at org.eclipse.jdt.core.manipulation.CoreASTProvider$1.run(CoreASTProvider.java:294)
	at org.eclipse.core.runtime.SafeRunner.run(SafeRunner.java:45)
	at org.eclipse.jdt.core.manipulation.CoreASTProvider.createAST(CoreASTProvider.java:286)
	at org.eclipse.jdt.core.manipulation.CoreASTProvider.getAST(CoreASTProvider.java:199)
	at org.eclipse.jdt.core.manipulation.SharedASTProviderCore.getAST(SharedASTProviderCore.java:138)
	at org.eclipse.jdt.internal.ui.viewsupport.SelectionListenerWithASTManager$PartListenerGroup.calculateASTandInform(SelectionListenerWithASTManager.java:166)
	at org.eclipse.jdt.internal.ui.viewsupport.SelectionListenerWithASTManager$PartListenerGroup$1.run(SelectionListenerWithASTManager.java:151)
	at org.eclipse.core.internal.jobs.Worker.run(Worker.java:63)

!ENTRY org.eclipse.jdt.core.manipulation 4 0 2025-04-06 19:53:21.234
!MESSAGE Error in JDT Core during AST creation
!STACK 0
java.lang.IllegalArgumentException
	at org.eclipse.jdt.core.dom.InfixExpression.setOperator(InfixExpression.java:383)
	at org.eclipse.jdt.core.dom.ASTConverter.convert(ASTConverter.java:880)
	at org.eclipse.jdt.core.dom.ASTConverter.convert(ASTConverter.java:2038)
	at org.eclipse.jdt.core.dom.ASTConverter.convertToParenthesizedExpression(ASTConverter.java:3882)
	at org.eclipse.jdt.core.dom.ASTConverter.convert(ASTConverter.java:1953)
	at org.eclipse.jdt.core.dom.ASTConverter.convert(ASTConverter.java:1204)
	at org.eclipse.jdt.core.dom.ASTConverter.convert(ASTConverter.java:1990)
	at org.eclipse.jdt.core.dom.ASTConverter.convertToExpression(ASTConverter.java:3734)
	at org.eclipse.jdt.core.dom.ASTConverter.convert(ASTConverter.java:2201)
	at org.eclipse.jdt.core.dom.ASTConverter.convert(ASTConverter.java:3063)
	at org.eclipse.jdt.core.dom.ASTConverter.convert(ASTConverter.java:751)
	at org.eclipse.jdt.core.dom.ASTConverter.buildBodyDeclarations(ASTConverter.java:208)
	at org.eclipse.jdt.core.dom.ASTConverter.convert(ASTConverter.java:3419)
	at org.eclipse.jdt.core.dom.ASTConverter.convert(ASTConverter.java:1534)
	at org.eclipse.jdt.core.dom.CompilationUnitResolver.convert(CompilationUnitResolver.java:344)
	at org.eclipse.jdt.core.dom.ASTParser.internalCreateAST(ASTParser.java:1272)
	at org.eclipse.jdt.core.dom.ASTParser.createAST(ASTParser.java:868)
	at org.eclipse.jdt.core.manipulation.CoreASTProvider$1.run(CoreASTProvider.java:294)
	at org.eclipse.core.runtime.SafeRunner.run(SafeRunner.java:45)
	at org.eclipse.jdt.core.manipulation.CoreASTProvider.createAST(CoreASTProvider.java:286)
	at org.eclipse.jdt.core.manipulation.CoreASTProvider.getAST(CoreASTProvider.java:199)
	at org.eclipse.jdt.core.manipulation.SharedASTProviderCore.getAST(SharedASTProviderCore.java:138)
	at org.eclipse.jdt.internal.ui.viewsupport.SelectionListenerWithASTManager$PartListenerGroup.calculateASTandInform(SelectionListenerWithASTManager.java:166)
	at org.eclipse.jdt.internal.ui.viewsupport.SelectionListenerWithASTManager$PartListenerGroup$1.run(SelectionListenerWithASTManager.java:151)
	at org.eclipse.core.internal.jobs.Worker.run(Worker.java:63)

!ENTRY org.eclipse.jdt.core 4 4 2025-04-06 19:53:21.781
!MESSAGE Exception occurred during compilation unit conversion:
----------------------------------- SOURCE BEGIN -------------------------------------
package _250406;

public class 배열_비교하기 {

	public static void main(String[] args) {
		// TODO Auto-generated method stub
		int[] arr = {49, 13}; 
		int[] arr2 = {70, 11, 2};
//		int[] arr = {100, 17, 84, 1}; 
//		int[] arr2 = {55, 12, 65, 36};
//		int[] arr = {1, 2, 3, 4, 5}; 
//		int[] arr2 = {3, 3, 3, 3, 3};
		
		int answer =0;
		int arr_len = arr.length;
		int arr2_len = arr2.length;
		for()
		
		if(arr_len == arr2_len && ) {
			System.out.println(answer);
		}else {
			
		}
	}

}

----------------------------------- SOURCE END -------------------------------------
!STACK 0
java.lang.IllegalArgumentException
	at org.eclipse.jdt.core.dom.InfixExpression.setOperator(InfixExpression.java:383)
	at org.eclipse.jdt.core.dom.ASTConverter.convert(ASTConverter.java:880)
	at org.eclipse.jdt.core.dom.ASTConverter.convert(ASTConverter.java:2038)
	at org.eclipse.jdt.core.dom.ASTConverter.convertToParenthesizedExpression(ASTConverter.java:3882)
	at org.eclipse.jdt.core.dom.ASTConverter.convert(ASTConverter.java:1953)
	at org.eclipse.jdt.core.dom.ASTConverter.convert(ASTConverter.java:1204)
	at org.eclipse.jdt.core.dom.ASTConverter.convert(ASTConverter.java:1990)
	at org.eclipse.jdt.core.dom.ASTConverter.convertToExpression(ASTConverter.java:3734)
	at org.eclipse.jdt.core.dom.ASTConverter.convert(ASTConverter.java:2201)
	at org.eclipse.jdt.core.dom.ASTConverter.convert(ASTConverter.java:3063)
	at org.eclipse.jdt.core.dom.ASTConverter.convert(ASTConverter.java:751)
	at org.eclipse.jdt.core.dom.ASTConverter.buildBodyDeclarations(ASTConverter.java:208)
	at org.eclipse.jdt.core.dom.ASTConverter.convert(ASTConverter.java:3419)
	at org.eclipse.jdt.core.dom.ASTConverter.convert(ASTConverter.java:1534)
	at org.eclipse.jdt.core.dom.AST.convertCompilationUnit(AST.java:561)
	at org.eclipse.jdt.internal.core.CompilationUnit.buildStructure(CompilationUnit.java:201)
	at org.eclipse.jdt.internal.core.Openable.generateInfos(Openable.java:266)
	at org.eclipse.jdt.internal.core.JavaElement.openWhenClosed(JavaElement.java:597)
	at org.eclipse.jdt.internal.core.CompilationUnit.makeConsistent(CompilationUnit.java:1148)
	at org.eclipse.jdt.internal.core.ReconcileWorkingCopyOperation.makeConsistent(ReconcileWorkingCopyOperation.java:173)
	at org.eclipse.jdt.internal.core.ReconcileWorkingCopyOperation.executeOperation(ReconcileWorkingCopyOperation.java:94)
	at org.eclipse.jdt.internal.core.JavaModelOperation.run(JavaModelOperation.java:740)
	at org.eclipse.jdt.internal.core.JavaModelOperation.runOperation(JavaModelOperation.java:806)
	at org.eclipse.jdt.internal.core.CompilationUnit.reconcile(CompilationUnit.java:1325)
	at org.eclipse.jdt.internal.ui.text.java.JavaReconcilingStrategy.reconcile(JavaReconcilingStrategy.java:132)
	at org.eclipse.jdt.internal.ui.text.java.JavaReconcilingStrategy$1.run(JavaReconcilingStrategy.java:94)
	at org.eclipse.core.runtime.SafeRunner.run(SafeRunner.java:45)
	at org.eclipse.jdt.internal.ui.text.java.JavaReconcilingStrategy.reconcile(JavaReconcilingStrategy.java:91)
	at org.eclipse.jdt.internal.ui.text.java.JavaReconcilingStrategy.reconcile(JavaReconcilingStrategy.java:158)
	at org.eclipse.jdt.internal.ui.text.CompositeReconcilingStrategy.reconcile(CompositeReconcilingStrategy.java:94)
	at org.eclipse.jdt.internal.ui.text.JavaCompositeReconcilingStrategy.reconcile(JavaCompositeReconcilingStrategy.java:107)
	at org.eclipse.jface.text.reconciler.MonoReconciler.process(MonoReconciler.java:78)
	at org.eclipse.jface.text.reconciler.AbstractReconciler$BackgroundThread.run(AbstractReconciler.java:207)

!ENTRY org.eclipse.jdt.ui 4 2 2025-04-06 19:53:21.783
!MESSAGE Problems occurred when invoking code from plug-in: "org.eclipse.jdt.ui".
!STACK 0
java.lang.IllegalArgumentException
	at org.eclipse.jdt.core.dom.InfixExpression.setOperator(InfixExpression.java:383)
	at org.eclipse.jdt.core.dom.ASTConverter.convert(ASTConverter.java:880)
	at org.eclipse.jdt.core.dom.ASTConverter.convert(ASTConverter.java:2038)
	at org.eclipse.jdt.core.dom.ASTConverter.convertToParenthesizedExpression(ASTConverter.java:3882)
	at org.eclipse.jdt.core.dom.ASTConverter.convert(ASTConverter.java:1953)
	at org.eclipse.jdt.core.dom.ASTConverter.convert(ASTConverter.java:1204)
	at org.eclipse.jdt.core.dom.ASTConverter.convert(ASTConverter.java:1990)
	at org.eclipse.jdt.core.dom.ASTConverter.convertToExpression(ASTConverter.java:3734)
	at org.eclipse.jdt.core.dom.ASTConverter.convert(ASTConverter.java:2201)
	at org.eclipse.jdt.core.dom.ASTConverter.convert(ASTConverter.java:3063)
	at org.eclipse.jdt.core.dom.ASTConverter.convert(ASTConverter.java:751)
	at org.eclipse.jdt.core.dom.ASTConverter.buildBodyDeclarations(ASTConverter.java:208)
	at org.eclipse.jdt.core.dom.ASTConverter.convert(ASTConverter.java:3419)
	at org.eclipse.jdt.core.dom.ASTConverter.convert(ASTConverter.java:1534)
	at org.eclipse.jdt.core.dom.AST.convertCompilationUnit(AST.java:561)
	at org.eclipse.jdt.internal.core.CompilationUnit.buildStructure(CompilationUnit.java:201)
	at org.eclipse.jdt.internal.core.Openable.generateInfos(Openable.java:266)
	at org.eclipse.jdt.internal.core.JavaElement.openWhenClosed(JavaElement.java:597)
	at org.eclipse.jdt.internal.core.CompilationUnit.makeConsistent(CompilationUnit.java:1148)
	at org.eclipse.jdt.internal.core.ReconcileWorkingCopyOperation.makeConsistent(ReconcileWorkingCopyOperation.java:173)
	at org.eclipse.jdt.internal.core.ReconcileWorkingCopyOperation.executeOperation(ReconcileWorkingCopyOperation.java:94)
	at org.eclipse.jdt.internal.core.JavaModelOperation.run(JavaModelOperation.java:740)
	at org.eclipse.jdt.internal.core.JavaModelOperation.runOperation(JavaModelOperation.java:806)
	at org.eclipse.jdt.internal.core.CompilationUnit.reconcile(CompilationUnit.java:1325)
	at org.eclipse.jdt.internal.ui.text.java.JavaReconcilingStrategy.reconcile(JavaReconcilingStrategy.java:132)
	at org.eclipse.jdt.internal.ui.text.java.JavaReconcilingStrategy$1.run(JavaReconcilingStrategy.java:94)
	at org.eclipse.core.runtime.SafeRunner.run(SafeRunner.java:45)
	at org.eclipse.jdt.internal.ui.text.java.JavaReconcilingStrategy.reconcile(JavaReconcilingStrategy.java:91)
	at org.eclipse.jdt.internal.ui.text.java.JavaReconcilingStrategy.reconcile(JavaReconcilingStrategy.java:158)
	at org.eclipse.jdt.internal.ui.text.CompositeReconcilingStrategy.reconcile(CompositeReconcilingStrategy.java:94)
	at org.eclipse.jdt.internal.ui.text.JavaCompositeReconcilingStrategy.reconcile(JavaCompositeReconcilingStrategy.java:107)
	at org.eclipse.jface.text.reconciler.MonoReconciler.process(MonoReconciler.java:78)
	at org.eclipse.jface.text.reconciler.AbstractReconciler$BackgroundThread.run(AbstractReconciler.java:207)

!ENTRY org.eclipse.jdt.ui 4 0 2025-04-06 19:53:21.783
!MESSAGE Error in JDT Core during reconcile
!STACK 0
java.lang.IllegalArgumentException
	at org.eclipse.jdt.core.dom.InfixExpression.setOperator(InfixExpression.java:383)
	at org.eclipse.jdt.core.dom.ASTConverter.convert(ASTConverter.java:880)
	at org.eclipse.jdt.core.dom.ASTConverter.convert(ASTConverter.java:2038)
	at org.eclipse.jdt.core.dom.ASTConverter.convertToParenthesizedExpression(ASTConverter.java:3882)
	at org.eclipse.jdt.core.dom.ASTConverter.convert(ASTConverter.java:1953)
	at org.eclipse.jdt.core.dom.ASTConverter.convert(ASTConverter.java:1204)
	at org.eclipse.jdt.core.dom.ASTConverter.convert(ASTConverter.java:1990)
	at org.eclipse.jdt.core.dom.ASTConverter.convertToExpression(ASTConverter.java:3734)
	at org.eclipse.jdt.core.dom.ASTConverter.convert(ASTConverter.java:2201)
	at org.eclipse.jdt.core.dom.ASTConverter.convert(ASTConverter.java:3063)
	at org.eclipse.jdt.core.dom.ASTConverter.convert(ASTConverter.java:751)
	at org.eclipse.jdt.core.dom.ASTConverter.buildBodyDeclarations(ASTConverter.java:208)
	at org.eclipse.jdt.core.dom.ASTConverter.convert(ASTConverter.java:3419)
	at org.eclipse.jdt.core.dom.ASTConverter.convert(ASTConverter.java:1534)
	at org.eclipse.jdt.core.dom.AST.convertCompilationUnit(AST.java:561)
	at org.eclipse.jdt.internal.core.CompilationUnit.buildStructure(CompilationUnit.java:201)
	at org.eclipse.jdt.internal.core.Openable.generateInfos(Openable.java:266)
	at org.eclipse.jdt.internal.core.JavaElement.openWhenClosed(JavaElement.java:597)
	at org.eclipse.jdt.internal.core.CompilationUnit.makeConsistent(CompilationUnit.java:1148)
	at org.eclipse.jdt.internal.core.ReconcileWorkingCopyOperation.makeConsistent(ReconcileWorkingCopyOperation.java:173)
	at org.eclipse.jdt.internal.core.ReconcileWorkingCopyOperation.executeOperation(ReconcileWorkingCopyOperation.java:94)
	at org.eclipse.jdt.internal.core.JavaModelOperation.run(JavaModelOperation.java:740)
	at org.eclipse.jdt.internal.core.JavaModelOperation.runOperation(JavaModelOperation.java:806)
	at org.eclipse.jdt.internal.core.CompilationUnit.reconcile(CompilationUnit.java:1325)
	at org.eclipse.jdt.internal.ui.text.java.JavaReconcilingStrategy.reconcile(JavaReconcilingStrategy.java:132)
	at org.eclipse.jdt.internal.ui.text.java.JavaReconcilingStrategy$1.run(JavaReconcilingStrategy.java:94)
	at org.eclipse.core.runtime.SafeRunner.run(SafeRunner.java:45)
	at org.eclipse.jdt.internal.ui.text.java.JavaReconcilingStrategy.reconcile(JavaReconcilingStrategy.java:91)
	at org.eclipse.jdt.internal.ui.text.java.JavaReconcilingStrategy.reconcile(JavaReconcilingStrategy.java:158)
	at org.eclipse.jdt.internal.ui.text.CompositeReconcilingStrategy.reconcile(CompositeReconcilingStrategy.java:94)
	at org.eclipse.jdt.internal.ui.text.JavaCompositeReconcilingStrategy.reconcile(JavaCompositeReconcilingStrategy.java:107)
	at org.eclipse.jface.text.reconciler.MonoReconciler.process(MonoReconciler.java:78)
	at org.eclipse.jface.text.reconciler.AbstractReconciler$BackgroundThread.run(AbstractReconciler.java:207)

!ENTRY org.eclipse.jdt.core 4 4 2025-04-06 19:53:21.969
!MESSAGE Exception occurred during compilation unit conversion:
----------------------------------- SOURCE BEGIN -------------------------------------
package _250406;

public class 배열_비교하기 {

	public static void main(String[] args) {
		// TODO Auto-generated method stub
		int[] arr = {49, 13}; 
		int[] arr2 = {70, 11, 2};
//		int[] arr = {100, 17, 84, 1}; 
//		int[] arr2 = {55, 12, 65, 36};
//		int[] arr = {1, 2, 3, 4, 5}; 
//		int[] arr2 = {3, 3, 3, 3, 3};
		
		int answer =0;
		int arr_len = arr.length;
		int arr2_len = arr2.length;
		for()
		
		if(arr_len == arr2_len && ) {
			System.out.println(answer);
		}else {
			
		}
	}

}

----------------------------------- SOURCE END -------------------------------------
!STACK 0
java.lang.IllegalArgumentException
	at org.eclipse.jdt.core.dom.InfixExpression.setOperator(InfixExpression.java:383)
	at org.eclipse.jdt.core.dom.ASTConverter.convert(ASTConverter.java:880)
	at org.eclipse.jdt.core.dom.ASTConverter.convert(ASTConverter.java:2038)
	at org.eclipse.jdt.core.dom.ASTConverter.convertToParenthesizedExpression(ASTConverter.java:3882)
	at org.eclipse.jdt.core.dom.ASTConverter.convert(ASTConverter.java:1953)
	at org.eclipse.jdt.core.dom.ASTConverter.convert(ASTConverter.java:1204)
	at org.eclipse.jdt.core.dom.ASTConverter.convert(ASTConverter.java:1990)
	at org.eclipse.jdt.core.dom.ASTConverter.convertToExpression(ASTConverter.java:3734)
	at org.eclipse.jdt.core.dom.ASTConverter.convert(ASTConverter.java:2201)
	at org.eclipse.jdt.core.dom.ASTConverter.convert(ASTConverter.java:3063)
	at org.eclipse.jdt.core.dom.ASTConverter.convert(ASTConverter.java:751)
	at org.eclipse.jdt.core.dom.ASTConverter.buildBodyDeclarations(ASTConverter.java:208)
	at org.eclipse.jdt.core.dom.ASTConverter.convert(ASTConverter.java:3419)
	at org.eclipse.jdt.core.dom.ASTConverter.convert(ASTConverter.java:1534)
	at org.eclipse.jdt.core.dom.CompilationUnitResolver.convert(CompilationUnitResolver.java:344)
	at org.eclipse.jdt.core.dom.ASTParser.internalCreateAST(ASTParser.java:1272)
	at org.eclipse.jdt.core.dom.ASTParser.createAST(ASTParser.java:868)
	at org.eclipse.jdt.core.manipulation.CoreASTProvider$1.run(CoreASTProvider.java:294)
	at org.eclipse.core.runtime.SafeRunner.run(SafeRunner.java:45)
	at org.eclipse.jdt.core.manipulation.CoreASTProvider.createAST(CoreASTProvider.java:286)
	at org.eclipse.jdt.core.manipulation.CoreASTProvider.getAST(CoreASTProvider.java:199)
	at org.eclipse.jdt.core.manipulation.SharedASTProviderCore.getAST(SharedASTProviderCore.java:138)
	at org.eclipse.jdt.internal.ui.viewsupport.SelectionListenerWithASTManager$PartListenerGroup.calculateASTandInform(SelectionListenerWithASTManager.java:166)
	at org.eclipse.jdt.internal.ui.viewsupport.SelectionListenerWithASTManager$PartListenerGroup$1.run(SelectionListenerWithASTManager.java:151)
	at org.eclipse.core.internal.jobs.Worker.run(Worker.java:63)

!ENTRY org.eclipse.jdt.core.manipulation 4 2 2025-04-06 19:53:21.971
!MESSAGE Problems occurred when invoking code from plug-in: "org.eclipse.jdt.core.manipulation".
!STACK 0
java.lang.IllegalArgumentException
	at org.eclipse.jdt.core.dom.InfixExpression.setOperator(InfixExpression.java:383)
	at org.eclipse.jdt.core.dom.ASTConverter.convert(ASTConverter.java:880)
	at org.eclipse.jdt.core.dom.ASTConverter.convert(ASTConverter.java:2038)
	at org.eclipse.jdt.core.dom.ASTConverter.convertToParenthesizedExpression(ASTConverter.java:3882)
	at org.eclipse.jdt.core.dom.ASTConverter.convert(ASTConverter.java:1953)
	at org.eclipse.jdt.core.dom.ASTConverter.convert(ASTConverter.java:1204)
	at org.eclipse.jdt.core.dom.ASTConverter.convert(ASTConverter.java:1990)
	at org.eclipse.jdt.core.dom.ASTConverter.convertToExpression(ASTConverter.java:3734)
	at org.eclipse.jdt.core.dom.ASTConverter.convert(ASTConverter.java:2201)
	at org.eclipse.jdt.core.dom.ASTConverter.convert(ASTConverter.java:3063)
	at org.eclipse.jdt.core.dom.ASTConverter.convert(ASTConverter.java:751)
	at org.eclipse.jdt.core.dom.ASTConverter.buildBodyDeclarations(ASTConverter.java:208)
	at org.eclipse.jdt.core.dom.ASTConverter.convert(ASTConverter.java:3419)
	at org.eclipse.jdt.core.dom.ASTConverter.convert(ASTConverter.java:1534)
	at org.eclipse.jdt.core.dom.CompilationUnitResolver.convert(CompilationUnitResolver.java:344)
	at org.eclipse.jdt.core.dom.ASTParser.internalCreateAST(ASTParser.java:1272)
	at org.eclipse.jdt.core.dom.ASTParser.createAST(ASTParser.java:868)
	at org.eclipse.jdt.core.manipulation.CoreASTProvider$1.run(CoreASTProvider.java:294)
	at org.eclipse.core.runtime.SafeRunner.run(SafeRunner.java:45)
	at org.eclipse.jdt.core.manipulation.CoreASTProvider.createAST(CoreASTProvider.java:286)
	at org.eclipse.jdt.core.manipulation.CoreASTProvider.getAST(CoreASTProvider.java:199)
	at org.eclipse.jdt.core.manipulation.SharedASTProviderCore.getAST(SharedASTProviderCore.java:138)
	at org.eclipse.jdt.internal.ui.viewsupport.SelectionListenerWithASTManager$PartListenerGroup.calculateASTandInform(SelectionListenerWithASTManager.java:166)
	at org.eclipse.jdt.internal.ui.viewsupport.SelectionListenerWithASTManager$PartListenerGroup$1.run(SelectionListenerWithASTManager.java:151)
	at org.eclipse.core.internal.jobs.Worker.run(Worker.java:63)

!ENTRY org.eclipse.jdt.core.manipulation 4 0 2025-04-06 19:53:21.971
!MESSAGE Error in JDT Core during AST creation
!STACK 0
java.lang.IllegalArgumentException
	at org.eclipse.jdt.core.dom.InfixExpression.setOperator(InfixExpression.java:383)
	at org.eclipse.jdt.core.dom.ASTConverter.convert(ASTConverter.java:880)
	at org.eclipse.jdt.core.dom.ASTConverter.convert(ASTConverter.java:2038)
	at org.eclipse.jdt.core.dom.ASTConverter.convertToParenthesizedExpression(ASTConverter.java:3882)
	at org.eclipse.jdt.core.dom.ASTConverter.convert(ASTConverter.java:1953)
	at org.eclipse.jdt.core.dom.ASTConverter.convert(ASTConverter.java:1204)
	at org.eclipse.jdt.core.dom.ASTConverter.convert(ASTConverter.java:1990)
	at org.eclipse.jdt.core.dom.ASTConverter.convertToExpression(ASTConverter.java:3734)
	at org.eclipse.jdt.core.dom.ASTConverter.convert(ASTConverter.java:2201)
	at org.eclipse.jdt.core.dom.ASTConverter.convert(ASTConverter.java:3063)
	at org.eclipse.jdt.core.dom.ASTConverter.convert(ASTConverter.java:751)
	at org.eclipse.jdt.core.dom.ASTConverter.buildBodyDeclarations(ASTConverter.java:208)
	at org.eclipse.jdt.core.dom.ASTConverter.convert(ASTConverter.java:3419)
	at org.eclipse.jdt.core.dom.ASTConverter.convert(ASTConverter.java:1534)
	at org.eclipse.jdt.core.dom.CompilationUnitResolver.convert(CompilationUnitResolver.java:344)
	at org.eclipse.jdt.core.dom.ASTParser.internalCreateAST(ASTParser.java:1272)
	at org.eclipse.jdt.core.dom.ASTParser.createAST(ASTParser.java:868)
	at org.eclipse.jdt.core.manipulation.CoreASTProvider$1.run(CoreASTProvider.java:294)
	at org.eclipse.core.runtime.SafeRunner.run(SafeRunner.java:45)
	at org.eclipse.jdt.core.manipulation.CoreASTProvider.createAST(CoreASTProvider.java:286)
	at org.eclipse.jdt.core.manipulation.CoreASTProvider.getAST(CoreASTProvider.java:199)
	at org.eclipse.jdt.core.manipulation.SharedASTProviderCore.getAST(SharedASTProviderCore.java:138)
	at org.eclipse.jdt.internal.ui.viewsupport.SelectionListenerWithASTManager$PartListenerGroup.calculateASTandInform(SelectionListenerWithASTManager.java:166)
	at org.eclipse.jdt.internal.ui.viewsupport.SelectionListenerWithASTManager$PartListenerGroup$1.run(SelectionListenerWithASTManager.java:151)
	at org.eclipse.core.internal.jobs.Worker.run(Worker.java:63)
!SESSION 2025-04-09 18:14:08.283 -----------------------------------------------
eclipse.buildId=4.18.0.202303131455
java.version=17.0.6
java.vendor=Eclipse Adoptium
BootLoader constants: OS=win32, ARCH=x86_64, WS=win32, NL=ko_KR
Framework arguments:  -product org.springframework.boot.ide.branding.sts4
Command-line arguments:  -os win32 -ws win32 -arch x86_64 -product org.springframework.boot.ide.branding.sts4

!ENTRY ch.qos.logback.classic 1 0 2025-04-09 18:14:12.674
!MESSAGE Activated before the state location was initialized. Retry after the state location is initialized.

!ENTRY ch.qos.logback.classic 1 0 2025-04-09 18:14:21.244
!MESSAGE Logback config file: C:\sist1226\javacoding\.metadata\.plugins\org.eclipse.m2e.logback\logback.2.1.100.20230106-1511.xml

!ENTRY org.eclipse.jface 2 0 2025-04-09 18:14:43.362
!MESSAGE Keybinding conflicts occurred.  They may interfere with normal accelerator operation.
!SUBENTRY 1 org.eclipse.jface 2 0 2025-04-09 18:14:43.362
!MESSAGE A conflict occurred for CTRL+SHIFT+T:
Binding(CTRL+SHIFT+T,
	ParameterizedCommand(Command(org.eclipse.jdt.ui.navigate.open.type,Open Type,
		Open a type in a Java editor,
		Category(org.eclipse.ui.category.navigate,Navigate,null,true),
		WorkbenchHandlerServiceHandler("org.eclipse.jdt.ui.navigate.open.type"),
		,,true),null),
	org.eclipse.ui.defaultAcceleratorConfiguration,
	org.eclipse.ui.contexts.window,,,system)
Binding(CTRL+SHIFT+T,
	ParameterizedCommand(Command(org.eclipse.lsp4e.symbolinworkspace,Go to Symbol in Workspace,
		,
		Category(org.eclipse.lsp4e.category,Language Servers,null,true),
		WorkbenchHandlerServiceHandler("org.eclipse.lsp4e.symbolinworkspace"),
		,,true),null),
	org.eclipse.ui.defaultAcceleratorConfiguration,
	org.eclipse.ui.contexts.window,,,system)
!SUBENTRY 1 org.eclipse.jface 2 0 2025-04-09 18:14:43.362
!MESSAGE A conflict occurred for ALT+SHIFT+R:
Binding(ALT+SHIFT+R,
	ParameterizedCommand(Command(org.eclipse.jdt.ui.edit.text.java.rename.element,Rename - Refactoring ,
		Rename the selected element,
		Category(org.eclipse.jdt.ui.category.refactoring,Refactor - Java,Java Refactoring Actions,true),
		WorkbenchHandlerServiceHandler("org.eclipse.jdt.ui.edit.text.java.rename.element"),
		,,true),null),
	org.eclipse.ui.defaultAcceleratorConfiguration,
	org.eclipse.ui.contexts.window,,,system)
Binding(ALT+SHIFT+R,
	ParameterizedCommand(Command(org.eclipse.ui.edit.rename,Rename,
		Rename the selected item,
		Category(org.eclipse.ui.category.file,File,null,true),
		WorkbenchHandlerServiceHandler("org.eclipse.ui.edit.rename"),
		,,true),null),
	org.eclipse.ui.defaultAcceleratorConfiguration,
	org.eclipse.ui.contexts.window,,,system)

!ENTRY org.eclipse.lsp4e 2 0 2025-04-09 23:29:46.273
!MESSAGE Javadoc unavailable. Failed to obtain it.
!STACK 0
java.lang.InterruptedException
	at java.base/java.util.concurrent.CompletableFuture.reportGet(CompletableFuture.java:386)
	at java.base/java.util.concurrent.CompletableFuture.get(CompletableFuture.java:2096)
	at org.eclipse.lsp4e.jdt.LSJavaHoverProvider.getHoverInfo2(LSJavaHoverProvider.java:65)
	at org.eclipse.jdt.internal.ui.text.java.hover.BestMatchHover.getHoverInfo2(BestMatchHover.java:163)
	at org.eclipse.jdt.internal.ui.text.java.hover.BestMatchHover.getHoverInfo2(BestMatchHover.java:130)
	at org.eclipse.jdt.internal.ui.text.java.hover.JavaEditorTextHoverProxy.getHoverInfo2(JavaEditorTextHoverProxy.java:89)
	at org.eclipse.jface.text.TextViewerHoverManager$1.run(TextViewerHoverManager.java:155)

!ENTRY org.eclipse.lsp4e 2 0 2025-04-09 23:30:36.039
!MESSAGE Unable to compute end of document
!STACK 0
org.eclipse.jface.text.BadLocationException
	at org.eclipse.jface.text.TreeLineTracker.fail(TreeLineTracker.java:1054)
	at org.eclipse.jface.text.TreeLineTracker.lineByOffset(TreeLineTracker.java:268)
	at org.eclipse.jface.text.TreeLineTracker.getLineNumberOfOffset(TreeLineTracker.java:1122)
	at org.eclipse.jface.text.AbstractLineTracker.getLineNumberOfOffset(AbstractLineTracker.java:246)
	at org.eclipse.jface.text.AbstractDocument.getLineOfOffset(AbstractDocument.java:872)
	at org.eclipse.core.internal.filebuffers.SynchronizableDocument.getLineOfOffset(SynchronizableDocument.java:334)
	at org.eclipse.lsp4e.LSPEclipseUtils.toPosition(LSPEclipseUtils.java:169)
	at org.eclipse.lsp4e.operations.inlayhint.InlayHintProvider.provideCodeMinings(InlayHintProvider.java:44)
	at org.eclipse.lsp4e.operations.inlayhint.InlayHintProvider.provideCodeMinings(InlayHintProvider.java:80)
	at org.eclipse.jface.internal.text.codemining.CodeMiningManager.lambda$2(CodeMiningManager.java:189)
	at java.base/java.util.stream.ReferencePipeline$3$1.accept(ReferencePipeline.java:197)
	at java.base/java.util.Spliterators$ArraySpliterator.forEachRemaining(Spliterators.java:992)
	at java.base/java.util.stream.AbstractPipeline.copyInto(AbstractPipeline.java:509)
	at java.base/java.util.stream.AbstractPipeline.wrapAndCopyInto(AbstractPipeline.java:499)
	at java.base/java.util.stream.ReduceOps$ReduceOp.evaluateSequential(ReduceOps.java:921)
	at java.base/java.util.stream.AbstractPipeline.evaluate(AbstractPipeline.java:234)
	at java.base/java.util.stream.ReferencePipeline.collect(ReferencePipeline.java:682)
	at org.eclipse.jface.internal.text.codemining.CodeMiningManager.getCodeMinings(CodeMiningManager.java:195)
	at org.eclipse.jface.internal.text.codemining.CodeMiningManager.updateCodeMinings(CodeMiningManager.java:140)
	at org.eclipse.jface.internal.text.codemining.CodeMiningManager.run(CodeMiningManager.java:129)
	at org.eclipse.jface.text.source.SourceViewer.updateCodeMinings(SourceViewer.java:1333)
	at org.eclipse.jdt.internal.ui.javaeditor.JavaCodeMiningReconciler.reconciled(JavaCodeMiningReconciler.java:51)
	at org.eclipse.jdt.internal.ui.javaeditor.CompilationUnitEditor.reconciled(CompilationUnitEditor.java:1681)
	at org.eclipse.jdt.internal.ui.text.java.JavaReconcilingStrategy.reconciled(JavaReconcilingStrategy.java:228)
	at org.eclipse.jdt.internal.ui.text.JavaCompositeReconcilingStrategy.reconciled(JavaCompositeReconcilingStrategy.java:171)
	at org.eclipse.jdt.internal.ui.text.JavaCompositeReconcilingStrategy.reconcile(JavaCompositeReconcilingStrategy.java:115)
	at org.eclipse.jface.text.reconciler.MonoReconciler.process(MonoReconciler.java:78)
	at org.eclipse.jface.text.reconciler.AbstractReconciler$BackgroundThread.run(AbstractReconciler.java:207)
!SESSION 2025-04-10 22:12:49.286 -----------------------------------------------
eclipse.buildId=4.18.0.202303131455
java.version=17.0.6
java.vendor=Eclipse Adoptium
BootLoader constants: OS=win32, ARCH=x86_64, WS=win32, NL=ko_KR
Framework arguments:  -product org.springframework.boot.ide.branding.sts4
Command-line arguments:  -os win32 -ws win32 -arch x86_64 -product org.springframework.boot.ide.branding.sts4

!ENTRY ch.qos.logback.classic 1 0 2025-04-10 22:12:54.344
!MESSAGE Activated before the state location was initialized. Retry after the state location is initialized.

!ENTRY ch.qos.logback.classic 1 0 2025-04-10 22:19:40.411
!MESSAGE Logback config file: C:\sist1226\javacoding\.metadata\.plugins\org.eclipse.m2e.logback\logback.2.1.100.20230106-1511.xml

!ENTRY org.eclipse.jface 2 0 2025-04-10 22:20:07.196
!MESSAGE Keybinding conflicts occurred.  They may interfere with normal accelerator operation.
!SUBENTRY 1 org.eclipse.jface 2 0 2025-04-10 22:20:07.196
!MESSAGE A conflict occurred for CTRL+SHIFT+T:
Binding(CTRL+SHIFT+T,
	ParameterizedCommand(Command(org.eclipse.jdt.ui.navigate.open.type,Open Type,
		Open a type in a Java editor,
		Category(org.eclipse.ui.category.navigate,Navigate,null,true),
		WorkbenchHandlerServiceHandler("org.eclipse.jdt.ui.navigate.open.type"),
		,,true),null),
	org.eclipse.ui.defaultAcceleratorConfiguration,
	org.eclipse.ui.contexts.window,,,system)
Binding(CTRL+SHIFT+T,
	ParameterizedCommand(Command(org.eclipse.lsp4e.symbolinworkspace,Go to Symbol in Workspace,
		,
		Category(org.eclipse.lsp4e.category,Language Servers,null,true),
		WorkbenchHandlerServiceHandler("org.eclipse.lsp4e.symbolinworkspace"),
		,,true),null),
	org.eclipse.ui.defaultAcceleratorConfiguration,
	org.eclipse.ui.contexts.window,,,system)
!SUBENTRY 1 org.eclipse.jface 2 0 2025-04-10 22:20:07.196
!MESSAGE A conflict occurred for ALT+SHIFT+R:
Binding(ALT+SHIFT+R,
	ParameterizedCommand(Command(org.eclipse.jdt.ui.edit.text.java.rename.element,Rename - Refactoring ,
		Rename the selected element,
		Category(org.eclipse.jdt.ui.category.refactoring,Refactor - Java,Java Refactoring Actions,true),
		WorkbenchHandlerServiceHandler("org.eclipse.jdt.ui.edit.text.java.rename.element"),
		,,true),null),
	org.eclipse.ui.defaultAcceleratorConfiguration,
	org.eclipse.ui.contexts.window,,,system)
Binding(ALT+SHIFT+R,
	ParameterizedCommand(Command(org.eclipse.ui.edit.rename,Rename,
		Rename the selected item,
		Category(org.eclipse.ui.category.file,File,null,true),
		WorkbenchHandlerServiceHandler("org.eclipse.ui.edit.rename"),
		,,true),null),
	org.eclipse.ui.defaultAcceleratorConfiguration,
	org.eclipse.ui.contexts.window,,,system)
!SESSION 2025-04-10 23:11:27.578 -----------------------------------------------
eclipse.buildId=4.18.0.202303131455
java.version=17.0.6
java.vendor=Eclipse Adoptium
BootLoader constants: OS=win32, ARCH=x86_64, WS=win32, NL=ko_KR
Framework arguments:  -product org.springframework.boot.ide.branding.sts4
Command-line arguments:  -os win32 -ws win32 -arch x86_64 -product org.springframework.boot.ide.branding.sts4

!ENTRY ch.qos.logback.classic 1 0 2025-04-10 23:11:31.897
!MESSAGE Activated before the state location was initialized. Retry after the state location is initialized.

!ENTRY ch.qos.logback.classic 1 0 2025-04-10 23:11:42.420
!MESSAGE Logback config file: C:\sist1226\javacoding\.metadata\.plugins\org.eclipse.m2e.logback\logback.2.1.100.20230106-1511.xml

!ENTRY org.eclipse.jface 2 0 2025-04-10 23:12:06.420
!MESSAGE Keybinding conflicts occurred.  They may interfere with normal accelerator operation.
!SUBENTRY 1 org.eclipse.jface 2 0 2025-04-10 23:12:06.420
!MESSAGE A conflict occurred for CTRL+SHIFT+T:
Binding(CTRL+SHIFT+T,
	ParameterizedCommand(Command(org.eclipse.jdt.ui.navigate.open.type,Open Type,
		Open a type in a Java editor,
		Category(org.eclipse.ui.category.navigate,Navigate,null,true),
		WorkbenchHandlerServiceHandler("org.eclipse.jdt.ui.navigate.open.type"),
		,,true),null),
	org.eclipse.ui.defaultAcceleratorConfiguration,
	org.eclipse.ui.contexts.window,,,system)
Binding(CTRL+SHIFT+T,
	ParameterizedCommand(Command(org.eclipse.lsp4e.symbolinworkspace,Go to Symbol in Workspace,
		,
		Category(org.eclipse.lsp4e.category,Language Servers,null,true),
		WorkbenchHandlerServiceHandler("org.eclipse.lsp4e.symbolinworkspace"),
		,,true),null),
	org.eclipse.ui.defaultAcceleratorConfiguration,
	org.eclipse.ui.contexts.window,,,system)
!SUBENTRY 1 org.eclipse.jface 2 0 2025-04-10 23:12:06.420
!MESSAGE A conflict occurred for ALT+SHIFT+R:
Binding(ALT+SHIFT+R,
	ParameterizedCommand(Command(org.eclipse.jdt.ui.edit.text.java.rename.element,Rename - Refactoring ,
		Rename the selected element,
		Category(org.eclipse.jdt.ui.category.refactoring,Refactor - Java,Java Refactoring Actions,true),
		WorkbenchHandlerServiceHandler("org.eclipse.jdt.ui.edit.text.java.rename.element"),
		,,true),null),
	org.eclipse.ui.defaultAcceleratorConfiguration,
	org.eclipse.ui.contexts.window,,,system)
Binding(ALT+SHIFT+R,
	ParameterizedCommand(Command(org.eclipse.ui.edit.rename,Rename,
		Rename the selected item,
		Category(org.eclipse.ui.category.file,File,null,true),
		WorkbenchHandlerServiceHandler("org.eclipse.ui.edit.rename"),
		,,true),null),
	org.eclipse.ui.defaultAcceleratorConfiguration,
	org.eclipse.ui.contexts.window,,,system)

!ENTRY org.eclipse.lsp4e 2 0 2025-04-10 23:35:44.325
!MESSAGE Javadoc unavailable. Failed to obtain it.
!STACK 0
java.lang.InterruptedException
	at java.base/java.util.concurrent.CompletableFuture.reportGet(CompletableFuture.java:386)
	at java.base/java.util.concurrent.CompletableFuture.get(CompletableFuture.java:2096)
	at org.eclipse.lsp4e.jdt.LSJavaHoverProvider.getHoverInfo2(LSJavaHoverProvider.java:65)
	at org.eclipse.jdt.internal.ui.text.java.hover.BestMatchHover.getHoverInfo2(BestMatchHover.java:163)
	at org.eclipse.jdt.internal.ui.text.java.hover.BestMatchHover.getHoverInfo2(BestMatchHover.java:130)
	at org.eclipse.jdt.internal.ui.text.java.hover.JavaEditorTextHoverProxy.getHoverInfo2(JavaEditorTextHoverProxy.java:89)
	at org.eclipse.jface.text.TextViewerHoverManager$1.run(TextViewerHoverManager.java:155)
!SESSION 2025-04-11 18:01:32.827 -----------------------------------------------
eclipse.buildId=4.18.0.202303131455
java.version=17.0.6
java.vendor=Eclipse Adoptium
BootLoader constants: OS=win32, ARCH=x86_64, WS=win32, NL=ko_KR
Framework arguments:  -product org.springframework.boot.ide.branding.sts4
Command-line arguments:  -os win32 -ws win32 -arch x86_64 -product org.springframework.boot.ide.branding.sts4

!ENTRY ch.qos.logback.classic 1 0 2025-04-11 18:01:37.921
!MESSAGE Activated before the state location was initialized. Retry after the state location is initialized.

!ENTRY ch.qos.logback.classic 1 0 2025-04-11 18:26:58.373
!MESSAGE Logback config file: C:\sist1226\javacoding\.metadata\.plugins\org.eclipse.m2e.logback\logback.2.1.100.20230106-1511.xml

!ENTRY org.eclipse.jface 2 0 2025-04-11 18:27:20.768
!MESSAGE Keybinding conflicts occurred.  They may interfere with normal accelerator operation.
!SUBENTRY 1 org.eclipse.jface 2 0 2025-04-11 18:27:20.768
!MESSAGE A conflict occurred for CTRL+SHIFT+T:
Binding(CTRL+SHIFT+T,
	ParameterizedCommand(Command(org.eclipse.jdt.ui.navigate.open.type,Open Type,
		Open a type in a Java editor,
		Category(org.eclipse.ui.category.navigate,Navigate,null,true),
		WorkbenchHandlerServiceHandler("org.eclipse.jdt.ui.navigate.open.type"),
		,,true),null),
	org.eclipse.ui.defaultAcceleratorConfiguration,
	org.eclipse.ui.contexts.window,,,system)
Binding(CTRL+SHIFT+T,
	ParameterizedCommand(Command(org.eclipse.lsp4e.symbolinworkspace,Go to Symbol in Workspace,
		,
		Category(org.eclipse.lsp4e.category,Language Servers,null,true),
		WorkbenchHandlerServiceHandler("org.eclipse.lsp4e.symbolinworkspace"),
		,,true),null),
	org.eclipse.ui.defaultAcceleratorConfiguration,
	org.eclipse.ui.contexts.window,,,system)
!SUBENTRY 1 org.eclipse.jface 2 0 2025-04-11 18:27:20.768
!MESSAGE A conflict occurred for ALT+SHIFT+R:
Binding(ALT+SHIFT+R,
	ParameterizedCommand(Command(org.eclipse.jdt.ui.edit.text.java.rename.element,Rename - Refactoring ,
		Rename the selected element,
		Category(org.eclipse.jdt.ui.category.refactoring,Refactor - Java,Java Refactoring Actions,true),
		WorkbenchHandlerServiceHandler("org.eclipse.jdt.ui.edit.text.java.rename.element"),
		,,true),null),
	org.eclipse.ui.defaultAcceleratorConfiguration,
	org.eclipse.ui.contexts.window,,,system)
Binding(ALT+SHIFT+R,
	ParameterizedCommand(Command(org.eclipse.ui.edit.rename,Rename,
		Rename the selected item,
		Category(org.eclipse.ui.category.file,File,null,true),
		WorkbenchHandlerServiceHandler("org.eclipse.ui.edit.rename"),
		,,true),null),
	org.eclipse.ui.defaultAcceleratorConfiguration,
	org.eclipse.ui.contexts.window,,,system)

!ENTRY org.eclipse.lsp4e 2 0 2025-04-11 19:50:49.005
!MESSAGE Javadoc unavailable. Failed to obtain it.
!STACK 0
java.lang.InterruptedException
	at java.base/java.util.concurrent.CompletableFuture.reportGet(CompletableFuture.java:386)
	at java.base/java.util.concurrent.CompletableFuture.get(CompletableFuture.java:2096)
	at org.eclipse.lsp4e.jdt.LSJavaHoverProvider.getHoverInfo2(LSJavaHoverProvider.java:65)
	at org.eclipse.jdt.internal.ui.text.java.hover.BestMatchHover.getHoverInfo2(BestMatchHover.java:163)
	at org.eclipse.jdt.internal.ui.text.java.hover.BestMatchHover.getHoverInfo2(BestMatchHover.java:130)
	at org.eclipse.jdt.internal.ui.text.java.hover.JavaEditorTextHoverProxy.getHoverInfo2(JavaEditorTextHoverProxy.java:89)
	at org.eclipse.jface.text.TextViewerHoverManager$1.run(TextViewerHoverManager.java:155)

!ENTRY org.eclipse.lsp4e 2 0 2025-04-12 16:11:11.779
!MESSAGE Javadoc unavailable. Failed to obtain it.
!STACK 0
java.lang.InterruptedException
	at java.base/java.util.concurrent.CompletableFuture.reportGet(CompletableFuture.java:386)
	at java.base/java.util.concurrent.CompletableFuture.get(CompletableFuture.java:2096)
	at org.eclipse.lsp4e.jdt.LSJavaHoverProvider.getHoverInfo2(LSJavaHoverProvider.java:65)
	at org.eclipse.jdt.internal.ui.text.java.hover.BestMatchHover.getHoverInfo2(BestMatchHover.java:163)
	at org.eclipse.jdt.internal.ui.text.java.hover.BestMatchHover.getHoverInfo2(BestMatchHover.java:130)
	at org.eclipse.jdt.internal.ui.text.java.hover.JavaEditorTextHoverProxy.getHoverInfo2(JavaEditorTextHoverProxy.java:89)
	at org.eclipse.jface.text.TextViewerHoverManager$1.run(TextViewerHoverManager.java:155)

!ENTRY org.eclipse.jdt.core 4 4 2025-04-12 16:38:32.981
!MESSAGE Exception occurred during compilation unit conversion:
----------------------------------- SOURCE BEGIN -------------------------------------
package _250412;

import java.util.ArrayList;

public class 콜라츠_수열_만들기 {

	public static void main(String[] args) {
		// TODO Auto-generated method stub
		int n =10;
		ArrayList<Integer> answer = new ArrayList<>();
		int index =0;
		answer.add(index,n);
		
		if(answer.get(index)%2==0) {
			    answer.add(answer.get(index)/2);
			    index++;
		}else {
			(3 * answer.get(index) + 1;
		}
		
		System.out.println(answer);
	}

}

----------------------------------- SOURCE END -------------------------------------
!STACK 0
java.lang.IllegalArgumentException
	at org.eclipse.jdt.core.dom.InfixExpression.setOperator(InfixExpression.java:383)
	at org.eclipse.jdt.core.dom.ASTConverter.convert(ASTConverter.java:1287)
	at org.eclipse.jdt.core.dom.ASTConverter.convert(ASTConverter.java:2047)
	at org.eclipse.jdt.core.dom.ASTConverter.convertToParenthesizedExpression(ASTConverter.java:3882)
	at org.eclipse.jdt.core.dom.ASTConverter.convert(ASTConverter.java:1953)
	at org.eclipse.jdt.core.dom.ASTConverter.convert(ASTConverter.java:1204)
	at org.eclipse.jdt.core.dom.ASTConverter.convert(ASTConverter.java:1990)
	at org.eclipse.jdt.core.dom.ASTConverter.convert(ASTConverter.java:3124)
	at org.eclipse.jdt.core.dom.ASTConverter.convert(ASTConverter.java:1383)
	at org.eclipse.jdt.core.dom.ASTConverter.convert(ASTConverter.java:3042)
	at org.eclipse.jdt.core.dom.ASTConverter.convert(ASTConverter.java:2273)
	at org.eclipse.jdt.core.dom.ASTConverter.convert(ASTConverter.java:3066)
	at org.eclipse.jdt.core.dom.ASTConverter.convert(ASTConverter.java:751)
	at org.eclipse.jdt.core.dom.ASTConverter.buildBodyDeclarations(ASTConverter.java:208)
	at org.eclipse.jdt.core.dom.ASTConverter.convert(ASTConverter.java:3419)
	at org.eclipse.jdt.core.dom.ASTConverter.convert(ASTConverter.java:1534)
	at org.eclipse.jdt.core.dom.AST.convertCompilationUnit(AST.java:561)
	at org.eclipse.jdt.internal.core.CompilationUnit.buildStructure(CompilationUnit.java:201)
	at org.eclipse.jdt.internal.core.Openable.generateInfos(Openable.java:266)
	at org.eclipse.jdt.internal.core.JavaElement.openWhenClosed(JavaElement.java:597)
	at org.eclipse.jdt.internal.core.CompilationUnit.makeConsistent(CompilationUnit.java:1148)
	at org.eclipse.jdt.internal.core.ReconcileWorkingCopyOperation.makeConsistent(ReconcileWorkingCopyOperation.java:173)
	at org.eclipse.jdt.internal.core.ReconcileWorkingCopyOperation.executeOperation(ReconcileWorkingCopyOperation.java:94)
	at org.eclipse.jdt.internal.core.JavaModelOperation.run(JavaModelOperation.java:740)
	at org.eclipse.jdt.internal.core.JavaModelOperation.runOperation(JavaModelOperation.java:806)
	at org.eclipse.jdt.internal.core.CompilationUnit.reconcile(CompilationUnit.java:1325)
	at org.eclipse.jdt.internal.ui.text.java.JavaReconcilingStrategy.reconcile(JavaReconcilingStrategy.java:132)
	at org.eclipse.jdt.internal.ui.text.java.JavaReconcilingStrategy$1.run(JavaReconcilingStrategy.java:94)
	at org.eclipse.core.runtime.SafeRunner.run(SafeRunner.java:45)
	at org.eclipse.jdt.internal.ui.text.java.JavaReconcilingStrategy.reconcile(JavaReconcilingStrategy.java:91)
	at org.eclipse.jdt.internal.ui.text.java.JavaReconcilingStrategy.reconcile(JavaReconcilingStrategy.java:158)
	at org.eclipse.jdt.internal.ui.text.CompositeReconcilingStrategy.reconcile(CompositeReconcilingStrategy.java:94)
	at org.eclipse.jdt.internal.ui.text.JavaCompositeReconcilingStrategy.reconcile(JavaCompositeReconcilingStrategy.java:107)
	at org.eclipse.jface.text.reconciler.MonoReconciler.process(MonoReconciler.java:78)
	at org.eclipse.jface.text.reconciler.AbstractReconciler$BackgroundThread.run(AbstractReconciler.java:207)

!ENTRY org.eclipse.jdt.ui 4 2 2025-04-12 16:38:32.983
!MESSAGE Problems occurred when invoking code from plug-in: "org.eclipse.jdt.ui".
!STACK 0
java.lang.IllegalArgumentException
	at org.eclipse.jdt.core.dom.InfixExpression.setOperator(InfixExpression.java:383)
	at org.eclipse.jdt.core.dom.ASTConverter.convert(ASTConverter.java:1287)
	at org.eclipse.jdt.core.dom.ASTConverter.convert(ASTConverter.java:2047)
	at org.eclipse.jdt.core.dom.ASTConverter.convertToParenthesizedExpression(ASTConverter.java:3882)
	at org.eclipse.jdt.core.dom.ASTConverter.convert(ASTConverter.java:1953)
	at org.eclipse.jdt.core.dom.ASTConverter.convert(ASTConverter.java:1204)
	at org.eclipse.jdt.core.dom.ASTConverter.convert(ASTConverter.java:1990)
	at org.eclipse.jdt.core.dom.ASTConverter.convert(ASTConverter.java:3124)
	at org.eclipse.jdt.core.dom.ASTConverter.convert(ASTConverter.java:1383)
	at org.eclipse.jdt.core.dom.ASTConverter.convert(ASTConverter.java:3042)
	at org.eclipse.jdt.core.dom.ASTConverter.convert(ASTConverter.java:2273)
	at org.eclipse.jdt.core.dom.ASTConverter.convert(ASTConverter.java:3066)
	at org.eclipse.jdt.core.dom.ASTConverter.convert(ASTConverter.java:751)
	at org.eclipse.jdt.core.dom.ASTConverter.buildBodyDeclarations(ASTConverter.java:208)
	at org.eclipse.jdt.core.dom.ASTConverter.convert(ASTConverter.java:3419)
	at org.eclipse.jdt.core.dom.ASTConverter.convert(ASTConverter.java:1534)
	at org.eclipse.jdt.core.dom.AST.convertCompilationUnit(AST.java:561)
	at org.eclipse.jdt.internal.core.CompilationUnit.buildStructure(CompilationUnit.java:201)
	at org.eclipse.jdt.internal.core.Openable.generateInfos(Openable.java:266)
	at org.eclipse.jdt.internal.core.JavaElement.openWhenClosed(JavaElement.java:597)
	at org.eclipse.jdt.internal.core.CompilationUnit.makeConsistent(CompilationUnit.java:1148)
	at org.eclipse.jdt.internal.core.ReconcileWorkingCopyOperation.makeConsistent(ReconcileWorkingCopyOperation.java:173)
	at org.eclipse.jdt.internal.core.ReconcileWorkingCopyOperation.executeOperation(ReconcileWorkingCopyOperation.java:94)
	at org.eclipse.jdt.internal.core.JavaModelOperation.run(JavaModelOperation.java:740)
	at org.eclipse.jdt.internal.core.JavaModelOperation.runOperation(JavaModelOperation.java:806)
	at org.eclipse.jdt.internal.core.CompilationUnit.reconcile(CompilationUnit.java:1325)
	at org.eclipse.jdt.internal.ui.text.java.JavaReconcilingStrategy.reconcile(JavaReconcilingStrategy.java:132)
	at org.eclipse.jdt.internal.ui.text.java.JavaReconcilingStrategy$1.run(JavaReconcilingStrategy.java:94)
	at org.eclipse.core.runtime.SafeRunner.run(SafeRunner.java:45)
	at org.eclipse.jdt.internal.ui.text.java.JavaReconcilingStrategy.reconcile(JavaReconcilingStrategy.java:91)
	at org.eclipse.jdt.internal.ui.text.java.JavaReconcilingStrategy.reconcile(JavaReconcilingStrategy.java:158)
	at org.eclipse.jdt.internal.ui.text.CompositeReconcilingStrategy.reconcile(CompositeReconcilingStrategy.java:94)
	at org.eclipse.jdt.internal.ui.text.JavaCompositeReconcilingStrategy.reconcile(JavaCompositeReconcilingStrategy.java:107)
	at org.eclipse.jface.text.reconciler.MonoReconciler.process(MonoReconciler.java:78)
	at org.eclipse.jface.text.reconciler.AbstractReconciler$BackgroundThread.run(AbstractReconciler.java:207)

!ENTRY org.eclipse.jdt.ui 4 0 2025-04-12 16:38:32.984
!MESSAGE Error in JDT Core during reconcile
!STACK 0
java.lang.IllegalArgumentException
	at org.eclipse.jdt.core.dom.InfixExpression.setOperator(InfixExpression.java:383)
	at org.eclipse.jdt.core.dom.ASTConverter.convert(ASTConverter.java:1287)
	at org.eclipse.jdt.core.dom.ASTConverter.convert(ASTConverter.java:2047)
	at org.eclipse.jdt.core.dom.ASTConverter.convertToParenthesizedExpression(ASTConverter.java:3882)
	at org.eclipse.jdt.core.dom.ASTConverter.convert(ASTConverter.java:1953)
	at org.eclipse.jdt.core.dom.ASTConverter.convert(ASTConverter.java:1204)
	at org.eclipse.jdt.core.dom.ASTConverter.convert(ASTConverter.java:1990)
	at org.eclipse.jdt.core.dom.ASTConverter.convert(ASTConverter.java:3124)
	at org.eclipse.jdt.core.dom.ASTConverter.convert(ASTConverter.java:1383)
	at org.eclipse.jdt.core.dom.ASTConverter.convert(ASTConverter.java:3042)
	at org.eclipse.jdt.core.dom.ASTConverter.convert(ASTConverter.java:2273)
	at org.eclipse.jdt.core.dom.ASTConverter.convert(ASTConverter.java:3066)
	at org.eclipse.jdt.core.dom.ASTConverter.convert(ASTConverter.java:751)
	at org.eclipse.jdt.core.dom.ASTConverter.buildBodyDeclarations(ASTConverter.java:208)
	at org.eclipse.jdt.core.dom.ASTConverter.convert(ASTConverter.java:3419)
	at org.eclipse.jdt.core.dom.ASTConverter.convert(ASTConverter.java:1534)
	at org.eclipse.jdt.core.dom.AST.convertCompilationUnit(AST.java:561)
	at org.eclipse.jdt.internal.core.CompilationUnit.buildStructure(CompilationUnit.java:201)
	at org.eclipse.jdt.internal.core.Openable.generateInfos(Openable.java:266)
	at org.eclipse.jdt.internal.core.JavaElement.openWhenClosed(JavaElement.java:597)
	at org.eclipse.jdt.internal.core.CompilationUnit.makeConsistent(CompilationUnit.java:1148)
	at org.eclipse.jdt.internal.core.ReconcileWorkingCopyOperation.makeConsistent(ReconcileWorkingCopyOperation.java:173)
	at org.eclipse.jdt.internal.core.ReconcileWorkingCopyOperation.executeOperation(ReconcileWorkingCopyOperation.java:94)
	at org.eclipse.jdt.internal.core.JavaModelOperation.run(JavaModelOperation.java:740)
	at org.eclipse.jdt.internal.core.JavaModelOperation.runOperation(JavaModelOperation.java:806)
	at org.eclipse.jdt.internal.core.CompilationUnit.reconcile(CompilationUnit.java:1325)
	at org.eclipse.jdt.internal.ui.text.java.JavaReconcilingStrategy.reconcile(JavaReconcilingStrategy.java:132)
	at org.eclipse.jdt.internal.ui.text.java.JavaReconcilingStrategy$1.run(JavaReconcilingStrategy.java:94)
	at org.eclipse.core.runtime.SafeRunner.run(SafeRunner.java:45)
	at org.eclipse.jdt.internal.ui.text.java.JavaReconcilingStrategy.reconcile(JavaReconcilingStrategy.java:91)
	at org.eclipse.jdt.internal.ui.text.java.JavaReconcilingStrategy.reconcile(JavaReconcilingStrategy.java:158)
	at org.eclipse.jdt.internal.ui.text.CompositeReconcilingStrategy.reconcile(CompositeReconcilingStrategy.java:94)
	at org.eclipse.jdt.internal.ui.text.JavaCompositeReconcilingStrategy.reconcile(JavaCompositeReconcilingStrategy.java:107)
	at org.eclipse.jface.text.reconciler.MonoReconciler.process(MonoReconciler.java:78)
	at org.eclipse.jface.text.reconciler.AbstractReconciler$BackgroundThread.run(AbstractReconciler.java:207)

!ENTRY org.eclipse.jdt.core 4 4 2025-04-12 16:38:33.065
!MESSAGE Exception occurred during compilation unit conversion:
----------------------------------- SOURCE BEGIN -------------------------------------
package _250412;

import java.util.ArrayList;

public class 콜라츠_수열_만들기 {

	public static void main(String[] args) {
		// TODO Auto-generated method stub
		int n =10;
		ArrayList<Integer> answer = new ArrayList<>();
		int index =0;
		answer.add(index,n);
		
		if(answer.get(index)%2==0) {
			    answer.add(answer.get(index)/2);
			    index++;
		}else {
			(3 * answer.get(index) + 1;
		}
		
		System.out.println(answer);
	}

}

----------------------------------- SOURCE END -------------------------------------
!STACK 0
java.lang.IllegalArgumentException
	at org.eclipse.jdt.core.dom.InfixExpression.setOperator(InfixExpression.java:383)
	at org.eclipse.jdt.core.dom.ASTConverter.convert(ASTConverter.java:1287)
	at org.eclipse.jdt.core.dom.ASTConverter.convert(ASTConverter.java:2047)
	at org.eclipse.jdt.core.dom.ASTConverter.convertToParenthesizedExpression(ASTConverter.java:3882)
	at org.eclipse.jdt.core.dom.ASTConverter.convert(ASTConverter.java:1953)
	at org.eclipse.jdt.core.dom.ASTConverter.convert(ASTConverter.java:1204)
	at org.eclipse.jdt.core.dom.ASTConverter.convert(ASTConverter.java:1990)
	at org.eclipse.jdt.core.dom.ASTConverter.convert(ASTConverter.java:3124)
	at org.eclipse.jdt.core.dom.ASTConverter.convert(ASTConverter.java:1383)
	at org.eclipse.jdt.core.dom.ASTConverter.convert(ASTConverter.java:3042)
	at org.eclipse.jdt.core.dom.ASTConverter.convert(ASTConverter.java:2273)
	at org.eclipse.jdt.core.dom.ASTConverter.convert(ASTConverter.java:3066)
	at org.eclipse.jdt.core.dom.ASTConverter.convert(ASTConverter.java:751)
	at org.eclipse.jdt.core.dom.ASTConverter.buildBodyDeclarations(ASTConverter.java:208)
	at org.eclipse.jdt.core.dom.ASTConverter.convert(ASTConverter.java:3419)
	at org.eclipse.jdt.core.dom.ASTConverter.convert(ASTConverter.java:1534)
	at org.eclipse.jdt.core.dom.CompilationUnitResolver.convert(CompilationUnitResolver.java:344)
	at org.eclipse.jdt.core.dom.ASTParser.internalCreateAST(ASTParser.java:1272)
	at org.eclipse.jdt.core.dom.ASTParser.createAST(ASTParser.java:868)
	at org.eclipse.jdt.core.manipulation.CoreASTProvider$1.run(CoreASTProvider.java:294)
	at org.eclipse.core.runtime.SafeRunner.run(SafeRunner.java:45)
	at org.eclipse.jdt.core.manipulation.CoreASTProvider.createAST(CoreASTProvider.java:286)
	at org.eclipse.jdt.core.manipulation.CoreASTProvider.getAST(CoreASTProvider.java:199)
	at org.eclipse.jdt.core.manipulation.SharedASTProviderCore.getAST(SharedASTProviderCore.java:138)
	at org.eclipse.jdt.internal.ui.viewsupport.SelectionListenerWithASTManager$PartListenerGroup.calculateASTandInform(SelectionListenerWithASTManager.java:166)
	at org.eclipse.jdt.internal.ui.viewsupport.SelectionListenerWithASTManager$PartListenerGroup$1.run(SelectionListenerWithASTManager.java:151)
	at org.eclipse.core.internal.jobs.Worker.run(Worker.java:63)

!ENTRY org.eclipse.jdt.core.manipulation 4 2 2025-04-12 16:38:33.067
!MESSAGE Problems occurred when invoking code from plug-in: "org.eclipse.jdt.core.manipulation".
!STACK 0
java.lang.IllegalArgumentException
	at org.eclipse.jdt.core.dom.InfixExpression.setOperator(InfixExpression.java:383)
	at org.eclipse.jdt.core.dom.ASTConverter.convert(ASTConverter.java:1287)
	at org.eclipse.jdt.core.dom.ASTConverter.convert(ASTConverter.java:2047)
	at org.eclipse.jdt.core.dom.ASTConverter.convertToParenthesizedExpression(ASTConverter.java:3882)
	at org.eclipse.jdt.core.dom.ASTConverter.convert(ASTConverter.java:1953)
	at org.eclipse.jdt.core.dom.ASTConverter.convert(ASTConverter.java:1204)
	at org.eclipse.jdt.core.dom.ASTConverter.convert(ASTConverter.java:1990)
	at org.eclipse.jdt.core.dom.ASTConverter.convert(ASTConverter.java:3124)
	at org.eclipse.jdt.core.dom.ASTConverter.convert(ASTConverter.java:1383)
	at org.eclipse.jdt.core.dom.ASTConverter.convert(ASTConverter.java:3042)
	at org.eclipse.jdt.core.dom.ASTConverter.convert(ASTConverter.java:2273)
	at org.eclipse.jdt.core.dom.ASTConverter.convert(ASTConverter.java:3066)
	at org.eclipse.jdt.core.dom.ASTConverter.convert(ASTConverter.java:751)
	at org.eclipse.jdt.core.dom.ASTConverter.buildBodyDeclarations(ASTConverter.java:208)
	at org.eclipse.jdt.core.dom.ASTConverter.convert(ASTConverter.java:3419)
	at org.eclipse.jdt.core.dom.ASTConverter.convert(ASTConverter.java:1534)
	at org.eclipse.jdt.core.dom.CompilationUnitResolver.convert(CompilationUnitResolver.java:344)
	at org.eclipse.jdt.core.dom.ASTParser.internalCreateAST(ASTParser.java:1272)
	at org.eclipse.jdt.core.dom.ASTParser.createAST(ASTParser.java:868)
	at org.eclipse.jdt.core.manipulation.CoreASTProvider$1.run(CoreASTProvider.java:294)
	at org.eclipse.core.runtime.SafeRunner.run(SafeRunner.java:45)
	at org.eclipse.jdt.core.manipulation.CoreASTProvider.createAST(CoreASTProvider.java:286)
	at org.eclipse.jdt.core.manipulation.CoreASTProvider.getAST(CoreASTProvider.java:199)
	at org.eclipse.jdt.core.manipulation.SharedASTProviderCore.getAST(SharedASTProviderCore.java:138)
	at org.eclipse.jdt.internal.ui.viewsupport.SelectionListenerWithASTManager$PartListenerGroup.calculateASTandInform(SelectionListenerWithASTManager.java:166)
	at org.eclipse.jdt.internal.ui.viewsupport.SelectionListenerWithASTManager$PartListenerGroup$1.run(SelectionListenerWithASTManager.java:151)
	at org.eclipse.core.internal.jobs.Worker.run(Worker.java:63)

!ENTRY org.eclipse.jdt.core.manipulation 4 0 2025-04-12 16:38:33.068
!MESSAGE Error in JDT Core during AST creation
!STACK 0
java.lang.IllegalArgumentException
	at org.eclipse.jdt.core.dom.InfixExpression.setOperator(InfixExpression.java:383)
	at org.eclipse.jdt.core.dom.ASTConverter.convert(ASTConverter.java:1287)
	at org.eclipse.jdt.core.dom.ASTConverter.convert(ASTConverter.java:2047)
	at org.eclipse.jdt.core.dom.ASTConverter.convertToParenthesizedExpression(ASTConverter.java:3882)
	at org.eclipse.jdt.core.dom.ASTConverter.convert(ASTConverter.java:1953)
	at org.eclipse.jdt.core.dom.ASTConverter.convert(ASTConverter.java:1204)
	at org.eclipse.jdt.core.dom.ASTConverter.convert(ASTConverter.java:1990)
	at org.eclipse.jdt.core.dom.ASTConverter.convert(ASTConverter.java:3124)
	at org.eclipse.jdt.core.dom.ASTConverter.convert(ASTConverter.java:1383)
	at org.eclipse.jdt.core.dom.ASTConverter.convert(ASTConverter.java:3042)
	at org.eclipse.jdt.core.dom.ASTConverter.convert(ASTConverter.java:2273)
	at org.eclipse.jdt.core.dom.ASTConverter.convert(ASTConverter.java:3066)
	at org.eclipse.jdt.core.dom.ASTConverter.convert(ASTConverter.java:751)
	at org.eclipse.jdt.core.dom.ASTConverter.buildBodyDeclarations(ASTConverter.java:208)
	at org.eclipse.jdt.core.dom.ASTConverter.convert(ASTConverter.java:3419)
	at org.eclipse.jdt.core.dom.ASTConverter.convert(ASTConverter.java:1534)
	at org.eclipse.jdt.core.dom.CompilationUnitResolver.convert(CompilationUnitResolver.java:344)
	at org.eclipse.jdt.core.dom.ASTParser.internalCreateAST(ASTParser.java:1272)
	at org.eclipse.jdt.core.dom.ASTParser.createAST(ASTParser.java:868)
	at org.eclipse.jdt.core.manipulation.CoreASTProvider$1.run(CoreASTProvider.java:294)
	at org.eclipse.core.runtime.SafeRunner.run(SafeRunner.java:45)
	at org.eclipse.jdt.core.manipulation.CoreASTProvider.createAST(CoreASTProvider.java:286)
	at org.eclipse.jdt.core.manipulation.CoreASTProvider.getAST(CoreASTProvider.java:199)
	at org.eclipse.jdt.core.manipulation.SharedASTProviderCore.getAST(SharedASTProviderCore.java:138)
	at org.eclipse.jdt.internal.ui.viewsupport.SelectionListenerWithASTManager$PartListenerGroup.calculateASTandInform(SelectionListenerWithASTManager.java:166)
	at org.eclipse.jdt.internal.ui.viewsupport.SelectionListenerWithASTManager$PartListenerGroup$1.run(SelectionListenerWithASTManager.java:151)
	at org.eclipse.core.internal.jobs.Worker.run(Worker.java:63)

!ENTRY org.eclipse.jdt.core 4 4 2025-04-12 16:38:34.255
!MESSAGE Exception occurred during compilation unit conversion:
----------------------------------- SOURCE BEGIN -------------------------------------
package _250412;

import java.util.ArrayList;

public class 콜라츠_수열_만들기 {

	public static void main(String[] args) {
		// TODO Auto-generated method stub
		int n =10;
		ArrayList<Integer> answer = new ArrayList<>();
		int index =0;
		answer.add(index,n);
		
		if(answer.get(index)%2==0) {
			    answer.add(answer.get(index)/2);
			    index++;
		}else {
			(3 * answer.get(index) + 1;
		}
		
		System.out.println(answer);
	}

}

----------------------------------- SOURCE END -------------------------------------
!STACK 0
java.lang.IllegalArgumentException
	at org.eclipse.jdt.core.dom.InfixExpression.setOperator(InfixExpression.java:383)
	at org.eclipse.jdt.core.dom.ASTConverter.convert(ASTConverter.java:1287)
	at org.eclipse.jdt.core.dom.ASTConverter.convert(ASTConverter.java:2047)
	at org.eclipse.jdt.core.dom.ASTConverter.convertToParenthesizedExpression(ASTConverter.java:3882)
	at org.eclipse.jdt.core.dom.ASTConverter.convert(ASTConverter.java:1953)
	at org.eclipse.jdt.core.dom.ASTConverter.convert(ASTConverter.java:1204)
	at org.eclipse.jdt.core.dom.ASTConverter.convert(ASTConverter.java:1990)
	at org.eclipse.jdt.core.dom.ASTConverter.convert(ASTConverter.java:3124)
	at org.eclipse.jdt.core.dom.ASTConverter.convert(ASTConverter.java:1383)
	at org.eclipse.jdt.core.dom.ASTConverter.convert(ASTConverter.java:3042)
	at org.eclipse.jdt.core.dom.ASTConverter.convert(ASTConverter.java:2273)
	at org.eclipse.jdt.core.dom.ASTConverter.convert(ASTConverter.java:3066)
	at org.eclipse.jdt.core.dom.ASTConverter.convert(ASTConverter.java:751)
	at org.eclipse.jdt.core.dom.ASTConverter.buildBodyDeclarations(ASTConverter.java:208)
	at org.eclipse.jdt.core.dom.ASTConverter.convert(ASTConverter.java:3419)
	at org.eclipse.jdt.core.dom.ASTConverter.convert(ASTConverter.java:1534)
	at org.eclipse.jdt.core.dom.CompilationUnitResolver.convert(CompilationUnitResolver.java:344)
	at org.eclipse.jdt.core.dom.ASTParser.internalCreateAST(ASTParser.java:1272)
	at org.eclipse.jdt.core.dom.ASTParser.createAST(ASTParser.java:868)
	at org.eclipse.jdt.core.manipulation.CoreASTProvider$1.run(CoreASTProvider.java:294)
	at org.eclipse.core.runtime.SafeRunner.run(SafeRunner.java:45)
	at org.eclipse.jdt.core.manipulation.CoreASTProvider.createAST(CoreASTProvider.java:286)
	at org.eclipse.jdt.core.manipulation.CoreASTProvider.getAST(CoreASTProvider.java:199)
	at org.eclipse.jdt.core.manipulation.SharedASTProviderCore.getAST(SharedASTProviderCore.java:138)
	at org.eclipse.jdt.internal.ui.viewsupport.SelectionListenerWithASTManager$PartListenerGroup.calculateASTandInform(SelectionListenerWithASTManager.java:166)
	at org.eclipse.jdt.internal.ui.viewsupport.SelectionListenerWithASTManager$PartListenerGroup$1.run(SelectionListenerWithASTManager.java:151)
	at org.eclipse.core.internal.jobs.Worker.run(Worker.java:63)

!ENTRY org.eclipse.jdt.core.manipulation 4 2 2025-04-12 16:38:34.256
!MESSAGE Problems occurred when invoking code from plug-in: "org.eclipse.jdt.core.manipulation".
!STACK 0
java.lang.IllegalArgumentException
	at org.eclipse.jdt.core.dom.InfixExpression.setOperator(InfixExpression.java:383)
	at org.eclipse.jdt.core.dom.ASTConverter.convert(ASTConverter.java:1287)
	at org.eclipse.jdt.core.dom.ASTConverter.convert(ASTConverter.java:2047)
	at org.eclipse.jdt.core.dom.ASTConverter.convertToParenthesizedExpression(ASTConverter.java:3882)
	at org.eclipse.jdt.core.dom.ASTConverter.convert(ASTConverter.java:1953)
	at org.eclipse.jdt.core.dom.ASTConverter.convert(ASTConverter.java:1204)
	at org.eclipse.jdt.core.dom.ASTConverter.convert(ASTConverter.java:1990)
	at org.eclipse.jdt.core.dom.ASTConverter.convert(ASTConverter.java:3124)
	at org.eclipse.jdt.core.dom.ASTConverter.convert(ASTConverter.java:1383)
	at org.eclipse.jdt.core.dom.ASTConverter.convert(ASTConverter.java:3042)
	at org.eclipse.jdt.core.dom.ASTConverter.convert(ASTConverter.java:2273)
	at org.eclipse.jdt.core.dom.ASTConverter.convert(ASTConverter.java:3066)
	at org.eclipse.jdt.core.dom.ASTConverter.convert(ASTConverter.java:751)
	at org.eclipse.jdt.core.dom.ASTConverter.buildBodyDeclarations(ASTConverter.java:208)
	at org.eclipse.jdt.core.dom.ASTConverter.convert(ASTConverter.java:3419)
	at org.eclipse.jdt.core.dom.ASTConverter.convert(ASTConverter.java:1534)
	at org.eclipse.jdt.core.dom.CompilationUnitResolver.convert(CompilationUnitResolver.java:344)
	at org.eclipse.jdt.core.dom.ASTParser.internalCreateAST(ASTParser.java:1272)
	at org.eclipse.jdt.core.dom.ASTParser.createAST(ASTParser.java:868)
	at org.eclipse.jdt.core.manipulation.CoreASTProvider$1.run(CoreASTProvider.java:294)
	at org.eclipse.core.runtime.SafeRunner.run(SafeRunner.java:45)
	at org.eclipse.jdt.core.manipulation.CoreASTProvider.createAST(CoreASTProvider.java:286)
	at org.eclipse.jdt.core.manipulation.CoreASTProvider.getAST(CoreASTProvider.java:199)
	at org.eclipse.jdt.core.manipulation.SharedASTProviderCore.getAST(SharedASTProviderCore.java:138)
	at org.eclipse.jdt.internal.ui.viewsupport.SelectionListenerWithASTManager$PartListenerGroup.calculateASTandInform(SelectionListenerWithASTManager.java:166)
	at org.eclipse.jdt.internal.ui.viewsupport.SelectionListenerWithASTManager$PartListenerGroup$1.run(SelectionListenerWithASTManager.java:151)
	at org.eclipse.core.internal.jobs.Worker.run(Worker.java:63)

!ENTRY org.eclipse.jdt.core.manipulation 4 0 2025-04-12 16:38:34.257
!MESSAGE Error in JDT Core during AST creation
!STACK 0
java.lang.IllegalArgumentException
	at org.eclipse.jdt.core.dom.InfixExpression.setOperator(InfixExpression.java:383)
	at org.eclipse.jdt.core.dom.ASTConverter.convert(ASTConverter.java:1287)
	at org.eclipse.jdt.core.dom.ASTConverter.convert(ASTConverter.java:2047)
	at org.eclipse.jdt.core.dom.ASTConverter.convertToParenthesizedExpression(ASTConverter.java:3882)
	at org.eclipse.jdt.core.dom.ASTConverter.convert(ASTConverter.java:1953)
	at org.eclipse.jdt.core.dom.ASTConverter.convert(ASTConverter.java:1204)
	at org.eclipse.jdt.core.dom.ASTConverter.convert(ASTConverter.java:1990)
	at org.eclipse.jdt.core.dom.ASTConverter.convert(ASTConverter.java:3124)
	at org.eclipse.jdt.core.dom.ASTConverter.convert(ASTConverter.java:1383)
	at org.eclipse.jdt.core.dom.ASTConverter.convert(ASTConverter.java:3042)
	at org.eclipse.jdt.core.dom.ASTConverter.convert(ASTConverter.java:2273)
	at org.eclipse.jdt.core.dom.ASTConverter.convert(ASTConverter.java:3066)
	at org.eclipse.jdt.core.dom.ASTConverter.convert(ASTConverter.java:751)
	at org.eclipse.jdt.core.dom.ASTConverter.buildBodyDeclarations(ASTConverter.java:208)
	at org.eclipse.jdt.core.dom.ASTConverter.convert(ASTConverter.java:3419)
	at org.eclipse.jdt.core.dom.ASTConverter.convert(ASTConverter.java:1534)
	at org.eclipse.jdt.core.dom.CompilationUnitResolver.convert(CompilationUnitResolver.java:344)
	at org.eclipse.jdt.core.dom.ASTParser.internalCreateAST(ASTParser.java:1272)
	at org.eclipse.jdt.core.dom.ASTParser.createAST(ASTParser.java:868)
	at org.eclipse.jdt.core.manipulation.CoreASTProvider$1.run(CoreASTProvider.java:294)
	at org.eclipse.core.runtime.SafeRunner.run(SafeRunner.java:45)
	at org.eclipse.jdt.core.manipulation.CoreASTProvider.createAST(CoreASTProvider.java:286)
	at org.eclipse.jdt.core.manipulation.CoreASTProvider.getAST(CoreASTProvider.java:199)
	at org.eclipse.jdt.core.manipulation.SharedASTProviderCore.getAST(SharedASTProviderCore.java:138)
	at org.eclipse.jdt.internal.ui.viewsupport.SelectionListenerWithASTManager$PartListenerGroup.calculateASTandInform(SelectionListenerWithASTManager.java:166)
	at org.eclipse.jdt.internal.ui.viewsupport.SelectionListenerWithASTManager$PartListenerGroup$1.run(SelectionListenerWithASTManager.java:151)
	at org.eclipse.core.internal.jobs.Worker.run(Worker.java:63)

!ENTRY org.eclipse.jdt.core 4 4 2025-04-12 16:38:35.303
!MESSAGE Exception occurred during compilation unit conversion:
----------------------------------- SOURCE BEGIN -------------------------------------
package _250412;

import java.util.ArrayList;

public class 콜라츠_수열_만들기 {

	public static void main(String[] args) {
		// TODO Auto-generated method stub
		int n =10;
		ArrayList<Integer> answer = new ArrayList<>();
		int index =0;
		answer.add(index,n);
		
		if(answer.get(index)%2==0) {
			    answer.add(answer.get(index)/2);
			    index++;
		}else {
			(3 * answer.get(index)) + 1;
		}
		
		System.out.println(answer);
	}

}

----------------------------------- SOURCE END -------------------------------------
!STACK 0
java.lang.IllegalArgumentException
	at org.eclipse.jdt.core.dom.InfixExpression.setOperator(InfixExpression.java:383)
	at org.eclipse.jdt.core.dom.ASTConverter.convert(ASTConverter.java:1287)
	at org.eclipse.jdt.core.dom.ASTConverter.convert(ASTConverter.java:2047)
	at org.eclipse.jdt.core.dom.ASTConverter.convertToParenthesizedExpression(ASTConverter.java:3882)
	at org.eclipse.jdt.core.dom.ASTConverter.convert(ASTConverter.java:1953)
	at org.eclipse.jdt.core.dom.ASTConverter.convert(ASTConverter.java:1204)
	at org.eclipse.jdt.core.dom.ASTConverter.convert(ASTConverter.java:1990)
	at org.eclipse.jdt.core.dom.ASTConverter.convert(ASTConverter.java:3124)
	at org.eclipse.jdt.core.dom.ASTConverter.convert(ASTConverter.java:1383)
	at org.eclipse.jdt.core.dom.ASTConverter.convert(ASTConverter.java:3042)
	at org.eclipse.jdt.core.dom.ASTConverter.convert(ASTConverter.java:2273)
	at org.eclipse.jdt.core.dom.ASTConverter.convert(ASTConverter.java:3066)
	at org.eclipse.jdt.core.dom.ASTConverter.convert(ASTConverter.java:751)
	at org.eclipse.jdt.core.dom.ASTConverter.buildBodyDeclarations(ASTConverter.java:208)
	at org.eclipse.jdt.core.dom.ASTConverter.convert(ASTConverter.java:3419)
	at org.eclipse.jdt.core.dom.ASTConverter.convert(ASTConverter.java:1534)
	at org.eclipse.jdt.core.dom.AST.convertCompilationUnit(AST.java:561)
	at org.eclipse.jdt.internal.core.CompilationUnit.buildStructure(CompilationUnit.java:201)
	at org.eclipse.jdt.internal.core.Openable.generateInfos(Openable.java:266)
	at org.eclipse.jdt.internal.core.JavaElement.openWhenClosed(JavaElement.java:597)
	at org.eclipse.jdt.internal.core.CompilationUnit.makeConsistent(CompilationUnit.java:1148)
	at org.eclipse.jdt.internal.core.ReconcileWorkingCopyOperation.makeConsistent(ReconcileWorkingCopyOperation.java:173)
	at org.eclipse.jdt.internal.core.ReconcileWorkingCopyOperation.executeOperation(ReconcileWorkingCopyOperation.java:94)
	at org.eclipse.jdt.internal.core.JavaModelOperation.run(JavaModelOperation.java:740)
	at org.eclipse.jdt.internal.core.JavaModelOperation.runOperation(JavaModelOperation.java:806)
	at org.eclipse.jdt.internal.core.CompilationUnit.reconcile(CompilationUnit.java:1325)
	at org.eclipse.jdt.internal.ui.text.java.JavaReconcilingStrategy.reconcile(JavaReconcilingStrategy.java:132)
	at org.eclipse.jdt.internal.ui.text.java.JavaReconcilingStrategy$1.run(JavaReconcilingStrategy.java:94)
	at org.eclipse.core.runtime.SafeRunner.run(SafeRunner.java:45)
	at org.eclipse.jdt.internal.ui.text.java.JavaReconcilingStrategy.reconcile(JavaReconcilingStrategy.java:91)
	at org.eclipse.jdt.internal.ui.text.java.JavaReconcilingStrategy.reconcile(JavaReconcilingStrategy.java:158)
	at org.eclipse.jdt.internal.ui.text.CompositeReconcilingStrategy.reconcile(CompositeReconcilingStrategy.java:94)
	at org.eclipse.jdt.internal.ui.text.JavaCompositeReconcilingStrategy.reconcile(JavaCompositeReconcilingStrategy.java:107)
	at org.eclipse.jface.text.reconciler.MonoReconciler.process(MonoReconciler.java:78)
	at org.eclipse.jface.text.reconciler.AbstractReconciler$BackgroundThread.run(AbstractReconciler.java:207)

!ENTRY org.eclipse.jdt.ui 4 2 2025-04-12 16:38:35.304
!MESSAGE Problems occurred when invoking code from plug-in: "org.eclipse.jdt.ui".
!STACK 0
java.lang.IllegalArgumentException
	at org.eclipse.jdt.core.dom.InfixExpression.setOperator(InfixExpression.java:383)
	at org.eclipse.jdt.core.dom.ASTConverter.convert(ASTConverter.java:1287)
	at org.eclipse.jdt.core.dom.ASTConverter.convert(ASTConverter.java:2047)
	at org.eclipse.jdt.core.dom.ASTConverter.convertToParenthesizedExpression(ASTConverter.java:3882)
	at org.eclipse.jdt.core.dom.ASTConverter.convert(ASTConverter.java:1953)
	at org.eclipse.jdt.core.dom.ASTConverter.convert(ASTConverter.java:1204)
	at org.eclipse.jdt.core.dom.ASTConverter.convert(ASTConverter.java:1990)
	at org.eclipse.jdt.core.dom.ASTConverter.convert(ASTConverter.java:3124)
	at org.eclipse.jdt.core.dom.ASTConverter.convert(ASTConverter.java:1383)
	at org.eclipse.jdt.core.dom.ASTConverter.convert(ASTConverter.java:3042)
	at org.eclipse.jdt.core.dom.ASTConverter.convert(ASTConverter.java:2273)
	at org.eclipse.jdt.core.dom.ASTConverter.convert(ASTConverter.java:3066)
	at org.eclipse.jdt.core.dom.ASTConverter.convert(ASTConverter.java:751)
	at org.eclipse.jdt.core.dom.ASTConverter.buildBodyDeclarations(ASTConverter.java:208)
	at org.eclipse.jdt.core.dom.ASTConverter.convert(ASTConverter.java:3419)
	at org.eclipse.jdt.core.dom.ASTConverter.convert(ASTConverter.java:1534)
	at org.eclipse.jdt.core.dom.AST.convertCompilationUnit(AST.java:561)
	at org.eclipse.jdt.internal.core.CompilationUnit.buildStructure(CompilationUnit.java:201)
	at org.eclipse.jdt.internal.core.Openable.generateInfos(Openable.java:266)
	at org.eclipse.jdt.internal.core.JavaElement.openWhenClosed(JavaElement.java:597)
	at org.eclipse.jdt.internal.core.CompilationUnit.makeConsistent(CompilationUnit.java:1148)
	at org.eclipse.jdt.internal.core.ReconcileWorkingCopyOperation.makeConsistent(ReconcileWorkingCopyOperation.java:173)
	at org.eclipse.jdt.internal.core.ReconcileWorkingCopyOperation.executeOperation(ReconcileWorkingCopyOperation.java:94)
	at org.eclipse.jdt.internal.core.JavaModelOperation.run(JavaModelOperation.java:740)
	at org.eclipse.jdt.internal.core.JavaModelOperation.runOperation(JavaModelOperation.java:806)
	at org.eclipse.jdt.internal.core.CompilationUnit.reconcile(CompilationUnit.java:1325)
	at org.eclipse.jdt.internal.ui.text.java.JavaReconcilingStrategy.reconcile(JavaReconcilingStrategy.java:132)
	at org.eclipse.jdt.internal.ui.text.java.JavaReconcilingStrategy$1.run(JavaReconcilingStrategy.java:94)
	at org.eclipse.core.runtime.SafeRunner.run(SafeRunner.java:45)
	at org.eclipse.jdt.internal.ui.text.java.JavaReconcilingStrategy.reconcile(JavaReconcilingStrategy.java:91)
	at org.eclipse.jdt.internal.ui.text.java.JavaReconcilingStrategy.reconcile(JavaReconcilingStrategy.java:158)
	at org.eclipse.jdt.internal.ui.text.CompositeReconcilingStrategy.reconcile(CompositeReconcilingStrategy.java:94)
	at org.eclipse.jdt.internal.ui.text.JavaCompositeReconcilingStrategy.reconcile(JavaCompositeReconcilingStrategy.java:107)
	at org.eclipse.jface.text.reconciler.MonoReconciler.process(MonoReconciler.java:78)
	at org.eclipse.jface.text.reconciler.AbstractReconciler$BackgroundThread.run(AbstractReconciler.java:207)

!ENTRY org.eclipse.jdt.ui 4 0 2025-04-12 16:38:35.306
!MESSAGE Error in JDT Core during reconcile
!STACK 0
java.lang.IllegalArgumentException
	at org.eclipse.jdt.core.dom.InfixExpression.setOperator(InfixExpression.java:383)
	at org.eclipse.jdt.core.dom.ASTConverter.convert(ASTConverter.java:1287)
	at org.eclipse.jdt.core.dom.ASTConverter.convert(ASTConverter.java:2047)
	at org.eclipse.jdt.core.dom.ASTConverter.convertToParenthesizedExpression(ASTConverter.java:3882)
	at org.eclipse.jdt.core.dom.ASTConverter.convert(ASTConverter.java:1953)
	at org.eclipse.jdt.core.dom.ASTConverter.convert(ASTConverter.java:1204)
	at org.eclipse.jdt.core.dom.ASTConverter.convert(ASTConverter.java:1990)
	at org.eclipse.jdt.core.dom.ASTConverter.convert(ASTConverter.java:3124)
	at org.eclipse.jdt.core.dom.ASTConverter.convert(ASTConverter.java:1383)
	at org.eclipse.jdt.core.dom.ASTConverter.convert(ASTConverter.java:3042)
	at org.eclipse.jdt.core.dom.ASTConverter.convert(ASTConverter.java:2273)
	at org.eclipse.jdt.core.dom.ASTConverter.convert(ASTConverter.java:3066)
	at org.eclipse.jdt.core.dom.ASTConverter.convert(ASTConverter.java:751)
	at org.eclipse.jdt.core.dom.ASTConverter.buildBodyDeclarations(ASTConverter.java:208)
	at org.eclipse.jdt.core.dom.ASTConverter.convert(ASTConverter.java:3419)
	at org.eclipse.jdt.core.dom.ASTConverter.convert(ASTConverter.java:1534)
	at org.eclipse.jdt.core.dom.AST.convertCompilationUnit(AST.java:561)
	at org.eclipse.jdt.internal.core.CompilationUnit.buildStructure(CompilationUnit.java:201)
	at org.eclipse.jdt.internal.core.Openable.generateInfos(Openable.java:266)
	at org.eclipse.jdt.internal.core.JavaElement.openWhenClosed(JavaElement.java:597)
	at org.eclipse.jdt.internal.core.CompilationUnit.makeConsistent(CompilationUnit.java:1148)
	at org.eclipse.jdt.internal.core.ReconcileWorkingCopyOperation.makeConsistent(ReconcileWorkingCopyOperation.java:173)
	at org.eclipse.jdt.internal.core.ReconcileWorkingCopyOperation.executeOperation(ReconcileWorkingCopyOperation.java:94)
	at org.eclipse.jdt.internal.core.JavaModelOperation.run(JavaModelOperation.java:740)
	at org.eclipse.jdt.internal.core.JavaModelOperation.runOperation(JavaModelOperation.java:806)
	at org.eclipse.jdt.internal.core.CompilationUnit.reconcile(CompilationUnit.java:1325)
	at org.eclipse.jdt.internal.ui.text.java.JavaReconcilingStrategy.reconcile(JavaReconcilingStrategy.java:132)
	at org.eclipse.jdt.internal.ui.text.java.JavaReconcilingStrategy$1.run(JavaReconcilingStrategy.java:94)
	at org.eclipse.core.runtime.SafeRunner.run(SafeRunner.java:45)
	at org.eclipse.jdt.internal.ui.text.java.JavaReconcilingStrategy.reconcile(JavaReconcilingStrategy.java:91)
	at org.eclipse.jdt.internal.ui.text.java.JavaReconcilingStrategy.reconcile(JavaReconcilingStrategy.java:158)
	at org.eclipse.jdt.internal.ui.text.CompositeReconcilingStrategy.reconcile(CompositeReconcilingStrategy.java:94)
	at org.eclipse.jdt.internal.ui.text.JavaCompositeReconcilingStrategy.reconcile(JavaCompositeReconcilingStrategy.java:107)
	at org.eclipse.jface.text.reconciler.MonoReconciler.process(MonoReconciler.java:78)
	at org.eclipse.jface.text.reconciler.AbstractReconciler$BackgroundThread.run(AbstractReconciler.java:207)

!ENTRY org.eclipse.jdt.core 4 4 2025-04-12 16:38:35.400
!MESSAGE Exception occurred during compilation unit conversion:
----------------------------------- SOURCE BEGIN -------------------------------------
package _250412;

import java.util.ArrayList;

public class 콜라츠_수열_만들기 {

	public static void main(String[] args) {
		// TODO Auto-generated method stub
		int n =10;
		ArrayList<Integer> answer = new ArrayList<>();
		int index =0;
		answer.add(index,n);
		
		if(answer.get(index)%2==0) {
			    answer.add(answer.get(index)/2);
			    index++;
		}else {
			(3 * answer.get(index)) + 1;
		}
		
		System.out.println(answer);
	}

}

----------------------------------- SOURCE END -------------------------------------
!STACK 0
java.lang.IllegalArgumentException
	at org.eclipse.jdt.core.dom.InfixExpression.setOperator(InfixExpression.java:383)
	at org.eclipse.jdt.core.dom.ASTConverter.convert(ASTConverter.java:1287)
	at org.eclipse.jdt.core.dom.ASTConverter.convert(ASTConverter.java:2047)
	at org.eclipse.jdt.core.dom.ASTConverter.convertToParenthesizedExpression(ASTConverter.java:3882)
	at org.eclipse.jdt.core.dom.ASTConverter.convert(ASTConverter.java:1953)
	at org.eclipse.jdt.core.dom.ASTConverter.convert(ASTConverter.java:1204)
	at org.eclipse.jdt.core.dom.ASTConverter.convert(ASTConverter.java:1990)
	at org.eclipse.jdt.core.dom.ASTConverter.convert(ASTConverter.java:3124)
	at org.eclipse.jdt.core.dom.ASTConverter.convert(ASTConverter.java:1383)
	at org.eclipse.jdt.core.dom.ASTConverter.convert(ASTConverter.java:3042)
	at org.eclipse.jdt.core.dom.ASTConverter.convert(ASTConverter.java:2273)
	at org.eclipse.jdt.core.dom.ASTConverter.convert(ASTConverter.java:3066)
	at org.eclipse.jdt.core.dom.ASTConverter.convert(ASTConverter.java:751)
	at org.eclipse.jdt.core.dom.ASTConverter.buildBodyDeclarations(ASTConverter.java:208)
	at org.eclipse.jdt.core.dom.ASTConverter.convert(ASTConverter.java:3419)
	at org.eclipse.jdt.core.dom.ASTConverter.convert(ASTConverter.java:1534)
	at org.eclipse.jdt.core.dom.CompilationUnitResolver.convert(CompilationUnitResolver.java:344)
	at org.eclipse.jdt.core.dom.ASTParser.internalCreateAST(ASTParser.java:1272)
	at org.eclipse.jdt.core.dom.ASTParser.createAST(ASTParser.java:868)
	at org.eclipse.jdt.core.manipulation.CoreASTProvider$1.run(CoreASTProvider.java:294)
	at org.eclipse.core.runtime.SafeRunner.run(SafeRunner.java:45)
	at org.eclipse.jdt.core.manipulation.CoreASTProvider.createAST(CoreASTProvider.java:286)
	at org.eclipse.jdt.core.manipulation.CoreASTProvider.getAST(CoreASTProvider.java:199)
	at org.eclipse.jdt.core.manipulation.SharedASTProviderCore.getAST(SharedASTProviderCore.java:138)
	at org.eclipse.jdt.internal.ui.viewsupport.SelectionListenerWithASTManager$PartListenerGroup.calculateASTandInform(SelectionListenerWithASTManager.java:166)
	at org.eclipse.jdt.internal.ui.viewsupport.SelectionListenerWithASTManager$PartListenerGroup$1.run(SelectionListenerWithASTManager.java:151)
	at org.eclipse.core.internal.jobs.Worker.run(Worker.java:63)

!ENTRY org.eclipse.jdt.core.manipulation 4 2 2025-04-12 16:38:35.401
!MESSAGE Problems occurred when invoking code from plug-in: "org.eclipse.jdt.core.manipulation".
!STACK 0
java.lang.IllegalArgumentException
	at org.eclipse.jdt.core.dom.InfixExpression.setOperator(InfixExpression.java:383)
	at org.eclipse.jdt.core.dom.ASTConverter.convert(ASTConverter.java:1287)
	at org.eclipse.jdt.core.dom.ASTConverter.convert(ASTConverter.java:2047)
	at org.eclipse.jdt.core.dom.ASTConverter.convertToParenthesizedExpression(ASTConverter.java:3882)
	at org.eclipse.jdt.core.dom.ASTConverter.convert(ASTConverter.java:1953)
	at org.eclipse.jdt.core.dom.ASTConverter.convert(ASTConverter.java:1204)
	at org.eclipse.jdt.core.dom.ASTConverter.convert(ASTConverter.java:1990)
	at org.eclipse.jdt.core.dom.ASTConverter.convert(ASTConverter.java:3124)
	at org.eclipse.jdt.core.dom.ASTConverter.convert(ASTConverter.java:1383)
	at org.eclipse.jdt.core.dom.ASTConverter.convert(ASTConverter.java:3042)
	at org.eclipse.jdt.core.dom.ASTConverter.convert(ASTConverter.java:2273)
	at org.eclipse.jdt.core.dom.ASTConverter.convert(ASTConverter.java:3066)
	at org.eclipse.jdt.core.dom.ASTConverter.convert(ASTConverter.java:751)
	at org.eclipse.jdt.core.dom.ASTConverter.buildBodyDeclarations(ASTConverter.java:208)
	at org.eclipse.jdt.core.dom.ASTConverter.convert(ASTConverter.java:3419)
	at org.eclipse.jdt.core.dom.ASTConverter.convert(ASTConverter.java:1534)
	at org.eclipse.jdt.core.dom.CompilationUnitResolver.convert(CompilationUnitResolver.java:344)
	at org.eclipse.jdt.core.dom.ASTParser.internalCreateAST(ASTParser.java:1272)
	at org.eclipse.jdt.core.dom.ASTParser.createAST(ASTParser.java:868)
	at org.eclipse.jdt.core.manipulation.CoreASTProvider$1.run(CoreASTProvider.java:294)
	at org.eclipse.core.runtime.SafeRunner.run(SafeRunner.java:45)
	at org.eclipse.jdt.core.manipulation.CoreASTProvider.createAST(CoreASTProvider.java:286)
	at org.eclipse.jdt.core.manipulation.CoreASTProvider.getAST(CoreASTProvider.java:199)
	at org.eclipse.jdt.core.manipulation.SharedASTProviderCore.getAST(SharedASTProviderCore.java:138)
	at org.eclipse.jdt.internal.ui.viewsupport.SelectionListenerWithASTManager$PartListenerGroup.calculateASTandInform(SelectionListenerWithASTManager.java:166)
	at org.eclipse.jdt.internal.ui.viewsupport.SelectionListenerWithASTManager$PartListenerGroup$1.run(SelectionListenerWithASTManager.java:151)
	at org.eclipse.core.internal.jobs.Worker.run(Worker.java:63)

!ENTRY org.eclipse.jdt.core.manipulation 4 0 2025-04-12 16:38:35.402
!MESSAGE Error in JDT Core during AST creation
!STACK 0
java.lang.IllegalArgumentException
	at org.eclipse.jdt.core.dom.InfixExpression.setOperator(InfixExpression.java:383)
	at org.eclipse.jdt.core.dom.ASTConverter.convert(ASTConverter.java:1287)
	at org.eclipse.jdt.core.dom.ASTConverter.convert(ASTConverter.java:2047)
	at org.eclipse.jdt.core.dom.ASTConverter.convertToParenthesizedExpression(ASTConverter.java:3882)
	at org.eclipse.jdt.core.dom.ASTConverter.convert(ASTConverter.java:1953)
	at org.eclipse.jdt.core.dom.ASTConverter.convert(ASTConverter.java:1204)
	at org.eclipse.jdt.core.dom.ASTConverter.convert(ASTConverter.java:1990)
	at org.eclipse.jdt.core.dom.ASTConverter.convert(ASTConverter.java:3124)
	at org.eclipse.jdt.core.dom.ASTConverter.convert(ASTConverter.java:1383)
	at org.eclipse.jdt.core.dom.ASTConverter.convert(ASTConverter.java:3042)
	at org.eclipse.jdt.core.dom.ASTConverter.convert(ASTConverter.java:2273)
	at org.eclipse.jdt.core.dom.ASTConverter.convert(ASTConverter.java:3066)
	at org.eclipse.jdt.core.dom.ASTConverter.convert(ASTConverter.java:751)
	at org.eclipse.jdt.core.dom.ASTConverter.buildBodyDeclarations(ASTConverter.java:208)
	at org.eclipse.jdt.core.dom.ASTConverter.convert(ASTConverter.java:3419)
	at org.eclipse.jdt.core.dom.ASTConverter.convert(ASTConverter.java:1534)
	at org.eclipse.jdt.core.dom.CompilationUnitResolver.convert(CompilationUnitResolver.java:344)
	at org.eclipse.jdt.core.dom.ASTParser.internalCreateAST(ASTParser.java:1272)
	at org.eclipse.jdt.core.dom.ASTParser.createAST(ASTParser.java:868)
	at org.eclipse.jdt.core.manipulation.CoreASTProvider$1.run(CoreASTProvider.java:294)
	at org.eclipse.core.runtime.SafeRunner.run(SafeRunner.java:45)
	at org.eclipse.jdt.core.manipulation.CoreASTProvider.createAST(CoreASTProvider.java:286)
	at org.eclipse.jdt.core.manipulation.CoreASTProvider.getAST(CoreASTProvider.java:199)
	at org.eclipse.jdt.core.manipulation.SharedASTProviderCore.getAST(SharedASTProviderCore.java:138)
	at org.eclipse.jdt.internal.ui.viewsupport.SelectionListenerWithASTManager$PartListenerGroup.calculateASTandInform(SelectionListenerWithASTManager.java:166)
	at org.eclipse.jdt.internal.ui.viewsupport.SelectionListenerWithASTManager$PartListenerGroup$1.run(SelectionListenerWithASTManager.java:151)
	at org.eclipse.core.internal.jobs.Worker.run(Worker.java:63)

!ENTRY org.eclipse.jdt.core 4 4 2025-04-12 16:38:37.486
!MESSAGE Exception occurred during compilation unit conversion:
----------------------------------- SOURCE BEGIN -------------------------------------
package _250412;

import java.util.ArrayList;

public class 콜라츠_수열_만들기 {

	public static void main(String[] args) {
		// TODO Auto-generated method stub
		int n =10;
		ArrayList<Integer> answer = new ArrayList<>();
		int index =0;
		answer.add(index,n);
		
		if(answer.get(index)%2==0) {
			    answer.add(answer.get(index)/2);
			    index++;
		}else {
			(3 * answer.get(index)) + 1;
		}
		
		System.out.println(answer);
	}

}

----------------------------------- SOURCE END -------------------------------------
!STACK 0
java.lang.IllegalArgumentException
	at org.eclipse.jdt.core.dom.InfixExpression.setOperator(InfixExpression.java:383)
	at org.eclipse.jdt.core.dom.ASTConverter.convert(ASTConverter.java:1287)
	at org.eclipse.jdt.core.dom.ASTConverter.convert(ASTConverter.java:2047)
	at org.eclipse.jdt.core.dom.ASTConverter.convertToParenthesizedExpression(ASTConverter.java:3882)
	at org.eclipse.jdt.core.dom.ASTConverter.convert(ASTConverter.java:1953)
	at org.eclipse.jdt.core.dom.ASTConverter.convert(ASTConverter.java:1204)
	at org.eclipse.jdt.core.dom.ASTConverter.convert(ASTConverter.java:1990)
	at org.eclipse.jdt.core.dom.ASTConverter.convert(ASTConverter.java:3124)
	at org.eclipse.jdt.core.dom.ASTConverter.convert(ASTConverter.java:1383)
	at org.eclipse.jdt.core.dom.ASTConverter.convert(ASTConverter.java:3042)
	at org.eclipse.jdt.core.dom.ASTConverter.convert(ASTConverter.java:2273)
	at org.eclipse.jdt.core.dom.ASTConverter.convert(ASTConverter.java:3066)
	at org.eclipse.jdt.core.dom.ASTConverter.convert(ASTConverter.java:751)
	at org.eclipse.jdt.core.dom.ASTConverter.buildBodyDeclarations(ASTConverter.java:208)
	at org.eclipse.jdt.core.dom.ASTConverter.convert(ASTConverter.java:3419)
	at org.eclipse.jdt.core.dom.ASTConverter.convert(ASTConverter.java:1534)
	at org.eclipse.jdt.core.dom.CompilationUnitResolver.convert(CompilationUnitResolver.java:344)
	at org.eclipse.jdt.core.dom.ASTParser.internalCreateAST(ASTParser.java:1272)
	at org.eclipse.jdt.core.dom.ASTParser.createAST(ASTParser.java:868)
	at org.eclipse.jdt.core.manipulation.CoreASTProvider$1.run(CoreASTProvider.java:294)
	at org.eclipse.core.runtime.SafeRunner.run(SafeRunner.java:45)
	at org.eclipse.jdt.core.manipulation.CoreASTProvider.createAST(CoreASTProvider.java:286)
	at org.eclipse.jdt.core.manipulation.CoreASTProvider.getAST(CoreASTProvider.java:199)
	at org.eclipse.jdt.core.manipulation.SharedASTProviderCore.getAST(SharedASTProviderCore.java:138)
	at org.eclipse.jdt.internal.ui.viewsupport.SelectionListenerWithASTManager$PartListenerGroup.calculateASTandInform(SelectionListenerWithASTManager.java:166)
	at org.eclipse.jdt.internal.ui.viewsupport.SelectionListenerWithASTManager$PartListenerGroup$1.run(SelectionListenerWithASTManager.java:151)
	at org.eclipse.core.internal.jobs.Worker.run(Worker.java:63)

!ENTRY org.eclipse.jdt.core.manipulation 4 2 2025-04-12 16:38:37.488
!MESSAGE Problems occurred when invoking code from plug-in: "org.eclipse.jdt.core.manipulation".
!STACK 0
java.lang.IllegalArgumentException
	at org.eclipse.jdt.core.dom.InfixExpression.setOperator(InfixExpression.java:383)
	at org.eclipse.jdt.core.dom.ASTConverter.convert(ASTConverter.java:1287)
	at org.eclipse.jdt.core.dom.ASTConverter.convert(ASTConverter.java:2047)
	at org.eclipse.jdt.core.dom.ASTConverter.convertToParenthesizedExpression(ASTConverter.java:3882)
	at org.eclipse.jdt.core.dom.ASTConverter.convert(ASTConverter.java:1953)
	at org.eclipse.jdt.core.dom.ASTConverter.convert(ASTConverter.java:1204)
	at org.eclipse.jdt.core.dom.ASTConverter.convert(ASTConverter.java:1990)
	at org.eclipse.jdt.core.dom.ASTConverter.convert(ASTConverter.java:3124)
	at org.eclipse.jdt.core.dom.ASTConverter.convert(ASTConverter.java:1383)
	at org.eclipse.jdt.core.dom.ASTConverter.convert(ASTConverter.java:3042)
	at org.eclipse.jdt.core.dom.ASTConverter.convert(ASTConverter.java:2273)
	at org.eclipse.jdt.core.dom.ASTConverter.convert(ASTConverter.java:3066)
	at org.eclipse.jdt.core.dom.ASTConverter.convert(ASTConverter.java:751)
	at org.eclipse.jdt.core.dom.ASTConverter.buildBodyDeclarations(ASTConverter.java:208)
	at org.eclipse.jdt.core.dom.ASTConverter.convert(ASTConverter.java:3419)
	at org.eclipse.jdt.core.dom.ASTConverter.convert(ASTConverter.java:1534)
	at org.eclipse.jdt.core.dom.CompilationUnitResolver.convert(CompilationUnitResolver.java:344)
	at org.eclipse.jdt.core.dom.ASTParser.internalCreateAST(ASTParser.java:1272)
	at org.eclipse.jdt.core.dom.ASTParser.createAST(ASTParser.java:868)
	at org.eclipse.jdt.core.manipulation.CoreASTProvider$1.run(CoreASTProvider.java:294)
	at org.eclipse.core.runtime.SafeRunner.run(SafeRunner.java:45)
	at org.eclipse.jdt.core.manipulation.CoreASTProvider.createAST(CoreASTProvider.java:286)
	at org.eclipse.jdt.core.manipulation.CoreASTProvider.getAST(CoreASTProvider.java:199)
	at org.eclipse.jdt.core.manipulation.SharedASTProviderCore.getAST(SharedASTProviderCore.java:138)
	at org.eclipse.jdt.internal.ui.viewsupport.SelectionListenerWithASTManager$PartListenerGroup.calculateASTandInform(SelectionListenerWithASTManager.java:166)
	at org.eclipse.jdt.internal.ui.viewsupport.SelectionListenerWithASTManager$PartListenerGroup$1.run(SelectionListenerWithASTManager.java:151)
	at org.eclipse.core.internal.jobs.Worker.run(Worker.java:63)

!ENTRY org.eclipse.jdt.core.manipulation 4 0 2025-04-12 16:38:37.488
!MESSAGE Error in JDT Core during AST creation
!STACK 0
java.lang.IllegalArgumentException
	at org.eclipse.jdt.core.dom.InfixExpression.setOperator(InfixExpression.java:383)
	at org.eclipse.jdt.core.dom.ASTConverter.convert(ASTConverter.java:1287)
	at org.eclipse.jdt.core.dom.ASTConverter.convert(ASTConverter.java:2047)
	at org.eclipse.jdt.core.dom.ASTConverter.convertToParenthesizedExpression(ASTConverter.java:3882)
	at org.eclipse.jdt.core.dom.ASTConverter.convert(ASTConverter.java:1953)
	at org.eclipse.jdt.core.dom.ASTConverter.convert(ASTConverter.java:1204)
	at org.eclipse.jdt.core.dom.ASTConverter.convert(ASTConverter.java:1990)
	at org.eclipse.jdt.core.dom.ASTConverter.convert(ASTConverter.java:3124)
	at org.eclipse.jdt.core.dom.ASTConverter.convert(ASTConverter.java:1383)
	at org.eclipse.jdt.core.dom.ASTConverter.convert(ASTConverter.java:3042)
	at org.eclipse.jdt.core.dom.ASTConverter.convert(ASTConverter.java:2273)
	at org.eclipse.jdt.core.dom.ASTConverter.convert(ASTConverter.java:3066)
	at org.eclipse.jdt.core.dom.ASTConverter.convert(ASTConverter.java:751)
	at org.eclipse.jdt.core.dom.ASTConverter.buildBodyDeclarations(ASTConverter.java:208)
	at org.eclipse.jdt.core.dom.ASTConverter.convert(ASTConverter.java:3419)
	at org.eclipse.jdt.core.dom.ASTConverter.convert(ASTConverter.java:1534)
	at org.eclipse.jdt.core.dom.CompilationUnitResolver.convert(CompilationUnitResolver.java:344)
	at org.eclipse.jdt.core.dom.ASTParser.internalCreateAST(ASTParser.java:1272)
	at org.eclipse.jdt.core.dom.ASTParser.createAST(ASTParser.java:868)
	at org.eclipse.jdt.core.manipulation.CoreASTProvider$1.run(CoreASTProvider.java:294)
	at org.eclipse.core.runtime.SafeRunner.run(SafeRunner.java:45)
	at org.eclipse.jdt.core.manipulation.CoreASTProvider.createAST(CoreASTProvider.java:286)
	at org.eclipse.jdt.core.manipulation.CoreASTProvider.getAST(CoreASTProvider.java:199)
	at org.eclipse.jdt.core.manipulation.SharedASTProviderCore.getAST(SharedASTProviderCore.java:138)
	at org.eclipse.jdt.internal.ui.viewsupport.SelectionListenerWithASTManager$PartListenerGroup.calculateASTandInform(SelectionListenerWithASTManager.java:166)
	at org.eclipse.jdt.internal.ui.viewsupport.SelectionListenerWithASTManager$PartListenerGroup$1.run(SelectionListenerWithASTManager.java:151)
	at org.eclipse.core.internal.jobs.Worker.run(Worker.java:63)

!ENTRY org.eclipse.jdt.core 4 4 2025-04-12 16:42:48.035
!MESSAGE Exception occurred during compilation unit conversion:
----------------------------------- SOURCE BEGIN -------------------------------------
package _250412;

import java.util.ArrayList;

public class 콜라츠_수열_만들기 {

	public static void main(String[] args) {
		// TODO Auto-generated method stub
		int n =10;
		ArrayList<Integer> answer = new ArrayList<>();
//		int index =0;
//		answer.add(index,n);
//		  index++;
//		if(answer.get(index-1)%2==0) {
//			    answer.add(answer.get(index-1)/2);
//			    index++;
//		}else {
//			answer.add( (3 * answer.get(index-1)) + 1);
//			  index++;
//		}
//		
//		System.out.println(answer);
		
		while(n==1) {
			if(n%2==0) {
				n/2
			}else {
				
			}
			
		}
	}

}

----------------------------------- SOURCE END -------------------------------------
!STACK 0
java.lang.IllegalArgumentException
	at org.eclipse.jdt.core.dom.InfixExpression.setOperator(InfixExpression.java:383)
	at org.eclipse.jdt.core.dom.ASTConverter.convert(ASTConverter.java:1287)
	at org.eclipse.jdt.core.dom.ASTConverter.convert(ASTConverter.java:2047)
	at org.eclipse.jdt.core.dom.ASTConverter.convertToParenthesizedExpression(ASTConverter.java:3882)
	at org.eclipse.jdt.core.dom.ASTConverter.convert(ASTConverter.java:1953)
	at org.eclipse.jdt.core.dom.ASTConverter.convert(ASTConverter.java:1204)
	at org.eclipse.jdt.core.dom.ASTConverter.convert(ASTConverter.java:1990)
	at org.eclipse.jdt.core.dom.ASTConverter.convert(ASTConverter.java:3124)
	at org.eclipse.jdt.core.dom.ASTConverter.convert(ASTConverter.java:2268)
	at org.eclipse.jdt.core.dom.ASTConverter.convert(ASTConverter.java:3066)
	at org.eclipse.jdt.core.dom.ASTConverter.convert(ASTConverter.java:1383)
	at org.eclipse.jdt.core.dom.ASTConverter.convert(ASTConverter.java:3042)
	at org.eclipse.jdt.core.dom.ASTConverter.convert(ASTConverter.java:3533)
	at org.eclipse.jdt.core.dom.ASTConverter.convert(ASTConverter.java:3116)
	at org.eclipse.jdt.core.dom.ASTConverter.convert(ASTConverter.java:751)
	at org.eclipse.jdt.core.dom.ASTConverter.buildBodyDeclarations(ASTConverter.java:208)
	at org.eclipse.jdt.core.dom.ASTConverter.convert(ASTConverter.java:3419)
	at org.eclipse.jdt.core.dom.ASTConverter.convert(ASTConverter.java:1534)
	at org.eclipse.jdt.core.dom.AST.convertCompilationUnit(AST.java:561)
	at org.eclipse.jdt.internal.core.CompilationUnit.buildStructure(CompilationUnit.java:201)
	at org.eclipse.jdt.internal.core.Openable.generateInfos(Openable.java:266)
	at org.eclipse.jdt.internal.core.JavaElement.openWhenClosed(JavaElement.java:597)
	at org.eclipse.jdt.internal.core.CompilationUnit.makeConsistent(CompilationUnit.java:1148)
	at org.eclipse.jdt.internal.core.ReconcileWorkingCopyOperation.makeConsistent(ReconcileWorkingCopyOperation.java:173)
	at org.eclipse.jdt.internal.core.ReconcileWorkingCopyOperation.executeOperation(ReconcileWorkingCopyOperation.java:94)
	at org.eclipse.jdt.internal.core.JavaModelOperation.run(JavaModelOperation.java:740)
	at org.eclipse.jdt.internal.core.JavaModelOperation.runOperation(JavaModelOperation.java:806)
	at org.eclipse.jdt.internal.core.CompilationUnit.reconcile(CompilationUnit.java:1325)
	at org.eclipse.jdt.internal.ui.text.java.JavaReconcilingStrategy.reconcile(JavaReconcilingStrategy.java:132)
	at org.eclipse.jdt.internal.ui.text.java.JavaReconcilingStrategy$1.run(JavaReconcilingStrategy.java:94)
	at org.eclipse.core.runtime.SafeRunner.run(SafeRunner.java:45)
	at org.eclipse.jdt.internal.ui.text.java.JavaReconcilingStrategy.reconcile(JavaReconcilingStrategy.java:91)
	at org.eclipse.jdt.internal.ui.text.java.JavaReconcilingStrategy.reconcile(JavaReconcilingStrategy.java:158)
	at org.eclipse.jdt.internal.ui.text.CompositeReconcilingStrategy.reconcile(CompositeReconcilingStrategy.java:94)
	at org.eclipse.jdt.internal.ui.text.JavaCompositeReconcilingStrategy.reconcile(JavaCompositeReconcilingStrategy.java:107)
	at org.eclipse.jface.text.reconciler.MonoReconciler.process(MonoReconciler.java:78)
	at org.eclipse.jface.text.reconciler.AbstractReconciler$BackgroundThread.run(AbstractReconciler.java:207)

!ENTRY org.eclipse.jdt.ui 4 2 2025-04-12 16:42:48.036
!MESSAGE Problems occurred when invoking code from plug-in: "org.eclipse.jdt.ui".
!STACK 0
java.lang.IllegalArgumentException
	at org.eclipse.jdt.core.dom.InfixExpression.setOperator(InfixExpression.java:383)
	at org.eclipse.jdt.core.dom.ASTConverter.convert(ASTConverter.java:1287)
	at org.eclipse.jdt.core.dom.ASTConverter.convert(ASTConverter.java:2047)
	at org.eclipse.jdt.core.dom.ASTConverter.convertToParenthesizedExpression(ASTConverter.java:3882)
	at org.eclipse.jdt.core.dom.ASTConverter.convert(ASTConverter.java:1953)
	at org.eclipse.jdt.core.dom.ASTConverter.convert(ASTConverter.java:1204)
	at org.eclipse.jdt.core.dom.ASTConverter.convert(ASTConverter.java:1990)
	at org.eclipse.jdt.core.dom.ASTConverter.convert(ASTConverter.java:3124)
	at org.eclipse.jdt.core.dom.ASTConverter.convert(ASTConverter.java:2268)
	at org.eclipse.jdt.core.dom.ASTConverter.convert(ASTConverter.java:3066)
	at org.eclipse.jdt.core.dom.ASTConverter.convert(ASTConverter.java:1383)
	at org.eclipse.jdt.core.dom.ASTConverter.convert(ASTConverter.java:3042)
	at org.eclipse.jdt.core.dom.ASTConverter.convert(ASTConverter.java:3533)
	at org.eclipse.jdt.core.dom.ASTConverter.convert(ASTConverter.java:3116)
	at org.eclipse.jdt.core.dom.ASTConverter.convert(ASTConverter.java:751)
	at org.eclipse.jdt.core.dom.ASTConverter.buildBodyDeclarations(ASTConverter.java:208)
	at org.eclipse.jdt.core.dom.ASTConverter.convert(ASTConverter.java:3419)
	at org.eclipse.jdt.core.dom.ASTConverter.convert(ASTConverter.java:1534)
	at org.eclipse.jdt.core.dom.AST.convertCompilationUnit(AST.java:561)
	at org.eclipse.jdt.internal.core.CompilationUnit.buildStructure(CompilationUnit.java:201)
	at org.eclipse.jdt.internal.core.Openable.generateInfos(Openable.java:266)
	at org.eclipse.jdt.internal.core.JavaElement.openWhenClosed(JavaElement.java:597)
	at org.eclipse.jdt.internal.core.CompilationUnit.makeConsistent(CompilationUnit.java:1148)
	at org.eclipse.jdt.internal.core.ReconcileWorkingCopyOperation.makeConsistent(ReconcileWorkingCopyOperation.java:173)
	at org.eclipse.jdt.internal.core.ReconcileWorkingCopyOperation.executeOperation(ReconcileWorkingCopyOperation.java:94)
	at org.eclipse.jdt.internal.core.JavaModelOperation.run(JavaModelOperation.java:740)
	at org.eclipse.jdt.internal.core.JavaModelOperation.runOperation(JavaModelOperation.java:806)
	at org.eclipse.jdt.internal.core.CompilationUnit.reconcile(CompilationUnit.java:1325)
	at org.eclipse.jdt.internal.ui.text.java.JavaReconcilingStrategy.reconcile(JavaReconcilingStrategy.java:132)
	at org.eclipse.jdt.internal.ui.text.java.JavaReconcilingStrategy$1.run(JavaReconcilingStrategy.java:94)
	at org.eclipse.core.runtime.SafeRunner.run(SafeRunner.java:45)
	at org.eclipse.jdt.internal.ui.text.java.JavaReconcilingStrategy.reconcile(JavaReconcilingStrategy.java:91)
	at org.eclipse.jdt.internal.ui.text.java.JavaReconcilingStrategy.reconcile(JavaReconcilingStrategy.java:158)
	at org.eclipse.jdt.internal.ui.text.CompositeReconcilingStrategy.reconcile(CompositeReconcilingStrategy.java:94)
	at org.eclipse.jdt.internal.ui.text.JavaCompositeReconcilingStrategy.reconcile(JavaCompositeReconcilingStrategy.java:107)
	at org.eclipse.jface.text.reconciler.MonoReconciler.process(MonoReconciler.java:78)
	at org.eclipse.jface.text.reconciler.AbstractReconciler$BackgroundThread.run(AbstractReconciler.java:207)

!ENTRY org.eclipse.jdt.ui 4 0 2025-04-12 16:42:48.037
!MESSAGE Error in JDT Core during reconcile
!STACK 0
java.lang.IllegalArgumentException
	at org.eclipse.jdt.core.dom.InfixExpression.setOperator(InfixExpression.java:383)
	at org.eclipse.jdt.core.dom.ASTConverter.convert(ASTConverter.java:1287)
	at org.eclipse.jdt.core.dom.ASTConverter.convert(ASTConverter.java:2047)
	at org.eclipse.jdt.core.dom.ASTConverter.convertToParenthesizedExpression(ASTConverter.java:3882)
	at org.eclipse.jdt.core.dom.ASTConverter.convert(ASTConverter.java:1953)
	at org.eclipse.jdt.core.dom.ASTConverter.convert(ASTConverter.java:1204)
	at org.eclipse.jdt.core.dom.ASTConverter.convert(ASTConverter.java:1990)
	at org.eclipse.jdt.core.dom.ASTConverter.convert(ASTConverter.java:3124)
	at org.eclipse.jdt.core.dom.ASTConverter.convert(ASTConverter.java:2268)
	at org.eclipse.jdt.core.dom.ASTConverter.convert(ASTConverter.java:3066)
	at org.eclipse.jdt.core.dom.ASTConverter.convert(ASTConverter.java:1383)
	at org.eclipse.jdt.core.dom.ASTConverter.convert(ASTConverter.java:3042)
	at org.eclipse.jdt.core.dom.ASTConverter.convert(ASTConverter.java:3533)
	at org.eclipse.jdt.core.dom.ASTConverter.convert(ASTConverter.java:3116)
	at org.eclipse.jdt.core.dom.ASTConverter.convert(ASTConverter.java:751)
	at org.eclipse.jdt.core.dom.ASTConverter.buildBodyDeclarations(ASTConverter.java:208)
	at org.eclipse.jdt.core.dom.ASTConverter.convert(ASTConverter.java:3419)
	at org.eclipse.jdt.core.dom.ASTConverter.convert(ASTConverter.java:1534)
	at org.eclipse.jdt.core.dom.AST.convertCompilationUnit(AST.java:561)
	at org.eclipse.jdt.internal.core.CompilationUnit.buildStructure(CompilationUnit.java:201)
	at org.eclipse.jdt.internal.core.Openable.generateInfos(Openable.java:266)
	at org.eclipse.jdt.internal.core.JavaElement.openWhenClosed(JavaElement.java:597)
	at org.eclipse.jdt.internal.core.CompilationUnit.makeConsistent(CompilationUnit.java:1148)
	at org.eclipse.jdt.internal.core.ReconcileWorkingCopyOperation.makeConsistent(ReconcileWorkingCopyOperation.java:173)
	at org.eclipse.jdt.internal.core.ReconcileWorkingCopyOperation.executeOperation(ReconcileWorkingCopyOperation.java:94)
	at org.eclipse.jdt.internal.core.JavaModelOperation.run(JavaModelOperation.java:740)
	at org.eclipse.jdt.internal.core.JavaModelOperation.runOperation(JavaModelOperation.java:806)
	at org.eclipse.jdt.internal.core.CompilationUnit.reconcile(CompilationUnit.java:1325)
	at org.eclipse.jdt.internal.ui.text.java.JavaReconcilingStrategy.reconcile(JavaReconcilingStrategy.java:132)
	at org.eclipse.jdt.internal.ui.text.java.JavaReconcilingStrategy$1.run(JavaReconcilingStrategy.java:94)
	at org.eclipse.core.runtime.SafeRunner.run(SafeRunner.java:45)
	at org.eclipse.jdt.internal.ui.text.java.JavaReconcilingStrategy.reconcile(JavaReconcilingStrategy.java:91)
	at org.eclipse.jdt.internal.ui.text.java.JavaReconcilingStrategy.reconcile(JavaReconcilingStrategy.java:158)
	at org.eclipse.jdt.internal.ui.text.CompositeReconcilingStrategy.reconcile(CompositeReconcilingStrategy.java:94)
	at org.eclipse.jdt.internal.ui.text.JavaCompositeReconcilingStrategy.reconcile(JavaCompositeReconcilingStrategy.java:107)
	at org.eclipse.jface.text.reconciler.MonoReconciler.process(MonoReconciler.java:78)
	at org.eclipse.jface.text.reconciler.AbstractReconciler$BackgroundThread.run(AbstractReconciler.java:207)

!ENTRY org.eclipse.jdt.core 4 4 2025-04-12 16:42:48.234
!MESSAGE Exception occurred during compilation unit conversion:
----------------------------------- SOURCE BEGIN -------------------------------------
package _250412;

import java.util.ArrayList;

public class 콜라츠_수열_만들기 {

	public static void main(String[] args) {
		// TODO Auto-generated method stub
		int n =10;
		ArrayList<Integer> answer = new ArrayList<>();
//		int index =0;
//		answer.add(index,n);
//		  index++;
//		if(answer.get(index-1)%2==0) {
//			    answer.add(answer.get(index-1)/2);
//			    index++;
//		}else {
//			answer.add( (3 * answer.get(index-1)) + 1);
//			  index++;
//		}
//		
//		System.out.println(answer);
		
		while(n==1) {
			if(n%2==0) {
				n/2
			}else {
				
			}
			
		}
	}

}

----------------------------------- SOURCE END -------------------------------------
!STACK 0
java.lang.IllegalArgumentException
	at org.eclipse.jdt.core.dom.InfixExpression.setOperator(InfixExpression.java:383)
	at org.eclipse.jdt.core.dom.ASTConverter.convert(ASTConverter.java:1287)
	at org.eclipse.jdt.core.dom.ASTConverter.convert(ASTConverter.java:2047)
	at org.eclipse.jdt.core.dom.ASTConverter.convertToParenthesizedExpression(ASTConverter.java:3882)
	at org.eclipse.jdt.core.dom.ASTConverter.convert(ASTConverter.java:1953)
	at org.eclipse.jdt.core.dom.ASTConverter.convert(ASTConverter.java:1204)
	at org.eclipse.jdt.core.dom.ASTConverter.convert(ASTConverter.java:1990)
	at org.eclipse.jdt.core.dom.ASTConverter.convert(ASTConverter.java:3124)
	at org.eclipse.jdt.core.dom.ASTConverter.convert(ASTConverter.java:2268)
	at org.eclipse.jdt.core.dom.ASTConverter.convert(ASTConverter.java:3066)
	at org.eclipse.jdt.core.dom.ASTConverter.convert(ASTConverter.java:1383)
	at org.eclipse.jdt.core.dom.ASTConverter.convert(ASTConverter.java:3042)
	at org.eclipse.jdt.core.dom.ASTConverter.convert(ASTConverter.java:3533)
	at org.eclipse.jdt.core.dom.ASTConverter.convert(ASTConverter.java:3116)
	at org.eclipse.jdt.core.dom.ASTConverter.convert(ASTConverter.java:751)
	at org.eclipse.jdt.core.dom.ASTConverter.buildBodyDeclarations(ASTConverter.java:208)
	at org.eclipse.jdt.core.dom.ASTConverter.convert(ASTConverter.java:3419)
	at org.eclipse.jdt.core.dom.ASTConverter.convert(ASTConverter.java:1534)
	at org.eclipse.jdt.core.dom.CompilationUnitResolver.convert(CompilationUnitResolver.java:344)
	at org.eclipse.jdt.core.dom.ASTParser.internalCreateAST(ASTParser.java:1272)
	at org.eclipse.jdt.core.dom.ASTParser.createAST(ASTParser.java:868)
	at org.eclipse.jdt.core.manipulation.CoreASTProvider$1.run(CoreASTProvider.java:294)
	at org.eclipse.core.runtime.SafeRunner.run(SafeRunner.java:45)
	at org.eclipse.jdt.core.manipulation.CoreASTProvider.createAST(CoreASTProvider.java:286)
	at org.eclipse.jdt.core.manipulation.CoreASTProvider.getAST(CoreASTProvider.java:199)
	at org.eclipse.jdt.core.manipulation.SharedASTProviderCore.getAST(SharedASTProviderCore.java:138)
	at org.eclipse.jdt.internal.ui.viewsupport.SelectionListenerWithASTManager$PartListenerGroup.calculateASTandInform(SelectionListenerWithASTManager.java:166)
	at org.eclipse.jdt.internal.ui.viewsupport.SelectionListenerWithASTManager$PartListenerGroup$1.run(SelectionListenerWithASTManager.java:151)
	at org.eclipse.core.internal.jobs.Worker.run(Worker.java:63)

!ENTRY org.eclipse.jdt.core.manipulation 4 2 2025-04-12 16:42:48.235
!MESSAGE Problems occurred when invoking code from plug-in: "org.eclipse.jdt.core.manipulation".
!STACK 0
java.lang.IllegalArgumentException
	at org.eclipse.jdt.core.dom.InfixExpression.setOperator(InfixExpression.java:383)
	at org.eclipse.jdt.core.dom.ASTConverter.convert(ASTConverter.java:1287)
	at org.eclipse.jdt.core.dom.ASTConverter.convert(ASTConverter.java:2047)
	at org.eclipse.jdt.core.dom.ASTConverter.convertToParenthesizedExpression(ASTConverter.java:3882)
	at org.eclipse.jdt.core.dom.ASTConverter.convert(ASTConverter.java:1953)
	at org.eclipse.jdt.core.dom.ASTConverter.convert(ASTConverter.java:1204)
	at org.eclipse.jdt.core.dom.ASTConverter.convert(ASTConverter.java:1990)
	at org.eclipse.jdt.core.dom.ASTConverter.convert(ASTConverter.java:3124)
	at org.eclipse.jdt.core.dom.ASTConverter.convert(ASTConverter.java:2268)
	at org.eclipse.jdt.core.dom.ASTConverter.convert(ASTConverter.java:3066)
	at org.eclipse.jdt.core.dom.ASTConverter.convert(ASTConverter.java:1383)
	at org.eclipse.jdt.core.dom.ASTConverter.convert(ASTConverter.java:3042)
	at org.eclipse.jdt.core.dom.ASTConverter.convert(ASTConverter.java:3533)
	at org.eclipse.jdt.core.dom.ASTConverter.convert(ASTConverter.java:3116)
	at org.eclipse.jdt.core.dom.ASTConverter.convert(ASTConverter.java:751)
	at org.eclipse.jdt.core.dom.ASTConverter.buildBodyDeclarations(ASTConverter.java:208)
	at org.eclipse.jdt.core.dom.ASTConverter.convert(ASTConverter.java:3419)
	at org.eclipse.jdt.core.dom.ASTConverter.convert(ASTConverter.java:1534)
	at org.eclipse.jdt.core.dom.CompilationUnitResolver.convert(CompilationUnitResolver.java:344)
	at org.eclipse.jdt.core.dom.ASTParser.internalCreateAST(ASTParser.java:1272)
	at org.eclipse.jdt.core.dom.ASTParser.createAST(ASTParser.java:868)
	at org.eclipse.jdt.core.manipulation.CoreASTProvider$1.run(CoreASTProvider.java:294)
	at org.eclipse.core.runtime.SafeRunner.run(SafeRunner.java:45)
	at org.eclipse.jdt.core.manipulation.CoreASTProvider.createAST(CoreASTProvider.java:286)
	at org.eclipse.jdt.core.manipulation.CoreASTProvider.getAST(CoreASTProvider.java:199)
	at org.eclipse.jdt.core.manipulation.SharedASTProviderCore.getAST(SharedASTProviderCore.java:138)
	at org.eclipse.jdt.internal.ui.viewsupport.SelectionListenerWithASTManager$PartListenerGroup.calculateASTandInform(SelectionListenerWithASTManager.java:166)
	at org.eclipse.jdt.internal.ui.viewsupport.SelectionListenerWithASTManager$PartListenerGroup$1.run(SelectionListenerWithASTManager.java:151)
	at org.eclipse.core.internal.jobs.Worker.run(Worker.java:63)

!ENTRY org.eclipse.jdt.core.manipulation 4 0 2025-04-12 16:42:48.236
!MESSAGE Error in JDT Core during AST creation
!STACK 0
java.lang.IllegalArgumentException
	at org.eclipse.jdt.core.dom.InfixExpression.setOperator(InfixExpression.java:383)
	at org.eclipse.jdt.core.dom.ASTConverter.convert(ASTConverter.java:1287)
	at org.eclipse.jdt.core.dom.ASTConverter.convert(ASTConverter.java:2047)
	at org.eclipse.jdt.core.dom.ASTConverter.convertToParenthesizedExpression(ASTConverter.java:3882)
	at org.eclipse.jdt.core.dom.ASTConverter.convert(ASTConverter.java:1953)
	at org.eclipse.jdt.core.dom.ASTConverter.convert(ASTConverter.java:1204)
	at org.eclipse.jdt.core.dom.ASTConverter.convert(ASTConverter.java:1990)
	at org.eclipse.jdt.core.dom.ASTConverter.convert(ASTConverter.java:3124)
	at org.eclipse.jdt.core.dom.ASTConverter.convert(ASTConverter.java:2268)
	at org.eclipse.jdt.core.dom.ASTConverter.convert(ASTConverter.java:3066)
	at org.eclipse.jdt.core.dom.ASTConverter.convert(ASTConverter.java:1383)
	at org.eclipse.jdt.core.dom.ASTConverter.convert(ASTConverter.java:3042)
	at org.eclipse.jdt.core.dom.ASTConverter.convert(ASTConverter.java:3533)
	at org.eclipse.jdt.core.dom.ASTConverter.convert(ASTConverter.java:3116)
	at org.eclipse.jdt.core.dom.ASTConverter.convert(ASTConverter.java:751)
	at org.eclipse.jdt.core.dom.ASTConverter.buildBodyDeclarations(ASTConverter.java:208)
	at org.eclipse.jdt.core.dom.ASTConverter.convert(ASTConverter.java:3419)
	at org.eclipse.jdt.core.dom.ASTConverter.convert(ASTConverter.java:1534)
	at org.eclipse.jdt.core.dom.CompilationUnitResolver.convert(CompilationUnitResolver.java:344)
	at org.eclipse.jdt.core.dom.ASTParser.internalCreateAST(ASTParser.java:1272)
	at org.eclipse.jdt.core.dom.ASTParser.createAST(ASTParser.java:868)
	at org.eclipse.jdt.core.manipulation.CoreASTProvider$1.run(CoreASTProvider.java:294)
	at org.eclipse.core.runtime.SafeRunner.run(SafeRunner.java:45)
	at org.eclipse.jdt.core.manipulation.CoreASTProvider.createAST(CoreASTProvider.java:286)
	at org.eclipse.jdt.core.manipulation.CoreASTProvider.getAST(CoreASTProvider.java:199)
	at org.eclipse.jdt.core.manipulation.SharedASTProviderCore.getAST(SharedASTProviderCore.java:138)
	at org.eclipse.jdt.internal.ui.viewsupport.SelectionListenerWithASTManager$PartListenerGroup.calculateASTandInform(SelectionListenerWithASTManager.java:166)
	at org.eclipse.jdt.internal.ui.viewsupport.SelectionListenerWithASTManager$PartListenerGroup$1.run(SelectionListenerWithASTManager.java:151)
	at org.eclipse.core.internal.jobs.Worker.run(Worker.java:63)

!ENTRY org.eclipse.jdt.core 4 4 2025-04-12 16:42:49.544
!MESSAGE Exception occurred during compilation unit conversion:
----------------------------------- SOURCE BEGIN -------------------------------------
package _250412;

import java.util.ArrayList;

public class 콜라츠_수열_만들기 {

	public static void main(String[] args) {
		// TODO Auto-generated method stub
		int n =10;
		ArrayList<Integer> answer = new ArrayList<>();
//		int index =0;
//		answer.add(index,n);
//		  index++;
//		if(answer.get(index-1)%2==0) {
//			    answer.add(answer.get(index-1)/2);
//			    index++;
//		}else {
//			answer.add( (3 * answer.get(index-1)) + 1);
//			  index++;
//		}
//		
//		System.out.println(answer);
		
		while(n==1) {
			if(n%2==0) {
				 n/2
			}else {
				
			}
			
		}
	}

}

----------------------------------- SOURCE END -------------------------------------
!STACK 0
java.lang.IllegalArgumentException
	at org.eclipse.jdt.core.dom.InfixExpression.setOperator(InfixExpression.java:383)
	at org.eclipse.jdt.core.dom.ASTConverter.convert(ASTConverter.java:1287)
	at org.eclipse.jdt.core.dom.ASTConverter.convert(ASTConverter.java:2047)
	at org.eclipse.jdt.core.dom.ASTConverter.convertToParenthesizedExpression(ASTConverter.java:3882)
	at org.eclipse.jdt.core.dom.ASTConverter.convert(ASTConverter.java:1953)
	at org.eclipse.jdt.core.dom.ASTConverter.convert(ASTConverter.java:1204)
	at org.eclipse.jdt.core.dom.ASTConverter.convert(ASTConverter.java:1990)
	at org.eclipse.jdt.core.dom.ASTConverter.convert(ASTConverter.java:3124)
	at org.eclipse.jdt.core.dom.ASTConverter.convert(ASTConverter.java:2268)
	at org.eclipse.jdt.core.dom.ASTConverter.convert(ASTConverter.java:3066)
	at org.eclipse.jdt.core.dom.ASTConverter.convert(ASTConverter.java:1383)
	at org.eclipse.jdt.core.dom.ASTConverter.convert(ASTConverter.java:3042)
	at org.eclipse.jdt.core.dom.ASTConverter.convert(ASTConverter.java:3533)
	at org.eclipse.jdt.core.dom.ASTConverter.convert(ASTConverter.java:3116)
	at org.eclipse.jdt.core.dom.ASTConverter.convert(ASTConverter.java:751)
	at org.eclipse.jdt.core.dom.ASTConverter.buildBodyDeclarations(ASTConverter.java:208)
	at org.eclipse.jdt.core.dom.ASTConverter.convert(ASTConverter.java:3419)
	at org.eclipse.jdt.core.dom.ASTConverter.convert(ASTConverter.java:1534)
	at org.eclipse.jdt.core.dom.AST.convertCompilationUnit(AST.java:561)
	at org.eclipse.jdt.internal.core.CompilationUnit.buildStructure(CompilationUnit.java:201)
	at org.eclipse.jdt.internal.core.Openable.generateInfos(Openable.java:266)
	at org.eclipse.jdt.internal.core.JavaElement.openWhenClosed(JavaElement.java:597)
	at org.eclipse.jdt.internal.core.CompilationUnit.makeConsistent(CompilationUnit.java:1148)
	at org.eclipse.jdt.internal.core.ReconcileWorkingCopyOperation.makeConsistent(ReconcileWorkingCopyOperation.java:173)
	at org.eclipse.jdt.internal.core.ReconcileWorkingCopyOperation.executeOperation(ReconcileWorkingCopyOperation.java:94)
	at org.eclipse.jdt.internal.core.JavaModelOperation.run(JavaModelOperation.java:740)
	at org.eclipse.jdt.internal.core.JavaModelOperation.runOperation(JavaModelOperation.java:806)
	at org.eclipse.jdt.internal.core.CompilationUnit.reconcile(CompilationUnit.java:1325)
	at org.eclipse.jdt.internal.ui.text.java.JavaReconcilingStrategy.reconcile(JavaReconcilingStrategy.java:132)
	at org.eclipse.jdt.internal.ui.text.java.JavaReconcilingStrategy$1.run(JavaReconcilingStrategy.java:94)
	at org.eclipse.core.runtime.SafeRunner.run(SafeRunner.java:45)
	at org.eclipse.jdt.internal.ui.text.java.JavaReconcilingStrategy.reconcile(JavaReconcilingStrategy.java:91)
	at org.eclipse.jdt.internal.ui.text.java.JavaReconcilingStrategy.reconcile(JavaReconcilingStrategy.java:158)
	at org.eclipse.jdt.internal.ui.text.CompositeReconcilingStrategy.reconcile(CompositeReconcilingStrategy.java:94)
	at org.eclipse.jdt.internal.ui.text.JavaCompositeReconcilingStrategy.reconcile(JavaCompositeReconcilingStrategy.java:107)
	at org.eclipse.jface.text.reconciler.MonoReconciler.process(MonoReconciler.java:78)
	at org.eclipse.jface.text.reconciler.AbstractReconciler$BackgroundThread.run(AbstractReconciler.java:207)

!ENTRY org.eclipse.jdt.ui 4 2 2025-04-12 16:42:49.545
!MESSAGE Problems occurred when invoking code from plug-in: "org.eclipse.jdt.ui".
!STACK 0
java.lang.IllegalArgumentException
	at org.eclipse.jdt.core.dom.InfixExpression.setOperator(InfixExpression.java:383)
	at org.eclipse.jdt.core.dom.ASTConverter.convert(ASTConverter.java:1287)
	at org.eclipse.jdt.core.dom.ASTConverter.convert(ASTConverter.java:2047)
	at org.eclipse.jdt.core.dom.ASTConverter.convertToParenthesizedExpression(ASTConverter.java:3882)
	at org.eclipse.jdt.core.dom.ASTConverter.convert(ASTConverter.java:1953)
	at org.eclipse.jdt.core.dom.ASTConverter.convert(ASTConverter.java:1204)
	at org.eclipse.jdt.core.dom.ASTConverter.convert(ASTConverter.java:1990)
	at org.eclipse.jdt.core.dom.ASTConverter.convert(ASTConverter.java:3124)
	at org.eclipse.jdt.core.dom.ASTConverter.convert(ASTConverter.java:2268)
	at org.eclipse.jdt.core.dom.ASTConverter.convert(ASTConverter.java:3066)
	at org.eclipse.jdt.core.dom.ASTConverter.convert(ASTConverter.java:1383)
	at org.eclipse.jdt.core.dom.ASTConverter.convert(ASTConverter.java:3042)
	at org.eclipse.jdt.core.dom.ASTConverter.convert(ASTConverter.java:3533)
	at org.eclipse.jdt.core.dom.ASTConverter.convert(ASTConverter.java:3116)
	at org.eclipse.jdt.core.dom.ASTConverter.convert(ASTConverter.java:751)
	at org.eclipse.jdt.core.dom.ASTConverter.buildBodyDeclarations(ASTConverter.java:208)
	at org.eclipse.jdt.core.dom.ASTConverter.convert(ASTConverter.java:3419)
	at org.eclipse.jdt.core.dom.ASTConverter.convert(ASTConverter.java:1534)
	at org.eclipse.jdt.core.dom.AST.convertCompilationUnit(AST.java:561)
	at org.eclipse.jdt.internal.core.CompilationUnit.buildStructure(CompilationUnit.java:201)
	at org.eclipse.jdt.internal.core.Openable.generateInfos(Openable.java:266)
	at org.eclipse.jdt.internal.core.JavaElement.openWhenClosed(JavaElement.java:597)
	at org.eclipse.jdt.internal.core.CompilationUnit.makeConsistent(CompilationUnit.java:1148)
	at org.eclipse.jdt.internal.core.ReconcileWorkingCopyOperation.makeConsistent(ReconcileWorkingCopyOperation.java:173)
	at org.eclipse.jdt.internal.core.ReconcileWorkingCopyOperation.executeOperation(ReconcileWorkingCopyOperation.java:94)
	at org.eclipse.jdt.internal.core.JavaModelOperation.run(JavaModelOperation.java:740)
	at org.eclipse.jdt.internal.core.JavaModelOperation.runOperation(JavaModelOperation.java:806)
	at org.eclipse.jdt.internal.core.CompilationUnit.reconcile(CompilationUnit.java:1325)
	at org.eclipse.jdt.internal.ui.text.java.JavaReconcilingStrategy.reconcile(JavaReconcilingStrategy.java:132)
	at org.eclipse.jdt.internal.ui.text.java.JavaReconcilingStrategy$1.run(JavaReconcilingStrategy.java:94)
	at org.eclipse.core.runtime.SafeRunner.run(SafeRunner.java:45)
	at org.eclipse.jdt.internal.ui.text.java.JavaReconcilingStrategy.reconcile(JavaReconcilingStrategy.java:91)
	at org.eclipse.jdt.internal.ui.text.java.JavaReconcilingStrategy.reconcile(JavaReconcilingStrategy.java:158)
	at org.eclipse.jdt.internal.ui.text.CompositeReconcilingStrategy.reconcile(CompositeReconcilingStrategy.java:94)
	at org.eclipse.jdt.internal.ui.text.JavaCompositeReconcilingStrategy.reconcile(JavaCompositeReconcilingStrategy.java:107)
	at org.eclipse.jface.text.reconciler.MonoReconciler.process(MonoReconciler.java:78)
	at org.eclipse.jface.text.reconciler.AbstractReconciler$BackgroundThread.run(AbstractReconciler.java:207)

!ENTRY org.eclipse.jdt.ui 4 0 2025-04-12 16:42:49.546
!MESSAGE Error in JDT Core during reconcile
!STACK 0
java.lang.IllegalArgumentException
	at org.eclipse.jdt.core.dom.InfixExpression.setOperator(InfixExpression.java:383)
	at org.eclipse.jdt.core.dom.ASTConverter.convert(ASTConverter.java:1287)
	at org.eclipse.jdt.core.dom.ASTConverter.convert(ASTConverter.java:2047)
	at org.eclipse.jdt.core.dom.ASTConverter.convertToParenthesizedExpression(ASTConverter.java:3882)
	at org.eclipse.jdt.core.dom.ASTConverter.convert(ASTConverter.java:1953)
	at org.eclipse.jdt.core.dom.ASTConverter.convert(ASTConverter.java:1204)
	at org.eclipse.jdt.core.dom.ASTConverter.convert(ASTConverter.java:1990)
	at org.eclipse.jdt.core.dom.ASTConverter.convert(ASTConverter.java:3124)
	at org.eclipse.jdt.core.dom.ASTConverter.convert(ASTConverter.java:2268)
	at org.eclipse.jdt.core.dom.ASTConverter.convert(ASTConverter.java:3066)
	at org.eclipse.jdt.core.dom.ASTConverter.convert(ASTConverter.java:1383)
	at org.eclipse.jdt.core.dom.ASTConverter.convert(ASTConverter.java:3042)
	at org.eclipse.jdt.core.dom.ASTConverter.convert(ASTConverter.java:3533)
	at org.eclipse.jdt.core.dom.ASTConverter.convert(ASTConverter.java:3116)
	at org.eclipse.jdt.core.dom.ASTConverter.convert(ASTConverter.java:751)
	at org.eclipse.jdt.core.dom.ASTConverter.buildBodyDeclarations(ASTConverter.java:208)
	at org.eclipse.jdt.core.dom.ASTConverter.convert(ASTConverter.java:3419)
	at org.eclipse.jdt.core.dom.ASTConverter.convert(ASTConverter.java:1534)
	at org.eclipse.jdt.core.dom.AST.convertCompilationUnit(AST.java:561)
	at org.eclipse.jdt.internal.core.CompilationUnit.buildStructure(CompilationUnit.java:201)
	at org.eclipse.jdt.internal.core.Openable.generateInfos(Openable.java:266)
	at org.eclipse.jdt.internal.core.JavaElement.openWhenClosed(JavaElement.java:597)
	at org.eclipse.jdt.internal.core.CompilationUnit.makeConsistent(CompilationUnit.java:1148)
	at org.eclipse.jdt.internal.core.ReconcileWorkingCopyOperation.makeConsistent(ReconcileWorkingCopyOperation.java:173)
	at org.eclipse.jdt.internal.core.ReconcileWorkingCopyOperation.executeOperation(ReconcileWorkingCopyOperation.java:94)
	at org.eclipse.jdt.internal.core.JavaModelOperation.run(JavaModelOperation.java:740)
	at org.eclipse.jdt.internal.core.JavaModelOperation.runOperation(JavaModelOperation.java:806)
	at org.eclipse.jdt.internal.core.CompilationUnit.reconcile(CompilationUnit.java:1325)
	at org.eclipse.jdt.internal.ui.text.java.JavaReconcilingStrategy.reconcile(JavaReconcilingStrategy.java:132)
	at org.eclipse.jdt.internal.ui.text.java.JavaReconcilingStrategy$1.run(JavaReconcilingStrategy.java:94)
	at org.eclipse.core.runtime.SafeRunner.run(SafeRunner.java:45)
	at org.eclipse.jdt.internal.ui.text.java.JavaReconcilingStrategy.reconcile(JavaReconcilingStrategy.java:91)
	at org.eclipse.jdt.internal.ui.text.java.JavaReconcilingStrategy.reconcile(JavaReconcilingStrategy.java:158)
	at org.eclipse.jdt.internal.ui.text.CompositeReconcilingStrategy.reconcile(CompositeReconcilingStrategy.java:94)
	at org.eclipse.jdt.internal.ui.text.JavaCompositeReconcilingStrategy.reconcile(JavaCompositeReconcilingStrategy.java:107)
	at org.eclipse.jface.text.reconciler.MonoReconciler.process(MonoReconciler.java:78)
	at org.eclipse.jface.text.reconciler.AbstractReconciler$BackgroundThread.run(AbstractReconciler.java:207)

!ENTRY org.eclipse.jdt.core 4 4 2025-04-12 16:42:50.022
!MESSAGE Exception occurred during compilation unit conversion:
----------------------------------- SOURCE BEGIN -------------------------------------
package _250412;

import java.util.ArrayList;

public class 콜라츠_수열_만들기 {

	public static void main(String[] args) {
		// TODO Auto-generated method stub
		int n =10;
		ArrayList<Integer> answer = new ArrayList<>();
//		int index =0;
//		answer.add(index,n);
//		  index++;
//		if(answer.get(index-1)%2==0) {
//			    answer.add(answer.get(index-1)/2);
//			    index++;
//		}else {
//			answer.add( (3 * answer.get(index-1)) + 1);
//			  index++;
//		}
//		
//		System.out.println(answer);
		
		while(n==1) {
			if(n%2==0) {
				 n/2
			}else {
				
			}
			
		}
	}

}

----------------------------------- SOURCE END -------------------------------------
!STACK 0
java.lang.IllegalArgumentException
	at org.eclipse.jdt.core.dom.InfixExpression.setOperator(InfixExpression.java:383)
	at org.eclipse.jdt.core.dom.ASTConverter.convert(ASTConverter.java:1287)
	at org.eclipse.jdt.core.dom.ASTConverter.convert(ASTConverter.java:2047)
	at org.eclipse.jdt.core.dom.ASTConverter.convertToParenthesizedExpression(ASTConverter.java:3882)
	at org.eclipse.jdt.core.dom.ASTConverter.convert(ASTConverter.java:1953)
	at org.eclipse.jdt.core.dom.ASTConverter.convert(ASTConverter.java:1204)
	at org.eclipse.jdt.core.dom.ASTConverter.convert(ASTConverter.java:1990)
	at org.eclipse.jdt.core.dom.ASTConverter.convert(ASTConverter.java:3124)
	at org.eclipse.jdt.core.dom.ASTConverter.convert(ASTConverter.java:2268)
	at org.eclipse.jdt.core.dom.ASTConverter.convert(ASTConverter.java:3066)
	at org.eclipse.jdt.core.dom.ASTConverter.convert(ASTConverter.java:1383)
	at org.eclipse.jdt.core.dom.ASTConverter.convert(ASTConverter.java:3042)
	at org.eclipse.jdt.core.dom.ASTConverter.convert(ASTConverter.java:3533)
	at org.eclipse.jdt.core.dom.ASTConverter.convert(ASTConverter.java:3116)
	at org.eclipse.jdt.core.dom.ASTConverter.convert(ASTConverter.java:751)
	at org.eclipse.jdt.core.dom.ASTConverter.buildBodyDeclarations(ASTConverter.java:208)
	at org.eclipse.jdt.core.dom.ASTConverter.convert(ASTConverter.java:3419)
	at org.eclipse.jdt.core.dom.ASTConverter.convert(ASTConverter.java:1534)
	at org.eclipse.jdt.core.dom.CompilationUnitResolver.convert(CompilationUnitResolver.java:344)
	at org.eclipse.jdt.core.dom.ASTParser.internalCreateAST(ASTParser.java:1272)
	at org.eclipse.jdt.core.dom.ASTParser.createAST(ASTParser.java:868)
	at org.eclipse.jdt.core.manipulation.CoreASTProvider$1.run(CoreASTProvider.java:294)
	at org.eclipse.core.runtime.SafeRunner.run(SafeRunner.java:45)
	at org.eclipse.jdt.core.manipulation.CoreASTProvider.createAST(CoreASTProvider.java:286)
	at org.eclipse.jdt.core.manipulation.CoreASTProvider.getAST(CoreASTProvider.java:199)
	at org.eclipse.jdt.core.manipulation.SharedASTProviderCore.getAST(SharedASTProviderCore.java:138)
	at org.eclipse.jdt.internal.ui.viewsupport.SelectionListenerWithASTManager$PartListenerGroup.calculateASTandInform(SelectionListenerWithASTManager.java:166)
	at org.eclipse.jdt.internal.ui.viewsupport.SelectionListenerWithASTManager$PartListenerGroup$1.run(SelectionListenerWithASTManager.java:151)
	at org.eclipse.core.internal.jobs.Worker.run(Worker.java:63)

!ENTRY org.eclipse.jdt.core.manipulation 4 2 2025-04-12 16:42:50.023
!MESSAGE Problems occurred when invoking code from plug-in: "org.eclipse.jdt.core.manipulation".
!STACK 0
java.lang.IllegalArgumentException
	at org.eclipse.jdt.core.dom.InfixExpression.setOperator(InfixExpression.java:383)
	at org.eclipse.jdt.core.dom.ASTConverter.convert(ASTConverter.java:1287)
	at org.eclipse.jdt.core.dom.ASTConverter.convert(ASTConverter.java:2047)
	at org.eclipse.jdt.core.dom.ASTConverter.convertToParenthesizedExpression(ASTConverter.java:3882)
	at org.eclipse.jdt.core.dom.ASTConverter.convert(ASTConverter.java:1953)
	at org.eclipse.jdt.core.dom.ASTConverter.convert(ASTConverter.java:1204)
	at org.eclipse.jdt.core.dom.ASTConverter.convert(ASTConverter.java:1990)
	at org.eclipse.jdt.core.dom.ASTConverter.convert(ASTConverter.java:3124)
	at org.eclipse.jdt.core.dom.ASTConverter.convert(ASTConverter.java:2268)
	at org.eclipse.jdt.core.dom.ASTConverter.convert(ASTConverter.java:3066)
	at org.eclipse.jdt.core.dom.ASTConverter.convert(ASTConverter.java:1383)
	at org.eclipse.jdt.core.dom.ASTConverter.convert(ASTConverter.java:3042)
	at org.eclipse.jdt.core.dom.ASTConverter.convert(ASTConverter.java:3533)
	at org.eclipse.jdt.core.dom.ASTConverter.convert(ASTConverter.java:3116)
	at org.eclipse.jdt.core.dom.ASTConverter.convert(ASTConverter.java:751)
	at org.eclipse.jdt.core.dom.ASTConverter.buildBodyDeclarations(ASTConverter.java:208)
	at org.eclipse.jdt.core.dom.ASTConverter.convert(ASTConverter.java:3419)
	at org.eclipse.jdt.core.dom.ASTConverter.convert(ASTConverter.java:1534)
	at org.eclipse.jdt.core.dom.CompilationUnitResolver.convert(CompilationUnitResolver.java:344)
	at org.eclipse.jdt.core.dom.ASTParser.internalCreateAST(ASTParser.java:1272)
	at org.eclipse.jdt.core.dom.ASTParser.createAST(ASTParser.java:868)
	at org.eclipse.jdt.core.manipulation.CoreASTProvider$1.run(CoreASTProvider.java:294)
	at org.eclipse.core.runtime.SafeRunner.run(SafeRunner.java:45)
	at org.eclipse.jdt.core.manipulation.CoreASTProvider.createAST(CoreASTProvider.java:286)
	at org.eclipse.jdt.core.manipulation.CoreASTProvider.getAST(CoreASTProvider.java:199)
	at org.eclipse.jdt.core.manipulation.SharedASTProviderCore.getAST(SharedASTProviderCore.java:138)
	at org.eclipse.jdt.internal.ui.viewsupport.SelectionListenerWithASTManager$PartListenerGroup.calculateASTandInform(SelectionListenerWithASTManager.java:166)
	at org.eclipse.jdt.internal.ui.viewsupport.SelectionListenerWithASTManager$PartListenerGroup$1.run(SelectionListenerWithASTManager.java:151)
	at org.eclipse.core.internal.jobs.Worker.run(Worker.java:63)

!ENTRY org.eclipse.jdt.core.manipulation 4 0 2025-04-12 16:42:50.023
!MESSAGE Error in JDT Core during AST creation
!STACK 0
java.lang.IllegalArgumentException
	at org.eclipse.jdt.core.dom.InfixExpression.setOperator(InfixExpression.java:383)
	at org.eclipse.jdt.core.dom.ASTConverter.convert(ASTConverter.java:1287)
	at org.eclipse.jdt.core.dom.ASTConverter.convert(ASTConverter.java:2047)
	at org.eclipse.jdt.core.dom.ASTConverter.convertToParenthesizedExpression(ASTConverter.java:3882)
	at org.eclipse.jdt.core.dom.ASTConverter.convert(ASTConverter.java:1953)
	at org.eclipse.jdt.core.dom.ASTConverter.convert(ASTConverter.java:1204)
	at org.eclipse.jdt.core.dom.ASTConverter.convert(ASTConverter.java:1990)
	at org.eclipse.jdt.core.dom.ASTConverter.convert(ASTConverter.java:3124)
	at org.eclipse.jdt.core.dom.ASTConverter.convert(ASTConverter.java:2268)
	at org.eclipse.jdt.core.dom.ASTConverter.convert(ASTConverter.java:3066)
	at org.eclipse.jdt.core.dom.ASTConverter.convert(ASTConverter.java:1383)
	at org.eclipse.jdt.core.dom.ASTConverter.convert(ASTConverter.java:3042)
	at org.eclipse.jdt.core.dom.ASTConverter.convert(ASTConverter.java:3533)
	at org.eclipse.jdt.core.dom.ASTConverter.convert(ASTConverter.java:3116)
	at org.eclipse.jdt.core.dom.ASTConverter.convert(ASTConverter.java:751)
	at org.eclipse.jdt.core.dom.ASTConverter.buildBodyDeclarations(ASTConverter.java:208)
	at org.eclipse.jdt.core.dom.ASTConverter.convert(ASTConverter.java:3419)
	at org.eclipse.jdt.core.dom.ASTConverter.convert(ASTConverter.java:1534)
	at org.eclipse.jdt.core.dom.CompilationUnitResolver.convert(CompilationUnitResolver.java:344)
	at org.eclipse.jdt.core.dom.ASTParser.internalCreateAST(ASTParser.java:1272)
	at org.eclipse.jdt.core.dom.ASTParser.createAST(ASTParser.java:868)
	at org.eclipse.jdt.core.manipulation.CoreASTProvider$1.run(CoreASTProvider.java:294)
	at org.eclipse.core.runtime.SafeRunner.run(SafeRunner.java:45)
	at org.eclipse.jdt.core.manipulation.CoreASTProvider.createAST(CoreASTProvider.java:286)
	at org.eclipse.jdt.core.manipulation.CoreASTProvider.getAST(CoreASTProvider.java:199)
	at org.eclipse.jdt.core.manipulation.SharedASTProviderCore.getAST(SharedASTProviderCore.java:138)
	at org.eclipse.jdt.internal.ui.viewsupport.SelectionListenerWithASTManager$PartListenerGroup.calculateASTandInform(SelectionListenerWithASTManager.java:166)
	at org.eclipse.jdt.internal.ui.viewsupport.SelectionListenerWithASTManager$PartListenerGroup$1.run(SelectionListenerWithASTManager.java:151)
	at org.eclipse.core.internal.jobs.Worker.run(Worker.java:63)

!ENTRY org.eclipse.jdt.core 4 4 2025-04-12 16:42:50.973
!MESSAGE Exception occurred during compilation unit conversion:
----------------------------------- SOURCE BEGIN -------------------------------------
package _250412;

import java.util.ArrayList;

public class 콜라츠_수열_만들기 {

	public static void main(String[] args) {
		// TODO Auto-generated method stub
		int n =10;
		ArrayList<Integer> answer = new ArrayList<>();
//		int index =0;
//		answer.add(index,n);
//		  index++;
//		if(answer.get(index-1)%2==0) {
//			    answer.add(answer.get(index-1)/2);
//			    index++;
//		}else {
//			answer.add( (3 * answer.get(index-1)) + 1);
//			  index++;
//		}
//		
//		System.out.println(answer);
		
		while(n==1) {
			if(n%2==0) {
				 n/2
			}else {
				
			}
			
		}
	}

}

----------------------------------- SOURCE END -------------------------------------
!STACK 0
java.lang.IllegalArgumentException
	at org.eclipse.jdt.core.dom.InfixExpression.setOperator(InfixExpression.java:383)
	at org.eclipse.jdt.core.dom.ASTConverter.convert(ASTConverter.java:1287)
	at org.eclipse.jdt.core.dom.ASTConverter.convert(ASTConverter.java:2047)
	at org.eclipse.jdt.core.dom.ASTConverter.convertToParenthesizedExpression(ASTConverter.java:3882)
	at org.eclipse.jdt.core.dom.ASTConverter.convert(ASTConverter.java:1953)
	at org.eclipse.jdt.core.dom.ASTConverter.convert(ASTConverter.java:1204)
	at org.eclipse.jdt.core.dom.ASTConverter.convert(ASTConverter.java:1990)
	at org.eclipse.jdt.core.dom.ASTConverter.convert(ASTConverter.java:3124)
	at org.eclipse.jdt.core.dom.ASTConverter.convert(ASTConverter.java:2268)
	at org.eclipse.jdt.core.dom.ASTConverter.convert(ASTConverter.java:3066)
	at org.eclipse.jdt.core.dom.ASTConverter.convert(ASTConverter.java:1383)
	at org.eclipse.jdt.core.dom.ASTConverter.convert(ASTConverter.java:3042)
	at org.eclipse.jdt.core.dom.ASTConverter.convert(ASTConverter.java:3533)
	at org.eclipse.jdt.core.dom.ASTConverter.convert(ASTConverter.java:3116)
	at org.eclipse.jdt.core.dom.ASTConverter.convert(ASTConverter.java:751)
	at org.eclipse.jdt.core.dom.ASTConverter.buildBodyDeclarations(ASTConverter.java:208)
	at org.eclipse.jdt.core.dom.ASTConverter.convert(ASTConverter.java:3419)
	at org.eclipse.jdt.core.dom.ASTConverter.convert(ASTConverter.java:1534)
	at org.eclipse.jdt.core.dom.CompilationUnitResolver.convert(CompilationUnitResolver.java:344)
	at org.eclipse.jdt.core.dom.ASTParser.internalCreateAST(ASTParser.java:1272)
	at org.eclipse.jdt.core.dom.ASTParser.createAST(ASTParser.java:868)
	at org.eclipse.jdt.core.manipulation.CoreASTProvider$1.run(CoreASTProvider.java:294)
	at org.eclipse.core.runtime.SafeRunner.run(SafeRunner.java:45)
	at org.eclipse.jdt.core.manipulation.CoreASTProvider.createAST(CoreASTProvider.java:286)
	at org.eclipse.jdt.core.manipulation.CoreASTProvider.getAST(CoreASTProvider.java:199)
	at org.eclipse.jdt.core.manipulation.SharedASTProviderCore.getAST(SharedASTProviderCore.java:138)
	at org.eclipse.jdt.internal.ui.viewsupport.SelectionListenerWithASTManager$PartListenerGroup.calculateASTandInform(SelectionListenerWithASTManager.java:166)
	at org.eclipse.jdt.internal.ui.viewsupport.SelectionListenerWithASTManager$PartListenerGroup$1.run(SelectionListenerWithASTManager.java:151)
	at org.eclipse.core.internal.jobs.Worker.run(Worker.java:63)

!ENTRY org.eclipse.jdt.core.manipulation 4 2 2025-04-12 16:42:50.974
!MESSAGE Problems occurred when invoking code from plug-in: "org.eclipse.jdt.core.manipulation".
!STACK 0
java.lang.IllegalArgumentException
	at org.eclipse.jdt.core.dom.InfixExpression.setOperator(InfixExpression.java:383)
	at org.eclipse.jdt.core.dom.ASTConverter.convert(ASTConverter.java:1287)
	at org.eclipse.jdt.core.dom.ASTConverter.convert(ASTConverter.java:2047)
	at org.eclipse.jdt.core.dom.ASTConverter.convertToParenthesizedExpression(ASTConverter.java:3882)
	at org.eclipse.jdt.core.dom.ASTConverter.convert(ASTConverter.java:1953)
	at org.eclipse.jdt.core.dom.ASTConverter.convert(ASTConverter.java:1204)
	at org.eclipse.jdt.core.dom.ASTConverter.convert(ASTConverter.java:1990)
	at org.eclipse.jdt.core.dom.ASTConverter.convert(ASTConverter.java:3124)
	at org.eclipse.jdt.core.dom.ASTConverter.convert(ASTConverter.java:2268)
	at org.eclipse.jdt.core.dom.ASTConverter.convert(ASTConverter.java:3066)
	at org.eclipse.jdt.core.dom.ASTConverter.convert(ASTConverter.java:1383)
	at org.eclipse.jdt.core.dom.ASTConverter.convert(ASTConverter.java:3042)
	at org.eclipse.jdt.core.dom.ASTConverter.convert(ASTConverter.java:3533)
	at org.eclipse.jdt.core.dom.ASTConverter.convert(ASTConverter.java:3116)
	at org.eclipse.jdt.core.dom.ASTConverter.convert(ASTConverter.java:751)
	at org.eclipse.jdt.core.dom.ASTConverter.buildBodyDeclarations(ASTConverter.java:208)
	at org.eclipse.jdt.core.dom.ASTConverter.convert(ASTConverter.java:3419)
	at org.eclipse.jdt.core.dom.ASTConverter.convert(ASTConverter.java:1534)
	at org.eclipse.jdt.core.dom.CompilationUnitResolver.convert(CompilationUnitResolver.java:344)
	at org.eclipse.jdt.core.dom.ASTParser.internalCreateAST(ASTParser.java:1272)
	at org.eclipse.jdt.core.dom.ASTParser.createAST(ASTParser.java:868)
	at org.eclipse.jdt.core.manipulation.CoreASTProvider$1.run(CoreASTProvider.java:294)
	at org.eclipse.core.runtime.SafeRunner.run(SafeRunner.java:45)
	at org.eclipse.jdt.core.manipulation.CoreASTProvider.createAST(CoreASTProvider.java:286)
	at org.eclipse.jdt.core.manipulation.CoreASTProvider.getAST(CoreASTProvider.java:199)
	at org.eclipse.jdt.core.manipulation.SharedASTProviderCore.getAST(SharedASTProviderCore.java:138)
	at org.eclipse.jdt.internal.ui.viewsupport.SelectionListenerWithASTManager$PartListenerGroup.calculateASTandInform(SelectionListenerWithASTManager.java:166)
	at org.eclipse.jdt.internal.ui.viewsupport.SelectionListenerWithASTManager$PartListenerGroup$1.run(SelectionListenerWithASTManager.java:151)
	at org.eclipse.core.internal.jobs.Worker.run(Worker.java:63)

!ENTRY org.eclipse.jdt.core.manipulation 4 0 2025-04-12 16:42:50.975
!MESSAGE Error in JDT Core during AST creation
!STACK 0
java.lang.IllegalArgumentException
	at org.eclipse.jdt.core.dom.InfixExpression.setOperator(InfixExpression.java:383)
	at org.eclipse.jdt.core.dom.ASTConverter.convert(ASTConverter.java:1287)
	at org.eclipse.jdt.core.dom.ASTConverter.convert(ASTConverter.java:2047)
	at org.eclipse.jdt.core.dom.ASTConverter.convertToParenthesizedExpression(ASTConverter.java:3882)
	at org.eclipse.jdt.core.dom.ASTConverter.convert(ASTConverter.java:1953)
	at org.eclipse.jdt.core.dom.ASTConverter.convert(ASTConverter.java:1204)
	at org.eclipse.jdt.core.dom.ASTConverter.convert(ASTConverter.java:1990)
	at org.eclipse.jdt.core.dom.ASTConverter.convert(ASTConverter.java:3124)
	at org.eclipse.jdt.core.dom.ASTConverter.convert(ASTConverter.java:2268)
	at org.eclipse.jdt.core.dom.ASTConverter.convert(ASTConverter.java:3066)
	at org.eclipse.jdt.core.dom.ASTConverter.convert(ASTConverter.java:1383)
	at org.eclipse.jdt.core.dom.ASTConverter.convert(ASTConverter.java:3042)
	at org.eclipse.jdt.core.dom.ASTConverter.convert(ASTConverter.java:3533)
	at org.eclipse.jdt.core.dom.ASTConverter.convert(ASTConverter.java:3116)
	at org.eclipse.jdt.core.dom.ASTConverter.convert(ASTConverter.java:751)
	at org.eclipse.jdt.core.dom.ASTConverter.buildBodyDeclarations(ASTConverter.java:208)
	at org.eclipse.jdt.core.dom.ASTConverter.convert(ASTConverter.java:3419)
	at org.eclipse.jdt.core.dom.ASTConverter.convert(ASTConverter.java:1534)
	at org.eclipse.jdt.core.dom.CompilationUnitResolver.convert(CompilationUnitResolver.java:344)
	at org.eclipse.jdt.core.dom.ASTParser.internalCreateAST(ASTParser.java:1272)
	at org.eclipse.jdt.core.dom.ASTParser.createAST(ASTParser.java:868)
	at org.eclipse.jdt.core.manipulation.CoreASTProvider$1.run(CoreASTProvider.java:294)
	at org.eclipse.core.runtime.SafeRunner.run(SafeRunner.java:45)
	at org.eclipse.jdt.core.manipulation.CoreASTProvider.createAST(CoreASTProvider.java:286)
	at org.eclipse.jdt.core.manipulation.CoreASTProvider.getAST(CoreASTProvider.java:199)
	at org.eclipse.jdt.core.manipulation.SharedASTProviderCore.getAST(SharedASTProviderCore.java:138)
	at org.eclipse.jdt.internal.ui.viewsupport.SelectionListenerWithASTManager$PartListenerGroup.calculateASTandInform(SelectionListenerWithASTManager.java:166)
	at org.eclipse.jdt.internal.ui.viewsupport.SelectionListenerWithASTManager$PartListenerGroup$1.run(SelectionListenerWithASTManager.java:151)
	at org.eclipse.core.internal.jobs.Worker.run(Worker.java:63)

!ENTRY org.eclipse.jdt.core 4 4 2025-04-12 16:42:51.898
!MESSAGE Exception occurred during compilation unit conversion:
----------------------------------- SOURCE BEGIN -------------------------------------
package _250412;

import java.util.ArrayList;

public class 콜라츠_수열_만들기 {

	public static void main(String[] args) {
		// TODO Auto-generated method stub
		int n =10;
		ArrayList<Integer> answer = new ArrayList<>();
//		int index =0;
//		answer.add(index,n);
//		  index++;
//		if(answer.get(index-1)%2==0) {
//			    answer.add(answer.get(index-1)/2);
//			    index++;
//		}else {
//			answer.add( (3 * answer.get(index-1)) + 1);
//			  index++;
//		}
//		
//		System.out.println(answer);
		
		while(n==1) {
			if(n%2==0) {
				 n/2
			}else {
				
			}
			
		}
	}

}

----------------------------------- SOURCE END -------------------------------------
!STACK 0
java.lang.IllegalArgumentException
	at org.eclipse.jdt.core.dom.InfixExpression.setOperator(InfixExpression.java:383)
	at org.eclipse.jdt.core.dom.ASTConverter.convert(ASTConverter.java:1287)
	at org.eclipse.jdt.core.dom.ASTConverter.convert(ASTConverter.java:2047)
	at org.eclipse.jdt.core.dom.ASTConverter.convertToParenthesizedExpression(ASTConverter.java:3882)
	at org.eclipse.jdt.core.dom.ASTConverter.convert(ASTConverter.java:1953)
	at org.eclipse.jdt.core.dom.ASTConverter.convert(ASTConverter.java:1204)
	at org.eclipse.jdt.core.dom.ASTConverter.convert(ASTConverter.java:1990)
	at org.eclipse.jdt.core.dom.ASTConverter.convert(ASTConverter.java:3124)
	at org.eclipse.jdt.core.dom.ASTConverter.convert(ASTConverter.java:2268)
	at org.eclipse.jdt.core.dom.ASTConverter.convert(ASTConverter.java:3066)
	at org.eclipse.jdt.core.dom.ASTConverter.convert(ASTConverter.java:1383)
	at org.eclipse.jdt.core.dom.ASTConverter.convert(ASTConverter.java:3042)
	at org.eclipse.jdt.core.dom.ASTConverter.convert(ASTConverter.java:3533)
	at org.eclipse.jdt.core.dom.ASTConverter.convert(ASTConverter.java:3116)
	at org.eclipse.jdt.core.dom.ASTConverter.convert(ASTConverter.java:751)
	at org.eclipse.jdt.core.dom.ASTConverter.buildBodyDeclarations(ASTConverter.java:208)
	at org.eclipse.jdt.core.dom.ASTConverter.convert(ASTConverter.java:3419)
	at org.eclipse.jdt.core.dom.ASTConverter.convert(ASTConverter.java:1534)
	at org.eclipse.jdt.core.dom.CompilationUnitResolver.convert(CompilationUnitResolver.java:344)
	at org.eclipse.jdt.core.dom.ASTParser.internalCreateAST(ASTParser.java:1272)
	at org.eclipse.jdt.core.dom.ASTParser.createAST(ASTParser.java:868)
	at org.eclipse.jdt.core.manipulation.CoreASTProvider$1.run(CoreASTProvider.java:294)
	at org.eclipse.core.runtime.SafeRunner.run(SafeRunner.java:45)
	at org.eclipse.jdt.core.manipulation.CoreASTProvider.createAST(CoreASTProvider.java:286)
	at org.eclipse.jdt.core.manipulation.CoreASTProvider.getAST(CoreASTProvider.java:199)
	at org.eclipse.jdt.core.manipulation.SharedASTProviderCore.getAST(SharedASTProviderCore.java:138)
	at org.eclipse.jdt.internal.ui.viewsupport.SelectionListenerWithASTManager$PartListenerGroup.calculateASTandInform(SelectionListenerWithASTManager.java:166)
	at org.eclipse.jdt.internal.ui.viewsupport.SelectionListenerWithASTManager$PartListenerGroup$1.run(SelectionListenerWithASTManager.java:151)
	at org.eclipse.core.internal.jobs.Worker.run(Worker.java:63)

!ENTRY org.eclipse.jdt.core.manipulation 4 2 2025-04-12 16:42:51.899
!MESSAGE Problems occurred when invoking code from plug-in: "org.eclipse.jdt.core.manipulation".
!STACK 0
java.lang.IllegalArgumentException
	at org.eclipse.jdt.core.dom.InfixExpression.setOperator(InfixExpression.java:383)
	at org.eclipse.jdt.core.dom.ASTConverter.convert(ASTConverter.java:1287)
	at org.eclipse.jdt.core.dom.ASTConverter.convert(ASTConverter.java:2047)
	at org.eclipse.jdt.core.dom.ASTConverter.convertToParenthesizedExpression(ASTConverter.java:3882)
	at org.eclipse.jdt.core.dom.ASTConverter.convert(ASTConverter.java:1953)
	at org.eclipse.jdt.core.dom.ASTConverter.convert(ASTConverter.java:1204)
	at org.eclipse.jdt.core.dom.ASTConverter.convert(ASTConverter.java:1990)
	at org.eclipse.jdt.core.dom.ASTConverter.convert(ASTConverter.java:3124)
	at org.eclipse.jdt.core.dom.ASTConverter.convert(ASTConverter.java:2268)
	at org.eclipse.jdt.core.dom.ASTConverter.convert(ASTConverter.java:3066)
	at org.eclipse.jdt.core.dom.ASTConverter.convert(ASTConverter.java:1383)
	at org.eclipse.jdt.core.dom.ASTConverter.convert(ASTConverter.java:3042)
	at org.eclipse.jdt.core.dom.ASTConverter.convert(ASTConverter.java:3533)
	at org.eclipse.jdt.core.dom.ASTConverter.convert(ASTConverter.java:3116)
	at org.eclipse.jdt.core.dom.ASTConverter.convert(ASTConverter.java:751)
	at org.eclipse.jdt.core.dom.ASTConverter.buildBodyDeclarations(ASTConverter.java:208)
	at org.eclipse.jdt.core.dom.ASTConverter.convert(ASTConverter.java:3419)
	at org.eclipse.jdt.core.dom.ASTConverter.convert(ASTConverter.java:1534)
	at org.eclipse.jdt.core.dom.CompilationUnitResolver.convert(CompilationUnitResolver.java:344)
	at org.eclipse.jdt.core.dom.ASTParser.internalCreateAST(ASTParser.java:1272)
	at org.eclipse.jdt.core.dom.ASTParser.createAST(ASTParser.java:868)
	at org.eclipse.jdt.core.manipulation.CoreASTProvider$1.run(CoreASTProvider.java:294)
	at org.eclipse.core.runtime.SafeRunner.run(SafeRunner.java:45)
	at org.eclipse.jdt.core.manipulation.CoreASTProvider.createAST(CoreASTProvider.java:286)
	at org.eclipse.jdt.core.manipulation.CoreASTProvider.getAST(CoreASTProvider.java:199)
	at org.eclipse.jdt.core.manipulation.SharedASTProviderCore.getAST(SharedASTProviderCore.java:138)
	at org.eclipse.jdt.internal.ui.viewsupport.SelectionListenerWithASTManager$PartListenerGroup.calculateASTandInform(SelectionListenerWithASTManager.java:166)
	at org.eclipse.jdt.internal.ui.viewsupport.SelectionListenerWithASTManager$PartListenerGroup$1.run(SelectionListenerWithASTManager.java:151)
	at org.eclipse.core.internal.jobs.Worker.run(Worker.java:63)

!ENTRY org.eclipse.jdt.core.manipulation 4 0 2025-04-12 16:42:51.900
!MESSAGE Error in JDT Core during AST creation
!STACK 0
java.lang.IllegalArgumentException
	at org.eclipse.jdt.core.dom.InfixExpression.setOperator(InfixExpression.java:383)
	at org.eclipse.jdt.core.dom.ASTConverter.convert(ASTConverter.java:1287)
	at org.eclipse.jdt.core.dom.ASTConverter.convert(ASTConverter.java:2047)
	at org.eclipse.jdt.core.dom.ASTConverter.convertToParenthesizedExpression(ASTConverter.java:3882)
	at org.eclipse.jdt.core.dom.ASTConverter.convert(ASTConverter.java:1953)
	at org.eclipse.jdt.core.dom.ASTConverter.convert(ASTConverter.java:1204)
	at org.eclipse.jdt.core.dom.ASTConverter.convert(ASTConverter.java:1990)
	at org.eclipse.jdt.core.dom.ASTConverter.convert(ASTConverter.java:3124)
	at org.eclipse.jdt.core.dom.ASTConverter.convert(ASTConverter.java:2268)
	at org.eclipse.jdt.core.dom.ASTConverter.convert(ASTConverter.java:3066)
	at org.eclipse.jdt.core.dom.ASTConverter.convert(ASTConverter.java:1383)
	at org.eclipse.jdt.core.dom.ASTConverter.convert(ASTConverter.java:3042)
	at org.eclipse.jdt.core.dom.ASTConverter.convert(ASTConverter.java:3533)
	at org.eclipse.jdt.core.dom.ASTConverter.convert(ASTConverter.java:3116)
	at org.eclipse.jdt.core.dom.ASTConverter.convert(ASTConverter.java:751)
	at org.eclipse.jdt.core.dom.ASTConverter.buildBodyDeclarations(ASTConverter.java:208)
	at org.eclipse.jdt.core.dom.ASTConverter.convert(ASTConverter.java:3419)
	at org.eclipse.jdt.core.dom.ASTConverter.convert(ASTConverter.java:1534)
	at org.eclipse.jdt.core.dom.CompilationUnitResolver.convert(CompilationUnitResolver.java:344)
	at org.eclipse.jdt.core.dom.ASTParser.internalCreateAST(ASTParser.java:1272)
	at org.eclipse.jdt.core.dom.ASTParser.createAST(ASTParser.java:868)
	at org.eclipse.jdt.core.manipulation.CoreASTProvider$1.run(CoreASTProvider.java:294)
	at org.eclipse.core.runtime.SafeRunner.run(SafeRunner.java:45)
	at org.eclipse.jdt.core.manipulation.CoreASTProvider.createAST(CoreASTProvider.java:286)
	at org.eclipse.jdt.core.manipulation.CoreASTProvider.getAST(CoreASTProvider.java:199)
	at org.eclipse.jdt.core.manipulation.SharedASTProviderCore.getAST(SharedASTProviderCore.java:138)
	at org.eclipse.jdt.internal.ui.viewsupport.SelectionListenerWithASTManager$PartListenerGroup.calculateASTandInform(SelectionListenerWithASTManager.java:166)
	at org.eclipse.jdt.internal.ui.viewsupport.SelectionListenerWithASTManager$PartListenerGroup$1.run(SelectionListenerWithASTManager.java:151)
	at org.eclipse.core.internal.jobs.Worker.run(Worker.java:63)

!ENTRY org.eclipse.jdt.core 4 4 2025-04-12 17:43:35.662
!MESSAGE Exception occurred during compilation unit conversion:
----------------------------------- SOURCE BEGIN -------------------------------------
package _250412;

import java.util.ArrayList;

public class 배열_만들기_4 {

	public static void main(String[] args) {
		// TODO Auto-generated method stub
		
//변수 i를 만들어 초기값을 0으로 설정한 후 i가 arr의 길이보다 작으면 다음 작업을 반복합니다.
//만약 stk가 빈 배열이라면 arr[i]를 stk에 추가하고 i에 1을 더합니다.
//stk에 원소가 있고, stk의 마지막 원소가 arr[i]보다 작으면 arr[i]를 stk의 뒤에 추가하고 i에 1을 더합니다.
//stk에 원소가 있는데 stk의 마지막 원소가 arr[i]보다 크거나 같으면 stk의 마지막 원소를 stk에서 제거합니다.
		int[] arr = {1, 4, 2, 5, 3};
		ArrayList<Integer> answer = new ArrayList<>();
		
//		int i =0;
			
//			if(answer.size()==0) {
//				answer.add(arr[i]);
//				i++;
//				
//				System.out.println(answer.get(answer.size()-1));
//			}else if(answer.get(answer.size()-1)<arr[i]) {
//				
//				answer.add(arr[i]);
//				i++;
//			}else if(answer.get(answer.size()-1)>=arr[i]) {
//				answer.remove(answer.size()-1);
//			}
//			
//		System.out.println(answer);
		
//		if(answer.size()==0) {
//			answer.add(arr[i]);
//			i++;
//		}
		
		
		for(int i = 0; i<arr.length; i++) {
			if(answer.size()==0) {
				answer.add(arr[i]);
			}
			(answer.get(answer.size()-1)<arr[i]) {

				answer.add(arr[i]);
			}else if(answer.get(answer.size()-1)>=arr[i]) {
				answer.remove(answer.get(answer.size()-1));
				i--;
			}	
		}
		
		
		
		System.out.println(answer);
		}

}

----------------------------------- SOURCE END -------------------------------------
!STACK 0
java.lang.IllegalArgumentException
	at org.eclipse.jdt.core.dom.InfixExpression.setOperator(InfixExpression.java:383)
	at org.eclipse.jdt.core.dom.ASTConverter.convert(ASTConverter.java:1287)
	at org.eclipse.jdt.core.dom.ASTConverter.convert(ASTConverter.java:2047)
	at org.eclipse.jdt.core.dom.ASTConverter.convertToParenthesizedExpression(ASTConverter.java:3882)
	at org.eclipse.jdt.core.dom.ASTConverter.convert(ASTConverter.java:1953)
	at org.eclipse.jdt.core.dom.ASTConverter.convert(ASTConverter.java:1204)
	at org.eclipse.jdt.core.dom.ASTConverter.convert(ASTConverter.java:1990)
	at org.eclipse.jdt.core.dom.ASTConverter.convert(ASTConverter.java:3124)
	at org.eclipse.jdt.core.dom.ASTConverter.convert(ASTConverter.java:1383)
	at org.eclipse.jdt.core.dom.ASTConverter.convert(ASTConverter.java:3042)
	at org.eclipse.jdt.core.dom.ASTConverter.convert(ASTConverter.java:2220)
	at org.eclipse.jdt.core.dom.ASTConverter.convert(ASTConverter.java:3063)
	at org.eclipse.jdt.core.dom.ASTConverter.convert(ASTConverter.java:751)
	at org.eclipse.jdt.core.dom.ASTConverter.buildBodyDeclarations(ASTConverter.java:208)
	at org.eclipse.jdt.core.dom.ASTConverter.convert(ASTConverter.java:3419)
	at org.eclipse.jdt.core.dom.ASTConverter.convert(ASTConverter.java:1534)
	at org.eclipse.jdt.core.dom.AST.convertCompilationUnit(AST.java:561)
	at org.eclipse.jdt.internal.core.CompilationUnit.buildStructure(CompilationUnit.java:201)
	at org.eclipse.jdt.internal.core.Openable.generateInfos(Openable.java:266)
	at org.eclipse.jdt.internal.core.JavaElement.openWhenClosed(JavaElement.java:597)
	at org.eclipse.jdt.internal.core.CompilationUnit.makeConsistent(CompilationUnit.java:1148)
	at org.eclipse.jdt.internal.core.ReconcileWorkingCopyOperation.makeConsistent(ReconcileWorkingCopyOperation.java:173)
	at org.eclipse.jdt.internal.core.ReconcileWorkingCopyOperation.executeOperation(ReconcileWorkingCopyOperation.java:94)
	at org.eclipse.jdt.internal.core.JavaModelOperation.run(JavaModelOperation.java:740)
	at org.eclipse.jdt.internal.core.JavaModelOperation.runOperation(JavaModelOperation.java:806)
	at org.eclipse.jdt.internal.core.CompilationUnit.reconcile(CompilationUnit.java:1325)
	at org.eclipse.jdt.internal.ui.text.java.JavaReconcilingStrategy.reconcile(JavaReconcilingStrategy.java:132)
	at org.eclipse.jdt.internal.ui.text.java.JavaReconcilingStrategy$1.run(JavaReconcilingStrategy.java:94)
	at org.eclipse.core.runtime.SafeRunner.run(SafeRunner.java:45)
	at org.eclipse.jdt.internal.ui.text.java.JavaReconcilingStrategy.reconcile(JavaReconcilingStrategy.java:91)
	at org.eclipse.jdt.internal.ui.text.java.JavaReconcilingStrategy.reconcile(JavaReconcilingStrategy.java:158)
	at org.eclipse.jdt.internal.ui.text.CompositeReconcilingStrategy.reconcile(CompositeReconcilingStrategy.java:94)
	at org.eclipse.jdt.internal.ui.text.JavaCompositeReconcilingStrategy.reconcile(JavaCompositeReconcilingStrategy.java:107)
	at org.eclipse.jface.text.reconciler.MonoReconciler.process(MonoReconciler.java:78)
	at org.eclipse.jface.text.reconciler.AbstractReconciler$BackgroundThread.run(AbstractReconciler.java:207)

!ENTRY org.eclipse.jdt.ui 4 2 2025-04-12 17:43:35.664
!MESSAGE Problems occurred when invoking code from plug-in: "org.eclipse.jdt.ui".
!STACK 0
java.lang.IllegalArgumentException
	at org.eclipse.jdt.core.dom.InfixExpression.setOperator(InfixExpression.java:383)
	at org.eclipse.jdt.core.dom.ASTConverter.convert(ASTConverter.java:1287)
	at org.eclipse.jdt.core.dom.ASTConverter.convert(ASTConverter.java:2047)
	at org.eclipse.jdt.core.dom.ASTConverter.convertToParenthesizedExpression(ASTConverter.java:3882)
	at org.eclipse.jdt.core.dom.ASTConverter.convert(ASTConverter.java:1953)
	at org.eclipse.jdt.core.dom.ASTConverter.convert(ASTConverter.java:1204)
	at org.eclipse.jdt.core.dom.ASTConverter.convert(ASTConverter.java:1990)
	at org.eclipse.jdt.core.dom.ASTConverter.convert(ASTConverter.java:3124)
	at org.eclipse.jdt.core.dom.ASTConverter.convert(ASTConverter.java:1383)
	at org.eclipse.jdt.core.dom.ASTConverter.convert(ASTConverter.java:3042)
	at org.eclipse.jdt.core.dom.ASTConverter.convert(ASTConverter.java:2220)
	at org.eclipse.jdt.core.dom.ASTConverter.convert(ASTConverter.java:3063)
	at org.eclipse.jdt.core.dom.ASTConverter.convert(ASTConverter.java:751)
	at org.eclipse.jdt.core.dom.ASTConverter.buildBodyDeclarations(ASTConverter.java:208)
	at org.eclipse.jdt.core.dom.ASTConverter.convert(ASTConverter.java:3419)
	at org.eclipse.jdt.core.dom.ASTConverter.convert(ASTConverter.java:1534)
	at org.eclipse.jdt.core.dom.AST.convertCompilationUnit(AST.java:561)
	at org.eclipse.jdt.internal.core.CompilationUnit.buildStructure(CompilationUnit.java:201)
	at org.eclipse.jdt.internal.core.Openable.generateInfos(Openable.java:266)
	at org.eclipse.jdt.internal.core.JavaElement.openWhenClosed(JavaElement.java:597)
	at org.eclipse.jdt.internal.core.CompilationUnit.makeConsistent(CompilationUnit.java:1148)
	at org.eclipse.jdt.internal.core.ReconcileWorkingCopyOperation.makeConsistent(ReconcileWorkingCopyOperation.java:173)
	at org.eclipse.jdt.internal.core.ReconcileWorkingCopyOperation.executeOperation(ReconcileWorkingCopyOperation.java:94)
	at org.eclipse.jdt.internal.core.JavaModelOperation.run(JavaModelOperation.java:740)
	at org.eclipse.jdt.internal.core.JavaModelOperation.runOperation(JavaModelOperation.java:806)
	at org.eclipse.jdt.internal.core.CompilationUnit.reconcile(CompilationUnit.java:1325)
	at org.eclipse.jdt.internal.ui.text.java.JavaReconcilingStrategy.reconcile(JavaReconcilingStrategy.java:132)
	at org.eclipse.jdt.internal.ui.text.java.JavaReconcilingStrategy$1.run(JavaReconcilingStrategy.java:94)
	at org.eclipse.core.runtime.SafeRunner.run(SafeRunner.java:45)
	at org.eclipse.jdt.internal.ui.text.java.JavaReconcilingStrategy.reconcile(JavaReconcilingStrategy.java:91)
	at org.eclipse.jdt.internal.ui.text.java.JavaReconcilingStrategy.reconcile(JavaReconcilingStrategy.java:158)
	at org.eclipse.jdt.internal.ui.text.CompositeReconcilingStrategy.reconcile(CompositeReconcilingStrategy.java:94)
	at org.eclipse.jdt.internal.ui.text.JavaCompositeReconcilingStrategy.reconcile(JavaCompositeReconcilingStrategy.java:107)
	at org.eclipse.jface.text.reconciler.MonoReconciler.process(MonoReconciler.java:78)
	at org.eclipse.jface.text.reconciler.AbstractReconciler$BackgroundThread.run(AbstractReconciler.java:207)

!ENTRY org.eclipse.jdt.ui 4 0 2025-04-12 17:43:35.665
!MESSAGE Error in JDT Core during reconcile
!STACK 0
java.lang.IllegalArgumentException
	at org.eclipse.jdt.core.dom.InfixExpression.setOperator(InfixExpression.java:383)
	at org.eclipse.jdt.core.dom.ASTConverter.convert(ASTConverter.java:1287)
	at org.eclipse.jdt.core.dom.ASTConverter.convert(ASTConverter.java:2047)
	at org.eclipse.jdt.core.dom.ASTConverter.convertToParenthesizedExpression(ASTConverter.java:3882)
	at org.eclipse.jdt.core.dom.ASTConverter.convert(ASTConverter.java:1953)
	at org.eclipse.jdt.core.dom.ASTConverter.convert(ASTConverter.java:1204)
	at org.eclipse.jdt.core.dom.ASTConverter.convert(ASTConverter.java:1990)
	at org.eclipse.jdt.core.dom.ASTConverter.convert(ASTConverter.java:3124)
	at org.eclipse.jdt.core.dom.ASTConverter.convert(ASTConverter.java:1383)
	at org.eclipse.jdt.core.dom.ASTConverter.convert(ASTConverter.java:3042)
	at org.eclipse.jdt.core.dom.ASTConverter.convert(ASTConverter.java:2220)
	at org.eclipse.jdt.core.dom.ASTConverter.convert(ASTConverter.java:3063)
	at org.eclipse.jdt.core.dom.ASTConverter.convert(ASTConverter.java:751)
	at org.eclipse.jdt.core.dom.ASTConverter.buildBodyDeclarations(ASTConverter.java:208)
	at org.eclipse.jdt.core.dom.ASTConverter.convert(ASTConverter.java:3419)
	at org.eclipse.jdt.core.dom.ASTConverter.convert(ASTConverter.java:1534)
	at org.eclipse.jdt.core.dom.AST.convertCompilationUnit(AST.java:561)
	at org.eclipse.jdt.internal.core.CompilationUnit.buildStructure(CompilationUnit.java:201)
	at org.eclipse.jdt.internal.core.Openable.generateInfos(Openable.java:266)
	at org.eclipse.jdt.internal.core.JavaElement.openWhenClosed(JavaElement.java:597)
	at org.eclipse.jdt.internal.core.CompilationUnit.makeConsistent(CompilationUnit.java:1148)
	at org.eclipse.jdt.internal.core.ReconcileWorkingCopyOperation.makeConsistent(ReconcileWorkingCopyOperation.java:173)
	at org.eclipse.jdt.internal.core.ReconcileWorkingCopyOperation.executeOperation(ReconcileWorkingCopyOperation.java:94)
	at org.eclipse.jdt.internal.core.JavaModelOperation.run(JavaModelOperation.java:740)
	at org.eclipse.jdt.internal.core.JavaModelOperation.runOperation(JavaModelOperation.java:806)
	at org.eclipse.jdt.internal.core.CompilationUnit.reconcile(CompilationUnit.java:1325)
	at org.eclipse.jdt.internal.ui.text.java.JavaReconcilingStrategy.reconcile(JavaReconcilingStrategy.java:132)
	at org.eclipse.jdt.internal.ui.text.java.JavaReconcilingStrategy$1.run(JavaReconcilingStrategy.java:94)
	at org.eclipse.core.runtime.SafeRunner.run(SafeRunner.java:45)
	at org.eclipse.jdt.internal.ui.text.java.JavaReconcilingStrategy.reconcile(JavaReconcilingStrategy.java:91)
	at org.eclipse.jdt.internal.ui.text.java.JavaReconcilingStrategy.reconcile(JavaReconcilingStrategy.java:158)
	at org.eclipse.jdt.internal.ui.text.CompositeReconcilingStrategy.reconcile(CompositeReconcilingStrategy.java:94)
	at org.eclipse.jdt.internal.ui.text.JavaCompositeReconcilingStrategy.reconcile(JavaCompositeReconcilingStrategy.java:107)
	at org.eclipse.jface.text.reconciler.MonoReconciler.process(MonoReconciler.java:78)
	at org.eclipse.jface.text.reconciler.AbstractReconciler$BackgroundThread.run(AbstractReconciler.java:207)
